-- phpMyAdmin SQL Dump
-- version 5.0.2
-- https://www.phpmyadmin.net/
--
-- Hôte : 127.0.0.1
-- Généré le : mer. 27 jan. 2021 à 20:11
-- Version du serveur :  10.4.13-MariaDB
-- Version de PHP : 7.3.19

SET SQL_MODE = "NO_AUTO_VALUE_ON_ZERO";
START TRANSACTION;
SET time_zone = "+00:00";


/*!40101 SET @OLD_CHARACTER_SET_CLIENT=@@CHARACTER_SET_CLIENT */;
/*!40101 SET @OLD_CHARACTER_SET_RESULTS=@@CHARACTER_SET_RESULTS */;
/*!40101 SET @OLD_COLLATION_CONNECTION=@@COLLATION_CONNECTION */;
/*!40101 SET NAMES utf8mb4 */;

--
-- Base de données : `tracadev`
--

-- --------------------------------------------------------

--
-- Structure de la table `listedesproduits`
--

CREATE TABLE `listedesproduits` (
  `ID` int(11) NOT NULL,
  `ARTICLE` int(11) NOT NULL,
  `DESIGNATION` text NOT NULL,
  `DUREE DE VIE` time NOT NULL COMMENT 'en heure'
) ENGINE=InnoDB DEFAULT CHARSET=utf8mb4;

-- --------------------------------------------------------

--
-- Structure de la table `t_controltool_type`
--

CREATE TABLE `t_controltool_type` (
  `ID` int(11) NOT NULL,
  `TYPE` text NOT NULL COMMENT 'Type d''outil de contrôle',
  `SECTEUR` int(11) NOT NULL
) ENGINE=InnoDB DEFAULT CHARSET=utf8mb4;

--
-- Déchargement des données de la table `t_controltool_type`
--

INSERT INTO `t_controltool_type` (`ID`, `TYPE`, `SECTEUR`) VALUES
(1, 'Balance', 3),
(2, 'Cle de torquage', 3),
(3, 'Comparateur', 3),
(4, 'Comparateur balancing', 3),
(5, 'Diatest 100deg', 3),
(6, 'Diatest 130deg', 3),
(7, 'GO/NOGO Chanfrein', 3),
(8, 'GO/NOGO SPINDLE', 3),
(9, 'Malaxeur Hysol', 3),
(10, 'Malaxeur PR', 3),
(11, 'Palmer 0-25mm', 3),
(12, 'Pied a coulisse', 3),
(13, 'Tampon Boule 5.588-7.112', 3),
(14, 'Tampon Lisse Dble .164-.167', 3),
(15, 'Tampon Lisse Dble .098-.103', 3),
(16, 'Tampon Lisse Dble .129-.132', 3),
(17, 'Tampon Lisse Dble .165-.168', 3),
(18, 'Tampon Lisse Dble .190-.193', 3),
(19, 'Tampon Lisse Dble .199-.202', 3),
(20, 'Tampon Lisse Dble .220-.224', 3),
(21, 'Tampon Lisse Dble .250-.253', 3),
(22, 'Tampon Lisse Dble .3125-.3155', 3),
(23, 'Tournevis 4-20 cNm', 3),
(24, 'Visseuse 20V', 3),
(25, 'Visseuse épingles pneumatique', 3),
(26, 'Visuel', 3);

-- --------------------------------------------------------

--
-- Structure de la table `t_ecme`
--

CREATE TABLE `t_ecme` (
  `ID` int(11) NOT NULL,
  `TYPE_ID` int(11) NOT NULL,
  `REFERENCE` varchar(14) DEFAULT NULL,
  `DATE FIN VALIDITE` varchar(10) DEFAULT NULL
) ENGINE=InnoDB DEFAULT CHARSET=utf8 COMMENT='Table issue du fichier de J. DEYNA';

--
-- Déchargement des données de la table `t_ecme`
--

INSERT INTO `t_ecme` (`ID`, `TYPE_ID`, `REFERENCE`, `DATE FIN VALIDITE`) VALUES
(1, 3, '931-5-1-3-0167', '29/08/2021'),
(2, 3, '931-5-1-3-0168', '29/08/2021'),
(3, 3, '931-5-1-3-0169', '29/08/2021'),
(4, 3, '931-5-1-3-0171', '29/08/2021'),
(5, 3, '931-5-1-3-0240', '16/10/2021'),
(6, 3, '931-5-1-3-0241', '17/10/2021'),
(7, 3, '931-5-1-3-0242', '17/10/2021'),
(8, 3, '931-5-1-3-0243', '16/10/2021'),
(9, 3, '931-5-1-3-0244', '16/10/2021'),
(10, 3, '931-5-1-2-0059', '05/06/2020'),
(11, 3, '931-5-1-3-0117', '14/02/2021'),
(12, 3, '931-4-3-1-0146', '28/02/2021'),
(13, 4, '931-5-1-3-0225', '14/08/2021'),
(14, 4, '931-5-1-3-0226', '14/08/2021'),
(15, 4, '931-5-1-3-0227', '14/08/2021'),
(16, 4, '931-5-1-3-0228', '14/08/2021'),
(17, 4, '931-5-1-3-0229', '14/08/2021'),
(18, 4, '931-5-1-3-0230', '14/08/2021'),
(19, 4, '931-5-1-3-0231', '14/08/2021'),
(20, 4, '931-5-1-3-0232', '14/08/2021'),
(21, 4, '931-5-1-3-0245', '24/12/2021'),
(22, 4, '931-5-1-3-0246', '23/12/2021'),
(23, 4, '931-5-1-3-0247', '23/12/2021'),
(24, 4, '931-5-1-3-0248', '23/12/2021'),
(25, 4, '931-5-1-3-0249', '23/12/2021'),
(26, 4, '931-5-1-3-0250', '23/12/2021'),
(27, 4, '931-5-1-3-0251', '24/12/2021'),
(28, 4, '931-5-1-3-0266', '05/10/2022'),
(29, 11, '931-4-3-1-0134', '10/07/2021'),
(30, 11, '931-4-3-1-0135', '10/07/2021'),
(31, 12, '931-4-2-1-0148', '18/08/2022'),
(32, 12, '931-4-2-1-0328', '22/01/2022'),
(33, 12, '931-4-2-1-0334', '22/01/2022'),
(34, 12, '931-4-2-1-0327', '22/01/2022'),
(35, 12, '931-4-2-1-0329', '22/01/2022'),
(36, 12, '931-4-2-1-0331', '22/01/2022'),
(37, 12, '931-4-2-1-0333', '22/01/2022'),
(38, 12, '931-4-2-1-0168', '27/02/2022'),
(39, 12, '931-4-2-1-0330', '22/01/2022'),
(40, 5, '931-5-1-3-0258', '01/06/2022'),
(41, 5, '931-5-1-2-0096', '01/01/2022'),
(42, 6, '931-5-1-2-0095', '01/01/2022'),
(43, 6, '931-5-1-3-0192', '19/02/2022'),
(44, 6, '931-5-1-3-0259', '01/06/2022'),
(45, 24, '931-1-8-1-0269', '25/02/2021'),
(46, 24, '931-1-8-1-0248', '23/12/2020'),
(47, 23, '933-1-4-4-0026', '27/02/2021'),
(48, 23, '933-1-4-4-0025', '18/02/2021'),
(49, 2, '933-1-4-1-0244', '28/11/2020'),
(50, 1, '933-1-2-3-0050', '08/09/2021'),
(51, 1, '933-1-2-3-0113', '09/07/2021'),
(52, 25, '931-1-8-1-0240', '09/01/2021'),
(53, 25, '931-1-8-1-0268', '13/11/2020'),
(54, 10, '935-3-3-3-0008', '03/02/2021'),
(55, 9, '935-3-3-3-0017', '29/10/2021'),
(56, 13, '937-7-6-1-0250', '01/07/2021'),
(57, 13, '937-7-6-1-0249', '01/07/2021'),
(58, 15, '931-3-5-1-0396', '23/12/2022'),
(59, 15, '931-3-5-1-0253', '09/01/2021'),
(60, 15, '931-3-5-1-0418', '16/03/2023'),
(61, 16, '931-3-5-1-0403', '23/12/2022'),
(62, 16, '931-3-5-1-0251', '09/01/2021'),
(63, 16, '931-3-5-1-0419', '16/03/2023'),
(64, 14, '931-3-5-1-0404', '23/12/2022'),
(65, 14, '931-3-5-1-0256', '09/01/2021'),
(66, 14, '931-3-5-1-0420', '16/03/2023'),
(67, 17, '931-3-5-1-0400', '23/12/2022'),
(68, 17, '931-3-5-1-0247', '09/01/2021'),
(69, 17, '931-3-5-1-0421', '16/03/2023'),
(70, 18, '931-3-5-1-0399', '23/12/2022'),
(71, 18, '931-3-5-1-0245', '09/01/2021'),
(72, 18, '931-3-5-1-0422', '16/03/2023'),
(73, 19, '931-3-5-1-0397', '23/12/2022'),
(74, 19, '931-3-5-1-0244', '09/01/2021'),
(75, 19, '931-3-5-1-0423', '16/03/2023'),
(76, 20, '931-3-5-1-0401', '23/12/2022'),
(77, 20, '931-3-5-1-0240', '09/01/2021'),
(78, 20, '931-3-5-1-0424', '16/03/2023'),
(79, 21, '931-3-5-1-0398', '23/12/2022'),
(80, 21, '931-3-5-1-0238', '09/01/2021'),
(81, 21, '931-3-5-1-0425', '16/03/2023'),
(82, 21, '931-3-5-1-0402', '23/12/2022'),
(83, 21, '931-3-5-1-0426', '16/03/2023'),
(84, 8, '937-7-6-1-0001', '20/05/2021'),
(85, 8, '937-7-6-1-0002', '20/05/2021'),
(86, 8, '937-7-6-1-0003', '20/05/2021'),
(87, 8, '937-7-6-1-0004', '20/05/2021'),
(88, 8, '937-7-6-1-0005', '20/05/2021'),
(89, 8, '937-7-6-1-0006', '20/05/2021'),
(90, 7, '937-7-6-1-0260', '24/06/2023'),
(91, 26, 'N/A', NULL);

-- --------------------------------------------------------

--
-- Structure de la table `t_kit`
--

CREATE TABLE `t_kit` (
  `ID` int(11) NOT NULL,
  `OF` char(11) NOT NULL,
  `ARTICLE_SAP` int(11) NOT NULL,
  `DESIGNATION` text DEFAULT NULL,
  `OT` int(11) NOT NULL COMMENT 'numéro d''OT sans "OT"',
  `DATE_DRAPAGE` timestamp NULL DEFAULT NULL COMMENT 'Date limite de drapage',
  `DATE_POLYM` datetime DEFAULT NULL COMMENT 'Date limite de polymérisation',
  `DATE_-18` datetime DEFAULT NULL COMMENT 'Date limite stockage à -18°C',
  `IdMoulage` int(11) DEFAULT NULL,
  `Validation` tinyint(1) NOT NULL DEFAULT 1,
  `DateAjout` timestamp NOT NULL DEFAULT current_timestamp()
) ENGINE=InnoDB DEFAULT CHARSET=utf8mb4;

--
-- Déchargement des données de la table `t_kit`
--

INSERT INTO `t_kit` (`ID`, `OF`, `ARTICLE_SAP`, `DESIGNATION`, `OT`, `DATE_DRAPAGE`, `DATE_POLYM`, `DATE_-18`, `IdMoulage`, `Validation`, `DateAjout`) VALUES
(51, '53466146-1', 7172324, NULL, 95902, '2020-06-14 03:30:05', '2020-06-25 05:30:05', '2020-10-13 21:59:05', 11, 0, '2020-06-09 14:26:05'),
(52, '53466146-1', 7172324, NULL, 95902, '2020-06-14 03:30:08', '2020-06-25 05:30:08', '2020-10-13 21:59:08', 11, 1, '2020-06-09 14:26:08'),
(53, '53473646-1', 7172205, NULL, 95902, '2020-06-14 03:30:42', '2020-06-25 05:30:42', '2020-09-03 21:59:42', 11, 1, '2020-06-09 14:26:42'),
(54, '53468984-1', 7172204, NULL, 95902, '2020-06-14 03:30:59', '2020-06-17 06:33:59', '2020-09-03 21:59:59', 11, 1, '2020-06-09 14:26:59'),
(55, '53473645-1', 7172203, NULL, 95902, '2020-06-14 03:30:08', '2020-06-25 05:30:08', '2020-09-03 21:59:08', 11, 1, '2020-06-09 14:27:08'),
(57, '53468996-1', 7172172, NULL, 95899, '2020-06-14 03:30:24', '2020-06-25 05:30:24', '2020-10-13 21:59:24', 12, 1, '2020-06-09 14:36:24'),
(58, '53469000-1', 7172182, NULL, 95899, '2020-06-14 03:30:40', '2020-06-25 05:30:40', '2020-10-13 21:59:40', 12, 1, '2020-06-09 14:36:40'),
(59, '53473644-1', 7172324, NULL, 95899, '2020-06-14 03:30:09', '2020-06-25 05:30:09', '2020-10-13 21:59:09', 12, 1, '2020-06-09 14:38:09'),
(60, '53468994-1', 7172167, NULL, 95899, '2020-06-14 03:30:21', '2020-06-25 05:30:21', '2020-10-13 21:59:21', 12, 1, '2020-06-09 14:38:21'),
(61, '53468992-1', 7172159, NULL, 95899, '2020-06-14 03:30:33', '2020-06-25 05:30:33', '2020-10-13 21:59:33', 12, 1, '2020-06-09 14:38:33'),
(62, '53468998-1', 7172176, NULL, 95899, '2020-06-14 03:30:23', '2020-06-25 05:30:23', '2020-10-13 21:59:23', 12, 1, '2020-06-09 14:39:23'),
(63, '53469002', 7252047, NULL, 95899, '2020-06-14 18:53:00', '2020-06-25 20:53:00', '2020-09-03 21:59:00', 12, 1, '2020-06-09 14:44:32'),
(64, '53469001', 7252046, NULL, 95899, '2020-06-17 04:33:00', '2020-06-17 06:33:00', '2021-01-06 22:59:00', 12, 1, '2020-06-09 14:45:56'),
(76, '53477117-1', 7172255, 'TRAILING EDGE OUTBOARD LH', 95896, '2020-06-26 13:40:58', '2020-07-07 15:40:58', '2020-10-13 21:59:58', 18, 1, '2020-06-22 11:22:58'),
(77, '53477080-1', 7172253, 'TRAILING EDGE MIDDLE LH', 95896, '2020-06-26 13:40:54', '2020-07-07 15:40:54', '2020-10-13 21:59:54', 18, 1, '2020-06-22 11:23:55'),
(78, '53477078-1', 7172249, 'TRAILING EDGE INBOARD LH', 95896, '2020-06-26 13:40:37', '2020-07-07 15:40:37', '2020-10-13 21:59:37', 18, 1, '2020-06-22 11:24:37'),
(79, '53473640-1', 7172324, '', 95896, '2020-06-26 13:40:52', '2020-07-07 15:40:52', '2020-10-13 21:59:52', 18, 1, '2020-06-22 11:24:53'),
(80, '53477121-1', 7252043, 'KIT VERRE TRAILING EDGE OUTBOARD LH', 95896, '2020-06-28 14:17:05', '2020-07-09 16:17:05', '2020-09-03 21:59:05', 18, 1, '2020-06-22 11:25:05'),
(81, '53477119-1', 7172251, 'KIT CUIVRE TRAILING EDGE LH', 95896, '2020-07-06 12:01:15', '2020-07-06 14:01:15', '2020-07-09 21:59:15', 18, 1, '2020-06-22 11:25:16'),
(82, '53473640-1', 7172324, '', 95896, '2020-06-26 13:40:45', '2020-07-07 15:40:45', '2020-10-13 21:59:45', NULL, 0, '2020-06-22 11:25:45'),
(83, '53477078-1', 7172249, 'TRAILING EDGE INBOARD LH', 95902, '2020-06-26 13:40:13', '2020-07-07 15:40:13', '2020-10-13 21:59:13', NULL, 1, '2020-06-22 12:54:13'),
(84, '53473640-1', 7172324, 'KIT CARBONE SBS', 95902, '2020-06-26 13:40:36', '2020-07-07 15:40:36', '2020-10-13 21:59:36', NULL, 1, '2020-06-22 12:54:36'),
(85, '53477078-1', 7172249, 'TRAILING EDGE INBOARD LH', 95896, '2020-06-26 13:40:41', '2020-07-07 15:40:41', '2020-10-13 21:59:41', 19, 1, '2020-06-22 13:20:41'),
(86, '53477080-1', 7172253, 'TRAILING EDGE MIDDLE LH', 95896, '2020-06-26 13:40:54', '2020-07-07 15:40:54', '2020-10-13 21:59:54', 19, 1, '2020-06-22 13:20:54'),
(87, '53477117-1', 7172255, 'TRAILING EDGE OUTBOARD LH', 95896, '2020-06-26 13:40:04', '2020-07-07 15:40:04', '2020-10-13 21:59:04', 19, 1, '2020-06-22 13:21:05'),
(88, '53473640-1', 7172324, 'KIT CARBONE SBS', 95896, '2020-06-26 13:40:17', '2020-07-07 15:40:17', '2020-10-13 21:59:17', 19, 1, '2020-06-22 13:21:17'),
(89, '53477119-1', 7172251, 'KIT CUIVRE TRAILING EDGE LH', 95896, '2020-07-06 12:01:26', '2020-07-06 14:01:26', '2020-07-09 21:59:26', 19, 1, '2020-06-22 13:21:26'),
(90, '53477121-1', 7252043, 'KIT VERRE TRAILING EDGE OUTBOARD LH', 95896, '2020-06-28 14:17:33', '2020-07-09 16:17:33', '2020-09-03 21:59:33', 19, 1, '2020-06-22 13:21:34'),
(91, '53477121-1', 7252043, 'KIT VERRE TRAILING EDGE OUTBOARD LH', 95896, '2020-06-28 14:17:50', '2020-07-09 16:17:50', '2020-09-03 21:59:50', NULL, 0, '2020-06-22 13:22:50'),
(92, '53477121-1', 7252043, 'KIT VERRE TRAILING EDGE OUTBOARD LH', 95896, '2020-06-28 14:17:22', '2020-07-09 16:17:22', '2020-09-03 21:59:22', 21, 1, '2020-06-22 13:59:22'),
(93, '53477119-1', 7172251, 'KIT CUIVRE TRAILING EDGE LH', 95896, '2020-07-06 12:01:39', '2020-07-06 14:01:39', '2020-07-09 21:59:39', 21, 1, '2020-06-22 13:59:39'),
(94, '53473640-1', 7172324, 'KIT CARBONE SBS', 95896, '2020-06-26 13:40:55', '2020-07-07 15:40:55', '2020-10-13 21:59:55', NULL, 0, '2020-06-22 13:59:55'),
(95, '53000000', 7172255, 'TRAILING EDGE OUTBOARD LH', 95896, '2020-06-23 09:13:00', '2020-06-15 10:12:00', '2020-06-23 11:13:00', 21, 1, '2020-06-22 14:12:07'),
(96, '53473639-1', 7172324, 'KIT CARBONE SBS', 95897, '2020-06-26 13:40:10', '2020-07-07 15:40:10', '2020-10-13 21:59:10', 22, 1, '2020-06-23 12:13:10'),
(97, '53477116-1', 7172254, 'TRAILING EDGE MIDDLE RH', 95897, '2020-06-26 13:40:25', '2020-07-07 15:40:25', '2020-10-13 21:59:25', 22, 1, '2020-06-23 12:13:25'),
(98, '53477118-1', 7172256, 'TRAILING EDGE OUTBOARD RH', 95897, '2020-06-26 13:40:43', '2020-07-07 15:40:43', '2020-10-13 21:59:43', 22, 1, '2020-06-23 12:13:43'),
(99, '53477079-1', 7172250, 'TRAILING EDGE INBOARD RH', 95897, '2020-06-26 13:40:04', '2020-07-07 15:40:04', '2020-10-13 21:59:04', 22, 1, '2020-06-23 12:14:04'),
(100, '53477120-1', 7172252, 'KIT CUIVRE TRAILING EDGE RH', 95897, '2020-06-28 17:19:30', '2020-06-28 19:19:30', '2020-07-09 21:59:30', 22, 1, '2020-06-23 12:14:30'),
(101, '53477122-1', 7252044, 'KIT VERRE TRAILING EDGE OUTBOARD RH', 95897, '2020-06-28 13:55:44', '2020-07-09 15:55:44', '2020-09-03 21:59:44', 22, 1, '2020-06-23 12:14:44'),
(102, '53477117-1', 7172255, 'TRAILING EDGE OUTBOARD LH', 95896, '2020-06-26 13:40:12', '2020-07-07 15:40:12', '2020-10-13 21:59:12', 23, 0, '2020-06-24 08:28:12'),
(103, '53477080-1', 7172253, 'TRAILING EDGE MIDDLE LH', 95896, '2020-06-26 13:40:28', '2020-07-07 15:40:28', '2020-10-13 21:59:28', 23, 0, '2020-06-24 08:28:28'),
(104, '53473640-1', 7172324, 'KIT CARBONE SBS', 95896, '2020-06-26 13:40:11', '2020-07-07 15:40:11', '2020-10-13 21:59:11', 23, 0, '2020-06-24 08:30:11'),
(105, '53477119-1', 7172251, 'KIT CUIVRE TRAILING EDGE LH', 95896, '2020-07-06 12:01:27', '2020-07-06 14:01:27', '2020-07-09 21:59:27', 23, 0, '2020-06-24 08:30:27'),
(106, '53482773-1', 7172324, 'KIT CARBONE SBS', 95895, '2020-06-30 13:00:23', '2020-07-11 15:00:23', '2020-10-13 21:59:23', 24, 1, '2020-06-24 13:35:24'),
(107, '53482784-1', 7252045, 'KIT VERRE FWD SPAR RH', 95895, '2020-06-28 13:19:34', '2020-07-09 15:19:34', '2020-09-03 21:59:34', 24, 1, '2020-06-24 13:35:34'),
(108, '53482785-1', 7252048, 'KIT VERRE FWD SPAR LH', 95895, '2020-06-28 13:19:44', '2020-07-09 15:19:44', '2020-09-03 21:59:44', 24, 1, '2020-06-24 13:35:44'),
(109, '53482783-1', 7172296, 'FWD SPAR RH', 95895, '2020-06-30 13:00:52', '2020-07-11 15:00:52', '2020-10-13 21:59:52', 24, 1, '2020-06-24 13:35:52'),
(110, '53482782-1', 7172295, 'FWD SPAR LH', 95895, '2020-06-30 13:00:01', '2020-07-11 15:00:01', '2020-10-13 21:59:01', 24, 1, '2020-06-24 13:36:01'),
(111, '53468985-3', 7172204, 'LEADING EDGE IML 136 LH', 95902, '2020-07-12 18:34:49', '2020-07-12 20:34:49', '2020-11-05 22:59:49', 25, 1, '2020-06-25 13:31:49'),
(112, '53468985-2', 7172204, 'LEADING EDGE IML 136 LH', 95902, '2020-06-28 13:55:08', '2020-07-09 15:55:08', '2020-09-03 21:59:08', 25, 1, '2020-06-25 13:32:08'),
(113, '53468985-1', 7172204, 'LEADING EDGE IML 136 LH', 95902, '2020-06-26 13:40:12', '2020-07-07 15:40:12', '2020-10-13 21:59:12', 25, 1, '2020-06-25 13:33:12'),
(114, '53482512-1', 7172202, 'LEADING EDGE IML 135 LH', 95902, '2020-06-26 13:40:46', '2020-07-07 15:40:46', '2020-10-13 21:59:46', 25, 1, '2020-06-25 13:33:46'),
(115, '53473648-1', 7172205, 'LEADING EDGE IML 136 RH', 95902, '2020-06-26 13:40:16', '2020-07-07 15:40:16', '2020-10-13 21:59:16', 25, 1, '2020-06-25 13:34:17'),
(116, '53473647-1', 7172203, 'LEADING EDGE IML 135 RH', 95902, '2020-06-26 13:40:42', '2020-07-07 15:40:42', '2020-10-13 21:59:42', 25, 1, '2020-06-25 13:34:42'),
(117, '53482770-1', 7172324, 'KIT CARBONE SBS', 95902, '2020-06-26 13:40:59', '2020-07-07 15:40:59', '2020-10-13 21:59:59', 25, 1, '2020-06-25 13:34:59'),
(118, '53473640-1', 7172324, 'KIT CARBONE SBS', 95902, '2020-06-26 13:40:44', '2020-07-07 15:40:44', '2020-10-13 21:59:44', NULL, 1, '2020-06-26 07:05:44'),
(119, '53473640-1', 7172324, 'KIT CARBONE SBS', 95902, '2020-06-26 13:40:01', '2020-07-07 15:40:01', '2020-10-13 21:59:01', NULL, 1, '2020-06-26 07:06:01'),
(120, '53473640-1', 7172324, 'KIT CARBONE SBS', 95902, '2020-06-26 13:40:27', '2020-07-07 15:40:27', '2020-10-13 21:59:27', NULL, 1, '2020-06-26 07:06:27'),
(122, '53486970-2', 7172180, 'EBAUCHE LEADING EDGE UPPER 126 LH', 95898, '2020-07-04 08:47:11', '2020-07-15 10:47:11', '2020-10-13 21:59:11', 26, 1, '2020-06-30 12:04:11'),
(123, '53486986-2', 7172157, 'EBAUCHE LEADING EDGE UPPER 120 LH', 95898, '2020-07-04 08:47:24', '2020-07-15 10:47:24', '2020-10-13 21:59:24', 26, 1, '2020-06-30 12:05:24'),
(124, '53488250-1', 7172324, 'KIT CARBONE SBS', 0, '2020-07-04 08:47:45', '2020-07-15 10:47:45', '2020-10-13 21:59:45', NULL, 0, '2020-06-30 12:05:45'),
(125, '53488206-1', 7172275, 'BOX RH', 95848, '2020-07-04 08:47:01', '2020-07-15 10:47:01', '2020-10-13 21:59:01', 27, 1, '2020-06-30 14:41:01'),
(126, '53488206-4', 7172275, 'BOX RH', 95848, '2020-07-09 09:20:11', '2020-07-20 11:20:11', '2020-10-13 21:59:11', 27, 1, '2020-06-30 14:41:12'),
(127, '53488206-3', 7172275, 'BOX RH', 95848, '2020-07-05 20:56:28', '2020-07-16 22:56:28', '2020-10-13 21:59:28', 27, 1, '2020-06-30 14:41:28'),
(128, '53488206-2', 7172275, 'BOX RH', 95848, '2020-07-05 20:56:36', '2020-07-16 22:56:36', '2020-10-13 21:59:36', 27, 1, '2020-06-30 14:41:36'),
(129, '53468378-1', 7252041, 'KIT FM300M BOX', 95848, '2020-07-17 15:47:22', '2020-07-17 17:47:22', '2020-09-09 21:59:22', 27, 1, '2020-06-30 14:42:22'),
(130, '53482465', 7252040, 'KIT CUIVRE BOX RH', 95848, '2020-07-09 19:59:00', '2020-07-09 21:59:00', '2020-07-09 21:59:00', 27, 1, '2020-06-30 14:45:54'),
(131, '53488210', 7252042, 'KIT VERRE BOX RH', 95848, '2020-07-02 10:46:00', '2020-07-13 12:46:00', '2020-09-03 21:59:00', 27, 1, '2020-06-30 14:47:29'),
(132, '53477080-1', 7172253, 'TRAILING EDGE MIDDLE LH', 0, '2020-06-26 13:40:51', '2020-07-07 15:40:51', '2020-10-13 21:59:51', NULL, 1, '2020-07-01 09:08:51'),
(133, '53477119-1', 7172251, 'KIT CUIVRE TRAILING EDGE LH', 0, '2020-07-06 12:01:48', '2020-07-06 14:01:48', '2020-07-09 21:59:48', NULL, 1, '2020-07-01 09:09:48'),
(134, '53477121-1', 7252043, 'KIT VERRE TRAILING EDGE OUTBOARD LH', 0, '2020-06-28 14:17:06', '2020-07-09 16:17:06', '2020-09-03 21:59:06', NULL, 1, '2020-07-01 09:10:06'),
(135, '53477121-1', 7252043, 'KIT VERRE TRAILING EDGE OUTBOARD LH', 0, '2020-06-28 14:17:30', '2020-07-09 16:17:30', '2020-09-03 21:59:30', NULL, 1, '2020-07-01 09:12:29'),
(136, '53477080-1', 7172253, 'TRAILING EDGE MIDDLE LH', 95896, '2020-06-26 13:40:04', '2020-07-07 15:40:04', '2020-10-13 21:59:04', 28, 1, '2020-07-01 14:43:04'),
(137, '53477117-1', 7172255, 'TRAILING EDGE OUTBOARD LH', 95896, '2020-06-26 13:40:30', '2020-07-07 15:40:30', '2020-10-13 21:59:30', 28, 1, '2020-07-01 14:43:30'),
(138, '53477078-1', 7172249, 'TRAILING EDGE INBOARD LH', 95896, '2020-06-26 13:40:39', '2020-07-07 15:40:39', '2020-10-13 21:59:39', 28, 1, '2020-07-01 14:43:39'),
(139, '53477121-1', 7252043, 'KIT VERRE TRAILING EDGE OUTBOARD LH', 95896, '2020-06-28 14:17:47', '2020-07-09 16:17:47', '2020-09-03 21:59:47', 28, 1, '2020-07-01 14:43:47'),
(140, '53473640-1', 7172324, 'KIT CARBONE SBS', 95896, '2020-06-26 13:40:59', '2020-07-07 15:40:59', '2020-10-13 21:59:59', 28, 1, '2020-07-01 14:43:59'),
(142, '53491808-1', 7172167, 'EBAUCHE LEADING EDGE LOWER 122 RH', 95899, '2020-07-12 09:08:44', '2020-07-23 11:08:44', '2020-10-13 21:59:44', 29, 1, '2020-07-06 08:35:44'),
(143, '53491806-1', 7172159, 'EBAUCHE LEADING EDGE LOWER 120 RH', 95899, '2020-07-12 09:08:00', '2020-07-23 11:08:00', '2020-10-13 21:59:00', 29, 1, '2020-07-06 08:37:00'),
(144, '53491814-1', 7172182, 'EBAUCHE LEADING EDGE LOWER 126 RH', 95899, '2020-07-12 09:08:12', '2020-07-23 11:08:12', '2020-10-13 21:59:12', 29, 1, '2020-07-06 08:37:11'),
(145, '53491810-1', 7172172, 'EBAUCHE LEADING EDGE LOWER 123 RH', 95899, '2020-07-12 09:08:16', '2020-07-23 11:08:16', '2020-10-13 21:59:16', 29, 1, '2020-07-06 08:38:15'),
(146, '53491812-1', 7172176, 'EBAUCHE LEADING EDGE LOWER 124 RH', 95899, '2020-07-12 09:08:27', '2020-07-23 11:08:27', '2020-10-13 21:59:27', 29, 1, '2020-07-06 08:38:27'),
(147, '53488249-1', 7172324, 'KIT CARBONE SBS', 95899, '2020-07-12 09:08:35', '2020-07-23 11:08:35', '2020-10-13 21:59:35', 29, 1, '2020-07-06 08:38:35'),
(148, '53491828-1', 7252046, 'KIT SURFACE LEADING EDGE LOWER RH', 95899, '2020-07-10 06:57:44', '2020-07-10 08:57:44', '2021-01-06 22:59:44', 29, 1, '2020-07-06 08:38:44'),
(149, '53491829-2', 7252047, 'KIT VERRE LEADING EDGE LOWER RH', 95899, '2020-07-12 13:48:51', '2020-07-23 15:48:51', '2020-09-03 21:59:51', 29, 1, '2020-07-06 08:38:51'),
(150, '53491804-1', 7172148, 'EBAUCHE LEADING EDGE UPPER 116 RH', 95901, '2020-07-12 09:08:22', '2020-07-23 11:08:22', '2020-10-13 21:59:22', 30, 1, '2020-07-06 09:38:22'),
(151, '53491826-1', 7251966, 'KIT CUIVRE LEADING EDGE UPPER RH', 95901, '2020-07-19 16:05:32', '2020-07-19 18:05:32', '2020-10-07 21:59:32', 30, 1, '2020-07-06 09:38:32'),
(152, '53491819-1', 7172197, 'EBAUCHE LEADING EDGE UPPER 132 RH', 95901, '2020-07-12 09:08:53', '2020-07-23 11:08:53', '2020-10-13 21:59:53', 30, 1, '2020-07-06 09:38:53'),
(153, '53491821-1', 7172219, 'EBAUCHE LEADING EDGE UPPER 142 RH', 95901, '2020-07-12 09:08:46', '2020-07-23 11:08:46', '2020-10-13 21:59:46', 30, 1, '2020-07-06 09:39:45'),
(154, '53491802-1', 7172143, 'EBAUCHE LEADING EDGE UPPER 115 RH', 95901, '2020-07-12 09:08:09', '2020-07-23 11:08:09', '2020-10-13 21:59:09', 30, 1, '2020-07-06 09:40:08'),
(155, '53491800-1', 7172119, 'EBAUCHE LEADING EDGE UPPER 101 RH', 95901, '2020-07-12 09:08:19', '2020-07-23 11:08:19', '2020-10-13 21:59:19', 30, 1, '2020-07-06 09:40:19'),
(156, '53488245-1', 7172324, 'KIT CARBONE SBS', 95901, '2020-07-12 09:08:38', '2020-07-23 11:08:38', '2020-10-13 21:59:38', 30, 1, '2020-07-06 09:40:38'),
(157, '53491827-2', 7251967, 'KIT VERRE LEADING EDGE UPPER RH', 95901, '2020-07-12 13:47:48', '2020-07-23 15:47:48', '2020-09-03 21:59:48', 30, 1, '2020-07-06 09:40:47'),
(165, '53000000', 7172242, 'BOX LH', 0, '2020-07-07 08:12:00', '2020-07-16 10:12:00', '2020-07-09 10:12:00', NULL, 1, '2020-07-08 14:10:35'),
(166, '53000000', 7172242, 'BOX LH', 0, '2020-07-07 08:12:00', '2020-07-10 10:12:00', '2020-07-10 10:12:00', NULL, 1, '2020-07-08 14:13:08'),
(167, '53000000', 7172242, 'BOX LH', 0, '2020-07-07 08:12:00', '2020-07-10 10:12:00', '2020-07-09 10:12:00', NULL, 1, '2020-07-08 14:30:49'),
(168, '53000000', 7172242, 'BOX LH', 0, '2020-07-07 08:12:00', '2020-07-10 10:12:00', '2020-07-09 10:12:00', NULL, 1, '2020-07-08 14:43:37'),
(169, '53000000', 7172242, 'BOX LH', 0, '2020-07-07 08:12:00', '2020-07-09 10:12:00', '2020-07-09 10:12:00', NULL, 1, '2020-07-08 14:48:26'),
(170, '53000000', 7172242, 'BOX LH', 0, '2020-07-09 08:12:00', '2020-07-11 10:12:00', '2020-07-07 10:12:00', NULL, 1, '2020-07-08 14:52:25'),
(171, '53000000', 7172242, 'BOX LH', 0, '2020-07-10 08:12:00', '2020-07-07 10:12:00', '2020-07-09 10:12:00', NULL, 1, '2020-07-09 06:51:13'),
(172, '53000000', 7172242, 'BOX LH', 0, '2020-07-11 08:12:00', '2020-07-12 10:12:00', '2020-07-08 10:12:00', NULL, 1, '2020-07-09 07:15:05'),
(173, '53000000', 7172242, 'BOX LH', 0, '2020-07-11 08:12:00', '2020-07-11 10:12:00', '2020-07-08 10:12:00', NULL, 1, '2020-07-09 07:40:10'),
(174, '53000000', 7172242, 'BOX LH', 0, '2020-07-16 08:12:00', '2020-07-16 10:12:00', '2020-07-06 10:12:00', NULL, 1, '2020-07-09 07:44:16'),
(175, '53000000', 7172242, 'BOX LH', 0, '2020-07-07 08:12:00', '2020-07-10 10:12:00', '2020-07-10 10:12:00', NULL, 1, '2020-07-09 07:46:21'),
(176, '53000000', 7172242, 'BOX LH', 0, '2020-07-08 08:12:00', '2020-07-10 10:12:00', '2020-07-10 10:12:00', NULL, 1, '2020-07-09 07:49:55'),
(177, '53000000', 7172242, 'BOX LH', 0, '2020-07-08 08:12:00', '2020-07-10 10:12:00', '2020-07-10 10:12:00', NULL, 1, '2020-07-09 07:58:04'),
(178, '53000000', 7172242, 'BOX LH', 0, '2020-07-11 08:12:00', '2020-07-11 10:12:00', '2020-07-08 10:12:00', NULL, 1, '2020-07-09 08:07:26'),
(179, '53000000', 7172242, 'BOX LH', 0, '2020-07-08 08:12:00', '2020-07-10 10:12:00', '2020-07-10 10:12:00', NULL, 1, '2020-07-09 08:09:38'),
(180, '53000000', 7172242, 'BOX LH', 0, '2020-07-08 08:12:00', '2020-07-10 10:12:00', '2020-07-10 10:12:00', NULL, 1, '2020-07-09 08:13:44'),
(181, '53000000', 7172242, 'BOX LH', 0, '2020-07-11 08:12:00', '2020-07-10 10:12:00', '2020-07-08 10:12:00', NULL, 1, '2020-07-09 08:17:12'),
(182, '53000000', 7172242, 'BOX LH', 0, '2020-07-08 08:12:00', '2020-07-10 10:12:00', '2020-07-10 10:12:00', NULL, 1, '2020-07-09 08:18:52'),
(183, '53000000', 7172242, 'BOX LH', 0, '2020-07-08 08:12:00', '2020-07-10 10:12:00', '2020-07-10 10:12:00', NULL, 1, '2020-07-09 08:22:42'),
(184, '53000000', 7172242, 'BOX LH', 0, '2020-07-08 08:12:00', '2020-07-10 10:12:00', '2020-07-10 10:12:00', NULL, 1, '2020-07-09 08:27:28'),
(185, '53000000', 7172242, 'BOX LH', 0, '2020-07-08 08:12:00', '2020-07-10 10:12:00', '2020-07-10 10:12:00', NULL, 1, '2020-07-09 08:51:54'),
(186, '53491828-1', 7252046, 'KIT SURFACE LEADING EDGE LOWER RH', 0, '2020-07-10 06:57:53', '2020-07-10 08:57:53', '2021-01-06 22:59:53', NULL, 1, '2020-07-09 12:13:53'),
(187, '53491828-1', 7252046, 'KIT SURFACE LEADING EDGE LOWER RH', 95899, '2020-07-10 06:57:12', '2020-07-10 08:57:12', '2021-01-06 22:59:12', 32, 1, '2020-07-09 12:14:12'),
(188, '53491829-2', 7252047, 'KIT VERRE LEADING EDGE LOWER RH', 95899, '2020-07-12 13:48:58', '2020-07-23 15:48:58', '2020-09-03 21:59:58', 32, 1, '2020-07-09 12:14:59'),
(189, '53000000', 7172242, 'BOX LH', 0, '2020-07-11 08:12:00', '2020-07-11 10:12:00', '2020-07-08 10:12:00', NULL, 1, '2020-07-09 14:07:13'),
(190, '5300000', 7172242, 'BOX LH', 0, '2020-07-08 08:12:00', '2020-07-11 10:12:00', '2020-07-10 10:12:00', NULL, 1, '2020-07-09 14:10:16'),
(204, '53222222', 7172242, 'BOX LH', 0, '2020-10-20 09:13:00', '2020-07-22 09:11:00', '2020-07-24 10:12:00', NULL, 1, '2020-07-23 14:27:06'),
(205, '53000000', 7172242, 'BOX LH', 0, '2020-10-20 08:12:00', '2020-07-23 11:13:00', '2020-07-24 10:12:00', NULL, 1, '2020-07-24 06:49:14'),
(206, '53212365', 7172242, 'BOX LH', 0, '2020-10-10 08:12:00', '2020-07-22 11:13:00', '2020-10-10 10:12:00', NULL, 1, '2020-07-24 08:52:57'),
(207, '53000000', 7172242, 'BOX LH', 0, '2020-10-10 06:10:00', '2020-07-22 10:12:00', '2020-10-10 10:12:00', NULL, 1, '2020-07-24 08:54:00'),
(208, '53222212', 7172242, 'BOX LH', 0, '2020-11-11 09:01:00', '2020-07-22 10:12:00', '2020-10-10 10:12:00', NULL, 1, '2020-07-24 09:12:30'),
(209, '52365142', 7172242, 'BOX LH', 0, '2020-10-10 08:12:00', '2020-07-22 10:12:00', '2020-10-10 10:12:00', NULL, 1, '2020-07-24 09:29:29'),
(210, '53214523', 7172242, 'BOX LH', 0, '2020-10-10 08:12:00', '2020-07-22 10:12:00', '2020-10-10 10:12:00', NULL, 1, '2020-07-24 09:30:39'),
(211, '52123652', 7172242, 'BOX LH', 0, '2020-10-20 08:25:00', '2020-07-22 11:13:00', '2020-10-20 10:12:00', NULL, 1, '2020-07-24 09:44:20'),
(212, '52142365', 7172242, 'BOX LH', 0, '2020-10-20 09:13:00', '2020-07-22 10:12:00', '2020-10-10 10:12:00', NULL, 1, '2020-07-24 10:11:35'),
(213, '53000000', 7172242, 'BOX LH', 0, '2020-08-20 08:12:00', '2020-08-21 11:13:00', '2020-08-18 08:10:00', NULL, 1, '2020-08-18 11:35:58'),
(214, '512365478', 7172242, 'BOX LH', 0, '2020-08-20 08:12:00', '2020-08-21 11:13:00', '2020-08-18 08:10:00', NULL, 1, '2020-08-18 12:37:18'),
(215, '52365214', 7172242, 'BOX LH', 0, '2020-08-09 09:13:00', '2020-08-19 12:14:00', '2020-08-08 10:12:00', NULL, 1, '2020-08-18 12:39:05'),
(216, '5214569877', 7172242, 'BOX LH', 0, '2020-08-20 08:12:00', '2020-08-21 08:10:00', '2020-08-18 11:13:00', NULL, 1, '2020-08-18 12:40:48'),
(217, '52365241', 7172242, 'BOX LH', 0, '2020-08-19 07:11:00', '2020-08-19 22:00:00', '2020-08-18 08:10:00', NULL, 1, '2020-08-18 12:42:30'),
(218, '14253365', 7172242, 'BOX LH', 0, '2020-08-19 08:12:00', '2020-08-20 11:13:00', '2020-08-18 09:11:00', NULL, 1, '2020-08-18 12:43:55'),
(219, '53265258', 7172242, 'BOX LH', 0, '2020-09-13 08:12:00', '2020-12-15 11:12:00', '2020-08-18 08:00:00', NULL, 1, '2020-08-18 13:21:48'),
(220, '25632541', 7172242, 'BOX LH', 0, '2020-08-20 09:13:00', '2020-08-21 12:14:00', '2020-08-18 08:10:00', NULL, 1, '2020-08-18 13:24:09'),
(221, '52365145', 7172242, 'BOX LH', 0, '2020-08-20 15:19:00', '2020-08-21 18:20:00', '2020-08-18 10:12:00', NULL, 1, '2020-08-18 13:26:18'),
(222, '52365214', 7172242, 'BOX LH', 0, '2020-10-29 11:13:00', '2020-12-30 15:16:00', '2020-08-18 08:10:00', NULL, 1, '2020-08-18 13:28:31'),
(223, '52455637', 7172242, 'BOX LH', 0, '2020-08-20 08:12:00', '2020-08-21 11:31:00', '2020-08-18 08:10:00', NULL, 1, '2020-08-18 13:48:49'),
(224, '52320014', 7172242, 'BOX LH', 0, '2021-02-20 10:12:00', '2021-03-20 12:13:00', '2020-08-18 10:12:00', NULL, 1, '2020-08-18 13:49:40'),
(225, '52369874', 7172242, 'BOX LH', 0, '2020-08-20 09:13:00', '2020-08-21 21:10:00', '2020-08-18 10:12:00', NULL, 1, '2020-08-19 07:00:58'),
(226, '52365214', 7172242, 'BOX LH', 0, '2020-08-20 07:11:00', '2020-08-21 09:11:00', '2020-08-18 10:12:00', NULL, 1, '2020-08-19 07:32:40'),
(227, '52365412', 7172242, 'BOX LH', 0, '2020-08-20 07:11:00', '2020-08-21 08:00:00', '0202-08-18 11:01:39', NULL, 1, '2020-08-19 07:35:11'),
(228, '52365214', 7172242, 'BOX LH', 0, '2020-08-20 07:11:00', '2020-08-21 09:11:00', '2020-08-18 09:11:00', NULL, 1, '2020-08-19 07:36:45'),
(229, '52365214', 7172242, 'BOX LH', 0, '2020-08-20 07:11:00', '2020-08-20 09:11:00', '2020-08-18 10:12:00', NULL, 1, '2020-08-19 07:38:39'),
(230, '53265500', 7172242, 'BOX LH', 95902, '2020-08-21 06:10:00', '2020-08-21 08:10:00', '2020-08-20 08:10:00', 33, 1, '2020-08-20 09:38:20'),
(231, '514252366', 7172242, 'BOX LH', 95902, '2021-11-11 09:11:00', '2020-02-20 11:12:00', '2020-08-21 09:11:00', 33, 1, '2020-08-20 09:39:38'),
(232, '78654324', 7172242, 'BOX LH', 95902, '2020-09-10 08:12:00', '2020-09-11 10:01:00', '2020-09-09 10:12:00', 34, 1, '2020-09-08 13:10:09'),
(233, '765432', 7172242, 'BOX LH', 0, '2020-09-12 08:12:00', '2020-09-06 22:00:00', '2020-09-11 10:12:00', NULL, 1, '2020-09-10 12:17:38'),
(234, '4567890', 7172242, 'BOX LH', 0, '2020-12-12 10:12:00', '2020-12-12 11:12:00', '2020-09-08 10:12:00', NULL, 1, '2020-09-10 12:18:37');

-- --------------------------------------------------------

--
-- Structure de la table `t_manufacturer`
--

CREATE TABLE `t_manufacturer` (
  `ID` int(11) NOT NULL,
  `Costumer` varchar(30) NOT NULL
) ENGINE=InnoDB DEFAULT CHARSET=utf8mb4;

--
-- Déchargement des données de la table `t_manufacturer`
--

INSERT INTO `t_manufacturer` (`ID`, `Costumer`) VALUES
(2, 'AIRBUS'),
(1, 'GULFSTREAM');

-- --------------------------------------------------------

--
-- Structure de la table `t_materials`
--

CREATE TABLE `t_materials` (
  `ID` int(11) NOT NULL,
  `ARTICLE` int(11) NOT NULL,
  `DESIGNATION` text NOT NULL,
  `DESIGNATION SIMPLIFIEE` text DEFAULT NULL,
  `SECTEUR` varchar(20) NOT NULL,
  `DATE DE PEREMPTION` tinyint(1) NOT NULL,
  `NUM LOT` tinyint(1) NOT NULL,
  `DATE ET HEURE MELANGE` tinyint(1) NOT NULL,
  `DATE ET HEURE FIN APPLICATION` tinyint(1) NOT NULL,
  `TEMPERATURE` tinyint(1) NOT NULL,
  `HUMIDITE` tinyint(1) NOT NULL,
  `DUREE DE VIE` int(11) DEFAULT NULL COMMENT 'en heures'
) ENGINE=InnoDB DEFAULT CHARSET=utf8mb4;

--
-- Déchargement des données de la table `t_materials`
--

INSERT INTO `t_materials` (`ID`, `ARTICLE`, `DESIGNATION`, `DESIGNATION SIMPLIFIEE`, `SECTEUR`, `DATE DE PEREMPTION`, `NUM LOT`, `DATE ET HEURE MELANGE`, `DATE ET HEURE FIN APPLICATION`, `TEMPERATURE`, `HUMIDITE`, `DUREE DE VIE`) VALUES
(27, 5038543, 'PROD  JOINT FRANCAIS PR870C12 SEMKIT654', 'PS870 C12', 'ASSEMBLAGE COMPOSITE', 1, 1, 0, 0, 0, 0, 24),
(28, 5048270, 'COLLE CHO-BOND 1038', 'CHO-BOND 1038', 'ASSEMBLAGE COMPOSITE', 1, 1, 0, 0, 0, 0, NULL),
(29, 5048094, 'MAST PR 1440B 1/2 SEMKIT 655', 'PR1440 B1/2', 'ASSEMBLAGE COMPOSITE', 1, 1, 0, 0, 0, 0, NULL),
(30, 5048218, 'AGENT DEMOULANT MS-122XD', 'AGENT DEMOULANT MS-122XD', 'ASSEMBLAGE COMPOSITE', 1, 1, 0, 0, 0, 0, NULL),
(31, 5048243, 'RESINE EA934NA SEMKIT 655', 'HYSOL EA934NA', 'ASSEMBLAGE COMPOSITE', 1, 1, 0, 0, 0, 0, NULL),
(32, 5048244, 'STRUCTURAL ADHESIVE CLICK BOND CB200-40', 'CLICK BOND CB200', 'ASSEMBLAGE COMPOSITE', 1, 1, 0, 0, 0, 0, NULL),
(33, 5048093, 'MAST PR PS870B 2 SEMKIT 655', 'PS870 B2', 'ASSEMBLAGE COMPOSITE', 1, 1, 0, 0, 0, 0, NULL),
(34, 5048073, 'PRIMAIRE ADHESION PR188', 'PRIMAIRE PR188', 'ASSEMBLAGE COMPOSITE', 1, 1, 0, 0, 0, 0, NULL),
(35, 5048126, 'BASE GMS5006  01X059-01-X-059C', 'VERNIS GMS5006', 'ASSEMBLAGE COMPOSITE', 1, 1, 0, 0, 0, 0, NULL),
(36, 5048049, 'MAST PR-2050W B-1/2 SEMKIT 655', 'PR-2050W B1/2', 'ASSEMBLAGE COMPOSITE', 1, 1, 0, 0, 0, 0, NULL),
(37, 5088775, 'MAST PR PS870B1/2 SEMKIT 655', 'PS870 B1/2', 'ASSEMBLAGE COMPOSITE', 1, 1, 0, 0, 0, 0, NULL),
(38, 5038576, 'ALODINE 1132', 'ALODINE 1132', 'ASSEMBLAGE COMPOSITE', 1, 1, 0, 0, 0, 0, NULL),
(39, 5048122, 'EPON828 BASE', 'EPON828 BASE', 'ASSEMBLAGE COMPOSITE', 1, 1, 0, 0, 0, 0, NULL),
(40, 5048037, 'EPON828 RESINE', 'EPON828 RESINE', 'ASSEMBLAGE COMPOSITE', 1, 1, 0, 0, 0, 0, NULL),
(41, 5085702, 'PEINTURE PRIMAIRE TUK GMS5005', 'PEINTURE PRIMAIRE TUK GMS5005', 'ASSEMBLAGE COMPOSITE', 1, 1, 0, 0, 0, 0, NULL),
(42, 5085686, 'PEINTURE FINITION TUK GMS5006', 'PEINTURE FINITION TUK GMS5006', 'ASSEMBLAGE COMPOSITE', 1, 1, 0, 0, 0, 0, NULL),
(43, 5038494, 'LOCTITE 414', 'LOCTITE 414', 'ASSEMBLAGE COMPOSITE', 1, 1, 0, 0, 0, 0, NULL);

-- --------------------------------------------------------

--
-- Structure de la table `t_materials_entry`
--

CREATE TABLE `t_materials_entry` (
  `ID` int(11) NOT NULL,
  `ID MATIERE` int(11) NOT NULL COMMENT 'Article SAP',
  `DATE ENTREE` datetime NOT NULL DEFAULT current_timestamp() COMMENT 'Date à laquelle le chef d''équipe mets en atelier le produit',
  `N LOT` text NOT NULL,
  `DATE DE PEREMPTION` datetime NOT NULL
) ENGINE=InnoDB DEFAULT CHARSET=utf8mb4;

--
-- Déchargement des données de la table `t_materials_entry`
--

INSERT INTO `t_materials_entry` (`ID`, `ID MATIERE`, `DATE ENTREE`, `N LOT`, `DATE DE PEREMPTION`) VALUES
(722, 27, '2020-11-30 12:41:25', 'TEST1', '2020-12-04 00:00:00'),
(723, 27, '2020-11-30 12:41:25', 'TEST1', '2020-12-04 00:00:00'),
(724, 27, '2020-11-30 12:41:25', 'TEST1', '2020-12-04 00:00:00'),
(725, 27, '2020-12-01 11:42:22', 'jkljlZEZRTY', '2020-12-23 00:00:00'),
(726, 27, '2020-12-01 11:42:22', 'jkljlZEZRTY', '2020-12-23 00:00:00'),
(727, 27, '2020-12-01 11:42:22', 'jkljlZEZRTY', '2020-12-23 00:00:00'),
(728, 27, '2020-12-01 11:42:22', 'jkljlZEZRTY', '2020-12-23 00:00:00'),
(729, 38, '2020-12-21 08:44:50', 'Lot TEST 1', '2020-12-20 00:00:00'),
(730, 38, '2020-12-21 08:44:50', 'Lot TEST 1', '2020-12-25 00:00:00'),
(731, 38, '2020-12-21 08:44:50', 'Lot TEST 1', '2020-12-25 00:00:00'),
(732, 38, '2020-01-21 08:44:50', 'Lot TEST 1', '2021-01-26 00:00:00'),
(733, 38, '2020-12-21 08:44:50', 'Lot TEST 1', '2020-12-26 00:00:00'),
(734, 38, '2020-12-21 08:44:50', 'Lot TEST 1', '2020-12-25 00:00:00'),
(735, 27, '2021-01-13 11:45:16', 'LOT TEST', '2021-01-15 00:00:00'),
(736, 27, '2021-01-13 11:45:16', 'LOT TEST', '2021-01-15 00:00:00'),
(737, 27, '2021-01-13 11:45:16', 'LOT TEST', '2021-01-15 00:00:00'),
(738, 27, '2021-01-13 11:45:16', 'LOT TEST', '2021-01-15 00:00:00'),
(739, 27, '2021-01-15 07:35:01', 'Lot TEST', '2021-01-16 00:00:00'),
(740, 27, '2021-01-15 07:35:04', 'Lot TEST', '2021-01-16 00:00:00'),
(741, 27, '2021-01-15 07:35:17', 'Lot TEST', '2021-01-16 00:00:00'),
(742, 27, '2021-01-15 07:35:17', 'Lot TEST', '2021-01-16 00:00:00'),
(743, 27, '2021-01-15 07:35:17', 'Lot TEST', '2021-01-16 00:00:00'),
(744, 27, '2021-01-15 07:35:18', 'Lot TEST', '2021-01-16 00:00:00'),
(745, 27, '2021-01-15 07:35:19', 'Lot TEST', '2021-01-16 00:00:00'),
(746, 27, '2021-01-15 07:35:20', 'Lot TEST', '2021-01-16 00:00:00'),
(747, 27, '2021-01-15 07:35:20', 'Lot TEST', '2021-01-16 00:00:00'),
(748, 27, '2021-01-15 07:35:20', 'Lot TEST', '2021-01-16 00:00:00'),
(749, 27, '2021-01-15 07:40:44', 'test', '2021-01-16 00:00:00'),
(750, 27, '2021-01-15 07:40:44', 'test', '2021-01-16 00:00:00'),
(751, 27, '2021-01-15 07:40:44', 'test', '2021-01-16 00:00:00'),
(752, 27, '2021-01-15 07:40:44', 'test', '2021-01-16 00:00:00'),
(753, 27, '2021-01-15 07:40:45', 'test', '2021-01-16 00:00:00'),
(754, 27, '2021-01-15 07:40:45', 'test', '2021-01-16 00:00:00'),
(755, 27, '2021-01-15 07:40:46', 'test', '2021-01-16 00:00:00'),
(756, 27, '2021-01-15 07:40:46', 'test', '2021-01-16 00:00:00'),
(757, 27, '2021-01-15 07:40:46', 'test', '2021-01-16 00:00:00'),
(758, 27, '2021-01-15 07:40:46', 'test', '2021-01-16 00:00:00'),
(759, 27, '2021-01-15 07:40:46', 'test', '2021-01-16 00:00:00'),
(760, 27, '2021-01-15 07:40:47', 'test', '2021-01-16 00:00:00'),
(761, 27, '2021-01-15 07:50:43', 'test', '2021-01-16 00:00:00'),
(762, 27, '2021-01-15 07:50:43', 'test', '2021-01-16 00:00:00'),
(763, 27, '2021-01-15 07:50:43', 'test', '2021-01-16 00:00:00'),
(764, 27, '2021-01-15 07:50:44', 'test', '2021-01-16 00:00:00'),
(765, 27, '2021-01-15 07:50:44', 'test', '2021-01-16 00:00:00'),
(766, 27, '2021-01-15 07:50:44', 'test', '2021-01-16 00:00:00'),
(767, 27, '2021-01-15 07:50:44', 'test', '2021-01-16 00:00:00'),
(768, 27, '2021-01-15 07:50:44', 'test', '2021-01-16 00:00:00'),
(769, 27, '2021-01-15 07:50:44', 'test', '2021-01-16 00:00:00'),
(770, 27, '2021-01-15 07:50:45', 'test', '2021-01-16 00:00:00'),
(771, 27, '2021-01-15 07:50:45', 'test', '2021-01-16 00:00:00'),
(772, 27, '2021-01-15 07:50:45', 'test', '2021-01-16 00:00:00'),
(773, 27, '2021-01-15 07:52:25', 'jkljl', '2021-01-16 00:00:00'),
(774, 27, '2021-01-15 07:52:25', 'jkljl', '2021-01-16 00:00:00'),
(775, 27, '2021-01-15 07:52:25', 'jkljl', '2021-01-16 00:00:00'),
(776, 27, '2021-01-15 07:52:25', 'jkljl', '2021-01-16 00:00:00'),
(777, 27, '2021-01-15 07:52:25', 'jkljl', '2021-01-16 00:00:00'),
(778, 27, '2021-01-15 07:52:25', 'jkljl', '2021-01-16 00:00:00'),
(779, 27, '2021-01-15 07:52:25', 'jkljl', '2021-01-16 00:00:00'),
(780, 27, '2021-01-15 07:52:26', 'jkljl', '2021-01-16 00:00:00'),
(781, 27, '2021-01-15 07:52:26', 'jkljl', '2021-01-16 00:00:00'),
(782, 27, '2021-01-15 07:52:26', 'jkljl', '2021-01-16 00:00:00'),
(783, 27, '2021-01-15 07:52:26', 'jkljl', '2021-01-16 00:00:00'),
(784, 27, '2021-01-15 07:52:26', 'jkljl', '2021-01-16 00:00:00'),
(785, 27, '2021-01-15 07:52:26', 'jkljl', '2021-01-16 00:00:00'),
(786, 27, '2021-01-15 07:52:26', 'jkljl', '2021-01-16 00:00:00'),
(787, 27, '2021-01-15 07:52:26', 'jkljl', '2021-01-16 00:00:00'),
(788, 27, '2021-01-15 07:52:26', 'jkljl', '2021-01-16 00:00:00'),
(789, 27, '2021-01-15 07:52:26', 'jkljl', '2021-01-16 00:00:00'),
(790, 27, '2021-01-15 07:52:27', 'jkljl', '2021-01-16 00:00:00'),
(791, 27, '2021-01-15 07:52:27', 'jkljl', '2021-01-16 00:00:00'),
(792, 27, '2021-01-15 07:54:41', 'fef', '2021-01-17 00:00:00'),
(793, 27, '2021-01-15 07:54:41', 'fef', '2021-01-17 00:00:00'),
(794, 27, '2021-01-15 07:54:41', 'fef', '2021-01-17 00:00:00'),
(795, 27, '2021-01-15 07:54:41', 'fef', '2021-01-17 00:00:00'),
(796, 27, '2021-01-15 07:54:41', 'fef', '2021-01-17 00:00:00'),
(797, 27, '2021-01-15 07:54:42', 'fef', '2021-01-17 00:00:00'),
(798, 27, '2021-01-15 07:54:42', 'fef', '2021-01-17 00:00:00'),
(799, 27, '2021-01-15 07:54:42', 'fef', '2021-01-17 00:00:00'),
(800, 27, '2021-01-15 07:54:42', 'fef', '2021-01-17 00:00:00'),
(801, 27, '2021-01-15 07:54:42', 'fef', '2021-01-17 00:00:00'),
(802, 27, '2021-01-15 07:57:41', 'fdsfvcx', '2021-01-16 00:00:00'),
(803, 27, '2021-01-15 07:57:42', 'fdsfvcx', '2021-01-16 00:00:00'),
(804, 27, '2021-01-15 07:57:42', 'fdsfvcx', '2021-01-16 00:00:00'),
(805, 27, '2021-01-15 07:57:42', 'fdsfvcx', '2021-01-16 00:00:00'),
(806, 27, '2021-01-15 07:57:42', 'fdsfvcx', '2021-01-16 00:00:00'),
(807, 27, '2021-01-15 07:57:42', 'fdsfvcx', '2021-01-16 00:00:00'),
(808, 27, '2021-01-15 07:57:42', 'fdsfvcx', '2021-01-16 00:00:00'),
(809, 27, '2021-01-15 07:57:42', 'fdsfvcx', '2021-01-16 00:00:00'),
(810, 27, '2021-01-15 07:57:42', 'fdsfvcx', '2021-01-16 00:00:00'),
(811, 27, '2021-01-15 07:57:43', 'fdsfvcx', '2021-01-16 00:00:00'),
(812, 27, '2021-01-15 07:58:39', 'fdsfvcx', '2021-01-16 00:00:00'),
(813, 27, '2021-01-15 07:58:40', 'fdsfvcx', '2021-01-16 00:00:00'),
(814, 27, '2021-01-15 07:58:41', 'fdsfvcx', '2021-01-16 00:00:00'),
(815, 27, '2021-01-15 07:58:41', 'fdsfvcx', '2021-01-16 00:00:00'),
(816, 27, '2021-01-15 07:58:42', 'fdsfvcx', '2021-01-16 00:00:00'),
(817, 27, '2021-01-15 07:58:42', 'fdsfvcx', '2021-01-16 00:00:00'),
(818, 27, '2021-01-15 07:58:43', 'fdsfvcx', '2021-01-16 00:00:00'),
(819, 27, '2021-01-15 07:58:43', 'fdsfvcx', '2021-01-16 00:00:00'),
(820, 27, '2021-01-15 07:58:43', 'fdsfvcx', '2021-01-16 00:00:00'),
(821, 27, '2021-01-15 07:58:44', 'fdsfvcx', '2021-01-16 00:00:00'),
(822, 27, '2021-01-15 08:02:55', 'fdsfvcx', '2021-01-16 00:00:00'),
(823, 27, '2021-01-15 08:02:56', 'fdsfvcx', '2021-01-16 00:00:00'),
(824, 27, '2021-01-15 08:02:56', 'fdsfvcx', '2021-01-16 00:00:00'),
(825, 27, '2021-01-15 08:02:56', 'fdsfvcx', '2021-01-16 00:00:00'),
(826, 27, '2021-01-15 08:02:56', 'fdsfvcx', '2021-01-16 00:00:00'),
(827, 27, '2021-01-15 08:02:56', 'fdsfvcx', '2021-01-16 00:00:00'),
(828, 27, '2021-01-15 08:02:56', 'fdsfvcx', '2021-01-16 00:00:00'),
(829, 27, '2021-01-15 08:02:56', 'fdsfvcx', '2021-01-16 00:00:00'),
(830, 27, '2021-01-15 08:02:56', 'fdsfvcx', '2021-01-16 00:00:00'),
(831, 27, '2021-01-15 08:02:56', 'fdsfvcx', '2021-01-16 00:00:00'),
(832, 27, '2021-01-15 08:04:59', 'jkljl', '2021-01-20 00:00:00'),
(833, 27, '2021-01-15 08:05:00', 'jkljl', '2021-01-20 00:00:00'),
(834, 27, '2021-01-15 08:05:00', 'jkljl', '2021-01-20 00:00:00'),
(835, 27, '2021-01-15 08:05:00', 'jkljl', '2021-01-20 00:00:00'),
(836, 27, '2021-01-15 08:05:00', 'jkljl', '2021-01-20 00:00:00'),
(837, 27, '2021-01-15 08:05:00', 'jkljl', '2021-01-20 00:00:00'),
(838, 27, '2021-01-15 08:05:00', 'jkljl', '2021-01-20 00:00:00'),
(839, 27, '2021-01-15 08:05:00', 'jkljl', '2021-01-20 00:00:00'),
(840, 27, '2021-01-15 08:05:00', 'jkljl', '2021-01-20 00:00:00'),
(841, 27, '2021-01-15 08:05:00', 'jkljl', '2021-01-20 00:00:00'),
(842, 27, '2021-01-15 08:05:00', 'jkljl', '2021-01-20 00:00:00'),
(843, 27, '2021-01-15 08:05:00', 'jkljl', '2021-01-20 00:00:00'),
(844, 27, '2021-01-15 08:05:00', 'jkljl', '2021-01-20 00:00:00'),
(845, 27, '2021-01-15 08:05:01', 'jkljl', '2021-01-20 00:00:00'),
(846, 27, '2021-01-15 08:05:45', 'jkljl', '2021-01-20 00:00:00'),
(847, 27, '2021-01-15 08:05:45', 'jkljl', '2021-01-20 00:00:00'),
(848, 27, '2021-01-15 08:05:45', 'jkljl', '2021-01-20 00:00:00'),
(849, 27, '2021-01-15 08:05:45', 'jkljl', '2021-01-20 00:00:00'),
(850, 27, '2021-01-15 08:05:45', 'jkljl', '2021-01-20 00:00:00'),
(851, 27, '2021-01-15 08:05:45', 'jkljl', '2021-01-20 00:00:00'),
(852, 27, '2021-01-15 08:05:45', 'jkljl', '2021-01-20 00:00:00'),
(853, 27, '2021-01-15 08:05:46', 'jkljl', '2021-01-20 00:00:00'),
(854, 27, '2021-01-15 08:05:46', 'jkljl', '2021-01-20 00:00:00'),
(855, 27, '2021-01-15 08:05:46', 'jkljl', '2021-01-20 00:00:00'),
(856, 27, '2021-01-15 08:05:46', 'jkljl', '2021-01-20 00:00:00'),
(857, 27, '2021-01-15 08:05:46', 'jkljl', '2021-01-20 00:00:00'),
(858, 27, '2021-01-15 08:05:46', 'jkljl', '2021-01-20 00:00:00'),
(859, 27, '2021-01-15 08:05:46', 'jkljl', '2021-01-20 00:00:00'),
(860, 27, '2021-01-15 08:07:21', 'jkljl', '2021-01-20 00:00:00'),
(861, 27, '2021-01-15 08:07:21', 'jkljl', '2021-01-20 00:00:00'),
(862, 27, '2021-01-15 08:07:21', 'jkljl', '2021-01-20 00:00:00'),
(863, 27, '2021-01-15 08:07:21', 'jkljl', '2021-01-20 00:00:00'),
(864, 27, '2021-01-15 08:07:21', 'jkljl', '2021-01-20 00:00:00'),
(865, 27, '2021-01-15 08:07:21', 'jkljl', '2021-01-20 00:00:00'),
(866, 27, '2021-01-15 08:07:21', 'jkljl', '2021-01-20 00:00:00'),
(867, 27, '2021-01-15 08:07:21', 'jkljl', '2021-01-20 00:00:00'),
(868, 27, '2021-01-15 08:07:21', 'jkljl', '2021-01-20 00:00:00'),
(869, 27, '2021-01-15 08:07:21', 'jkljl', '2021-01-20 00:00:00'),
(870, 27, '2021-01-15 08:07:21', 'jkljl', '2021-01-20 00:00:00'),
(871, 27, '2021-01-15 08:07:22', 'jkljl', '2021-01-20 00:00:00'),
(872, 27, '2021-01-15 08:07:22', 'jkljl', '2021-01-20 00:00:00'),
(873, 27, '2021-01-15 08:07:22', 'jkljl', '2021-01-20 00:00:00'),
(874, 27, '2021-01-15 08:08:56', 'jkljl', '2021-01-20 00:00:00'),
(875, 27, '2021-01-15 08:08:57', 'jkljl', '2021-01-20 00:00:00'),
(876, 27, '2021-01-15 08:08:57', 'jkljl', '2021-01-20 00:00:00'),
(877, 27, '2021-01-15 08:08:57', 'jkljl', '2021-01-20 00:00:00'),
(878, 27, '2021-01-15 08:08:57', 'jkljl', '2021-01-20 00:00:00'),
(879, 27, '2021-01-15 08:08:57', 'jkljl', '2021-01-20 00:00:00'),
(880, 27, '2021-01-15 08:08:57', 'jkljl', '2021-01-20 00:00:00'),
(881, 27, '2021-01-15 08:08:58', 'jkljl', '2021-01-20 00:00:00'),
(882, 27, '2021-01-15 08:08:58', 'jkljl', '2021-01-20 00:00:00'),
(883, 27, '2021-01-15 08:08:58', 'jkljl', '2021-01-20 00:00:00'),
(884, 27, '2021-01-15 08:08:58', 'jkljl', '2021-01-20 00:00:00'),
(885, 27, '2021-01-15 08:08:59', 'jkljl', '2021-01-20 00:00:00'),
(886, 27, '2021-01-15 08:08:59', 'jkljl', '2021-01-20 00:00:00'),
(887, 27, '2021-01-15 08:08:59', 'jkljl', '2021-01-20 00:00:00'),
(888, 27, '2021-01-15 08:09:50', 'jkljl', '2021-01-20 00:00:00'),
(889, 27, '2021-01-15 08:09:50', 'jkljl', '2021-01-20 00:00:00'),
(890, 27, '2021-01-15 08:09:51', 'jkljl', '2021-01-20 00:00:00'),
(891, 27, '2021-01-15 08:09:51', 'jkljl', '2021-01-20 00:00:00'),
(892, 27, '2021-01-15 08:09:51', 'jkljl', '2021-01-20 00:00:00'),
(893, 27, '2021-01-15 08:09:51', 'jkljl', '2021-01-20 00:00:00'),
(894, 27, '2021-01-15 08:09:51', 'jkljl', '2021-01-20 00:00:00'),
(895, 27, '2021-01-15 08:09:51', 'jkljl', '2021-01-20 00:00:00'),
(896, 27, '2021-01-15 08:09:51', 'jkljl', '2021-01-20 00:00:00'),
(897, 27, '2021-01-15 08:09:51', 'jkljl', '2021-01-20 00:00:00'),
(898, 27, '2021-01-15 08:09:51', 'jkljl', '2021-01-20 00:00:00'),
(899, 27, '2021-01-15 08:09:52', 'jkljl', '2021-01-20 00:00:00'),
(900, 27, '2021-01-15 08:09:52', 'jkljl', '2021-01-20 00:00:00'),
(901, 27, '2021-01-15 08:09:52', 'jkljl', '2021-01-20 00:00:00'),
(902, 27, '2021-01-15 08:14:39', 'jkljl', '2021-01-20 00:00:00'),
(903, 27, '2021-01-15 08:14:39', 'jkljl', '2021-01-20 00:00:00'),
(904, 27, '2021-01-15 08:14:40', 'jkljl', '2021-01-20 00:00:00'),
(905, 27, '2021-01-15 08:14:40', 'jkljl', '2021-01-20 00:00:00'),
(906, 27, '2021-01-15 08:14:40', 'jkljl', '2021-01-20 00:00:00'),
(907, 27, '2021-01-15 08:14:40', 'jkljl', '2021-01-20 00:00:00'),
(908, 27, '2021-01-15 08:14:40', 'jkljl', '2021-01-20 00:00:00'),
(909, 27, '2021-01-15 08:14:40', 'jkljl', '2021-01-20 00:00:00'),
(910, 27, '2021-01-15 08:14:40', 'jkljl', '2021-01-20 00:00:00'),
(911, 27, '2021-01-15 08:14:41', 'jkljl', '2021-01-20 00:00:00'),
(912, 27, '2021-01-15 08:14:41', 'jkljl', '2021-01-20 00:00:00'),
(913, 27, '2021-01-15 08:14:41', 'jkljl', '2021-01-20 00:00:00'),
(914, 27, '2021-01-15 08:14:41', 'jkljl', '2021-01-20 00:00:00'),
(915, 27, '2021-01-15 08:14:41', 'jkljl', '2021-01-20 00:00:00'),
(916, 27, '2021-01-15 08:18:10', 'jkljl', '2021-01-20 00:00:00'),
(917, 27, '2021-01-15 08:18:10', 'jkljl', '2021-01-20 00:00:00'),
(918, 27, '2021-01-15 08:18:10', 'jkljl', '2021-01-20 00:00:00'),
(919, 27, '2021-01-15 08:18:10', 'jkljl', '2021-01-20 00:00:00'),
(920, 27, '2021-01-15 08:18:10', 'jkljl', '2021-01-20 00:00:00'),
(921, 27, '2021-01-15 08:18:10', 'jkljl', '2021-01-20 00:00:00'),
(922, 27, '2021-01-15 08:18:10', 'jkljl', '2021-01-20 00:00:00'),
(923, 27, '2021-01-15 08:18:10', 'jkljl', '2021-01-20 00:00:00'),
(924, 27, '2021-01-15 08:18:10', 'jkljl', '2021-01-20 00:00:00'),
(925, 27, '2021-01-15 08:18:10', 'jkljl', '2021-01-20 00:00:00'),
(926, 27, '2021-01-15 08:18:10', 'jkljl', '2021-01-20 00:00:00'),
(927, 27, '2021-01-15 08:18:10', 'jkljl', '2021-01-20 00:00:00'),
(928, 27, '2021-01-15 08:18:11', 'jkljl', '2021-01-20 00:00:00'),
(929, 27, '2021-01-15 08:18:11', 'jkljl', '2021-01-20 00:00:00'),
(930, 27, '2021-01-15 08:20:35', 'jkljl', '2021-01-20 00:00:00'),
(931, 27, '2021-01-15 08:20:35', 'jkljl', '2021-01-20 00:00:00'),
(932, 27, '2021-01-15 08:20:35', 'jkljl', '2021-01-20 00:00:00'),
(933, 27, '2021-01-15 08:20:35', 'jkljl', '2021-01-20 00:00:00'),
(934, 27, '2021-01-15 08:20:35', 'jkljl', '2021-01-20 00:00:00'),
(935, 27, '2021-01-15 08:20:35', 'jkljl', '2021-01-20 00:00:00'),
(936, 27, '2021-01-15 08:20:35', 'jkljl', '2021-01-20 00:00:00'),
(937, 27, '2021-01-15 08:20:35', 'jkljl', '2021-01-20 00:00:00'),
(938, 27, '2021-01-15 08:20:35', 'jkljl', '2021-01-20 00:00:00'),
(939, 27, '2021-01-15 08:20:35', 'jkljl', '2021-01-20 00:00:00'),
(940, 27, '2021-01-15 08:20:35', 'jkljl', '2021-01-20 00:00:00'),
(941, 27, '2021-01-15 08:20:35', 'jkljl', '2021-01-20 00:00:00'),
(942, 27, '2021-01-15 08:20:35', 'jkljl', '2021-01-20 00:00:00'),
(943, 27, '2021-01-15 08:20:36', 'jkljl', '2021-01-20 00:00:00'),
(944, 27, '2021-01-15 08:21:18', 'jkljl', '2021-01-20 00:00:00'),
(945, 27, '2021-01-15 08:21:18', 'jkljl', '2021-01-20 00:00:00'),
(946, 27, '2021-01-15 08:21:18', 'jkljl', '2021-01-20 00:00:00'),
(947, 27, '2021-01-15 08:21:18', 'jkljl', '2021-01-20 00:00:00'),
(948, 27, '2021-01-15 08:21:18', 'jkljl', '2021-01-20 00:00:00'),
(949, 27, '2021-01-15 08:21:19', 'jkljl', '2021-01-20 00:00:00'),
(950, 27, '2021-01-15 08:21:19', 'jkljl', '2021-01-20 00:00:00'),
(951, 27, '2021-01-15 08:21:19', 'jkljl', '2021-01-20 00:00:00'),
(952, 27, '2021-01-15 08:21:19', 'jkljl', '2021-01-20 00:00:00'),
(953, 27, '2021-01-15 08:21:19', 'jkljl', '2021-01-20 00:00:00'),
(954, 27, '2021-01-15 08:21:19', 'jkljl', '2021-01-20 00:00:00'),
(955, 27, '2021-01-15 08:21:19', 'jkljl', '2021-01-20 00:00:00'),
(956, 27, '2021-01-15 08:21:19', 'jkljl', '2021-01-20 00:00:00'),
(957, 27, '2021-01-15 08:21:19', 'jkljl', '2021-01-20 00:00:00'),
(958, 27, '2021-01-15 08:24:28', 'jkljl', '2021-01-20 00:00:00'),
(959, 27, '2021-01-15 08:24:28', 'jkljl', '2021-01-20 00:00:00'),
(960, 27, '2021-01-15 08:24:28', 'jkljl', '2021-01-20 00:00:00'),
(961, 27, '2021-01-15 08:24:28', 'jkljl', '2021-01-20 00:00:00'),
(962, 27, '2021-01-15 08:24:28', 'jkljl', '2021-01-20 00:00:00'),
(963, 27, '2021-01-15 08:24:29', 'jkljl', '2021-01-20 00:00:00'),
(964, 27, '2021-01-15 08:24:29', 'jkljl', '2021-01-20 00:00:00'),
(965, 27, '2021-01-15 08:24:29', 'jkljl', '2021-01-20 00:00:00'),
(966, 27, '2021-01-15 08:24:29', 'jkljl', '2021-01-20 00:00:00'),
(967, 27, '2021-01-15 08:24:29', 'jkljl', '2021-01-20 00:00:00'),
(968, 27, '2021-01-15 08:24:29', 'jkljl', '2021-01-20 00:00:00'),
(969, 27, '2021-01-15 08:24:29', 'jkljl', '2021-01-20 00:00:00'),
(970, 27, '2021-01-15 08:24:29', 'jkljl', '2021-01-20 00:00:00'),
(971, 27, '2021-01-15 08:24:29', 'jkljl', '2021-01-20 00:00:00'),
(972, 27, '2021-01-15 08:27:41', 'jkljl', '2021-01-20 00:00:00'),
(973, 27, '2021-01-15 08:27:41', 'jkljl', '2021-01-20 00:00:00'),
(974, 27, '2021-01-15 08:27:41', 'jkljl', '2021-01-20 00:00:00'),
(975, 27, '2021-01-15 08:27:41', 'jkljl', '2021-01-20 00:00:00'),
(976, 27, '2021-01-15 08:27:41', 'jkljl', '2021-01-20 00:00:00'),
(977, 27, '2021-01-15 08:27:41', 'jkljl', '2021-01-20 00:00:00'),
(978, 27, '2021-01-15 08:27:41', 'jkljl', '2021-01-20 00:00:00'),
(979, 27, '2021-01-15 08:27:41', 'jkljl', '2021-01-20 00:00:00'),
(980, 27, '2021-01-15 08:27:41', 'jkljl', '2021-01-20 00:00:00'),
(981, 27, '2021-01-15 08:27:41', 'jkljl', '2021-01-20 00:00:00'),
(982, 27, '2021-01-15 08:27:41', 'jkljl', '2021-01-20 00:00:00'),
(983, 27, '2021-01-15 08:27:41', 'jkljl', '2021-01-20 00:00:00'),
(984, 27, '2021-01-15 08:27:41', 'jkljl', '2021-01-20 00:00:00'),
(985, 27, '2021-01-15 08:27:41', 'jkljl', '2021-01-20 00:00:00'),
(986, 27, '2021-01-15 08:28:53', 'jkljl', '2021-01-20 00:00:00'),
(987, 27, '2021-01-15 08:28:53', 'jkljl', '2021-01-20 00:00:00'),
(988, 27, '2021-01-15 08:28:53', 'jkljl', '2021-01-20 00:00:00'),
(989, 27, '2021-01-15 08:28:53', 'jkljl', '2021-01-20 00:00:00'),
(990, 27, '2021-01-15 08:28:53', 'jkljl', '2021-01-20 00:00:00'),
(991, 27, '2021-01-15 08:28:53', 'jkljl', '2021-01-20 00:00:00'),
(992, 27, '2021-01-15 08:28:53', 'jkljl', '2021-01-20 00:00:00'),
(993, 27, '2021-01-15 08:28:53', 'jkljl', '2021-01-20 00:00:00'),
(994, 27, '2021-01-15 08:28:53', 'jkljl', '2021-01-20 00:00:00'),
(995, 27, '2021-01-15 08:28:54', 'jkljl', '2021-01-20 00:00:00'),
(996, 27, '2021-01-15 08:28:54', 'jkljl', '2021-01-20 00:00:00'),
(997, 27, '2021-01-15 08:28:54', 'jkljl', '2021-01-20 00:00:00'),
(998, 27, '2021-01-15 08:28:54', 'jkljl', '2021-01-20 00:00:00'),
(999, 27, '2021-01-15 08:28:54', 'jkljl', '2021-01-20 00:00:00'),
(1000, 27, '2021-01-15 08:29:37', 'jkljl', '2021-01-20 00:00:00'),
(1001, 27, '2021-01-15 08:29:37', 'jkljl', '2021-01-20 00:00:00'),
(1002, 27, '2021-01-15 08:29:37', 'jkljl', '2021-01-20 00:00:00'),
(1003, 27, '2021-01-15 08:29:37', 'jkljl', '2021-01-20 00:00:00'),
(1004, 27, '2021-01-15 08:29:37', 'jkljl', '2021-01-20 00:00:00'),
(1005, 27, '2021-01-15 08:29:37', 'jkljl', '2021-01-20 00:00:00'),
(1006, 27, '2021-01-15 08:29:37', 'jkljl', '2021-01-20 00:00:00'),
(1007, 27, '2021-01-15 08:29:37', 'jkljl', '2021-01-20 00:00:00'),
(1008, 27, '2021-01-15 08:29:37', 'jkljl', '2021-01-20 00:00:00'),
(1009, 27, '2021-01-15 08:29:37', 'jkljl', '2021-01-20 00:00:00'),
(1010, 27, '2021-01-15 08:29:37', 'jkljl', '2021-01-20 00:00:00'),
(1011, 27, '2021-01-15 08:29:37', 'jkljl', '2021-01-20 00:00:00'),
(1012, 27, '2021-01-15 08:29:37', 'jkljl', '2021-01-20 00:00:00'),
(1013, 27, '2021-01-15 08:29:37', 'jkljl', '2021-01-20 00:00:00'),
(1014, 27, '2021-01-15 08:30:22', 'jkljl', '2021-01-20 00:00:00'),
(1015, 27, '2021-01-15 08:30:22', 'jkljl', '2021-01-20 00:00:00'),
(1016, 27, '2021-01-15 08:30:22', 'jkljl', '2021-01-20 00:00:00'),
(1017, 27, '2021-01-15 08:30:22', 'jkljl', '2021-01-20 00:00:00'),
(1018, 27, '2021-01-15 08:30:22', 'jkljl', '2021-01-20 00:00:00'),
(1019, 27, '2021-01-15 08:30:22', 'jkljl', '2021-01-20 00:00:00'),
(1020, 27, '2021-01-15 08:30:23', 'jkljl', '2021-01-20 00:00:00'),
(1021, 27, '2021-01-15 08:30:23', 'jkljl', '2021-01-20 00:00:00'),
(1022, 27, '2021-01-15 08:30:23', 'jkljl', '2021-01-20 00:00:00'),
(1023, 27, '2021-01-15 08:30:23', 'jkljl', '2021-01-20 00:00:00'),
(1024, 27, '2021-01-15 08:30:23', 'jkljl', '2021-01-20 00:00:00'),
(1025, 27, '2021-01-15 08:30:23', 'jkljl', '2021-01-20 00:00:00'),
(1026, 27, '2021-01-15 08:30:23', 'jkljl', '2021-01-20 00:00:00'),
(1027, 27, '2021-01-15 08:30:23', 'jkljl', '2021-01-20 00:00:00'),
(1028, 27, '2021-01-15 08:32:22', 'jkljl', '2021-01-20 00:00:00'),
(1029, 27, '2021-01-15 08:32:22', 'jkljl', '2021-01-20 00:00:00'),
(1030, 27, '2021-01-15 08:32:22', 'jkljl', '2021-01-20 00:00:00'),
(1031, 27, '2021-01-15 08:32:22', 'jkljl', '2021-01-20 00:00:00'),
(1032, 27, '2021-01-15 08:32:22', 'jkljl', '2021-01-20 00:00:00'),
(1033, 27, '2021-01-15 08:32:22', 'jkljl', '2021-01-20 00:00:00'),
(1034, 27, '2021-01-15 08:32:22', 'jkljl', '2021-01-20 00:00:00'),
(1035, 27, '2021-01-15 08:32:22', 'jkljl', '2021-01-20 00:00:00'),
(1036, 27, '2021-01-15 08:32:22', 'jkljl', '2021-01-20 00:00:00'),
(1037, 27, '2021-01-15 08:32:22', 'jkljl', '2021-01-20 00:00:00'),
(1038, 27, '2021-01-15 08:32:22', 'jkljl', '2021-01-20 00:00:00'),
(1039, 27, '2021-01-15 08:32:22', 'jkljl', '2021-01-20 00:00:00'),
(1040, 27, '2021-01-15 08:32:22', 'jkljl', '2021-01-20 00:00:00'),
(1041, 27, '2021-01-15 08:32:22', 'jkljl', '2021-01-20 00:00:00'),
(1042, 27, '2021-01-15 08:32:23', 'jkljl', '2021-01-20 00:00:00'),
(1043, 27, '2021-01-15 08:32:23', 'jkljl', '2021-01-20 00:00:00'),
(1044, 27, '2021-01-15 08:32:23', 'jkljl', '2021-01-20 00:00:00'),
(1045, 27, '2021-01-15 08:32:23', 'jkljl', '2021-01-20 00:00:00'),
(1046, 27, '2021-01-15 08:32:23', 'jkljl', '2021-01-20 00:00:00'),
(1047, 27, '2021-01-15 08:32:23', 'jkljl', '2021-01-20 00:00:00'),
(1048, 27, '2021-01-15 08:32:23', 'jkljl', '2021-01-20 00:00:00'),
(1049, 27, '2021-01-15 08:32:23', 'jkljl', '2021-01-20 00:00:00'),
(1050, 27, '2021-01-15 08:32:23', 'jkljl', '2021-01-20 00:00:00'),
(1051, 27, '2021-01-15 08:32:23', 'jkljl', '2021-01-20 00:00:00'),
(1052, 27, '2021-01-15 08:33:17', 'jkljl', '2021-01-20 00:00:00'),
(1053, 27, '2021-01-15 08:33:17', 'jkljl', '2021-01-20 00:00:00'),
(1054, 27, '2021-01-15 08:33:17', 'jkljl', '2021-01-20 00:00:00'),
(1055, 27, '2021-01-15 08:33:17', 'jkljl', '2021-01-20 00:00:00'),
(1056, 27, '2021-01-15 08:33:17', 'jkljl', '2021-01-20 00:00:00'),
(1057, 27, '2021-01-15 08:33:17', 'jkljl', '2021-01-20 00:00:00'),
(1058, 27, '2021-01-15 08:33:17', 'jkljl', '2021-01-20 00:00:00'),
(1059, 27, '2021-01-15 08:33:17', 'jkljl', '2021-01-20 00:00:00'),
(1060, 27, '2021-01-15 08:33:17', 'jkljl', '2021-01-20 00:00:00'),
(1061, 27, '2021-01-15 08:33:17', 'jkljl', '2021-01-20 00:00:00'),
(1062, 27, '2021-01-15 08:33:18', 'jkljl', '2021-01-20 00:00:00'),
(1063, 27, '2021-01-15 08:33:18', 'jkljl', '2021-01-20 00:00:00'),
(1064, 27, '2021-01-15 08:33:18', 'jkljl', '2021-01-20 00:00:00'),
(1065, 27, '2021-01-15 08:33:18', 'jkljl', '2021-01-20 00:00:00'),
(1066, 27, '2021-01-15 08:33:18', 'jkljl', '2021-01-20 00:00:00'),
(1067, 27, '2021-01-15 08:33:18', 'jkljl', '2021-01-20 00:00:00'),
(1068, 27, '2021-01-15 08:33:18', 'jkljl', '2021-01-20 00:00:00'),
(1069, 27, '2021-01-15 08:33:18', 'jkljl', '2021-01-20 00:00:00'),
(1070, 27, '2021-01-15 08:33:18', 'jkljl', '2021-01-20 00:00:00'),
(1071, 27, '2021-01-15 08:33:18', 'jkljl', '2021-01-20 00:00:00'),
(1072, 27, '2021-01-15 08:33:18', 'jkljl', '2021-01-20 00:00:00'),
(1073, 27, '2021-01-15 08:33:18', 'jkljl', '2021-01-20 00:00:00'),
(1074, 27, '2021-01-15 08:33:18', 'jkljl', '2021-01-20 00:00:00'),
(1075, 27, '2021-01-15 08:33:18', 'jkljl', '2021-01-20 00:00:00'),
(1076, 27, '2021-01-15 08:34:18', 'jkljl', '2021-01-20 00:00:00'),
(1077, 27, '2021-01-15 08:34:19', 'jkljl', '2021-01-20 00:00:00'),
(1078, 27, '2021-01-15 08:34:19', 'jkljl', '2021-01-20 00:00:00'),
(1079, 27, '2021-01-15 08:34:19', 'jkljl', '2021-01-20 00:00:00'),
(1080, 27, '2021-01-15 08:34:19', 'jkljl', '2021-01-20 00:00:00'),
(1081, 27, '2021-01-15 08:34:19', 'jkljl', '2021-01-20 00:00:00'),
(1082, 27, '2021-01-15 08:34:19', 'jkljl', '2021-01-20 00:00:00'),
(1083, 27, '2021-01-15 08:34:19', 'jkljl', '2021-01-20 00:00:00'),
(1084, 27, '2021-01-15 08:34:19', 'jkljl', '2021-01-20 00:00:00'),
(1085, 27, '2021-01-15 08:34:19', 'jkljl', '2021-01-20 00:00:00'),
(1086, 27, '2021-01-15 08:34:19', 'jkljl', '2021-01-20 00:00:00'),
(1087, 27, '2021-01-15 08:34:19', 'jkljl', '2021-01-20 00:00:00'),
(1088, 27, '2021-01-15 08:34:19', 'jkljl', '2021-01-20 00:00:00'),
(1089, 27, '2021-01-15 08:34:19', 'jkljl', '2021-01-20 00:00:00'),
(1090, 27, '2021-01-15 08:34:19', 'jkljl', '2021-01-20 00:00:00'),
(1091, 27, '2021-01-15 08:34:19', 'jkljl', '2021-01-20 00:00:00'),
(1092, 27, '2021-01-15 08:34:19', 'jkljl', '2021-01-20 00:00:00'),
(1093, 27, '2021-01-15 08:34:20', 'jkljl', '2021-01-20 00:00:00'),
(1094, 27, '2021-01-15 08:34:20', 'jkljl', '2021-01-20 00:00:00'),
(1095, 27, '2021-01-15 08:34:20', 'jkljl', '2021-01-20 00:00:00'),
(1096, 27, '2021-01-15 08:34:20', 'jkljl', '2021-01-20 00:00:00'),
(1097, 27, '2021-01-15 08:34:20', 'jkljl', '2021-01-20 00:00:00'),
(1098, 27, '2021-01-15 08:34:20', 'jkljl', '2021-01-20 00:00:00'),
(1099, 27, '2021-01-15 08:34:20', 'jkljl', '2021-01-20 00:00:00'),
(1100, 27, '2021-01-15 08:34:46', 'jkljl', '2021-01-20 00:00:00'),
(1101, 27, '2021-01-15 08:34:46', 'jkljl', '2021-01-20 00:00:00'),
(1102, 27, '2021-01-15 08:34:46', 'jkljl', '2021-01-20 00:00:00'),
(1103, 27, '2021-01-15 08:34:46', 'jkljl', '2021-01-20 00:00:00'),
(1104, 27, '2021-01-15 08:34:46', 'jkljl', '2021-01-20 00:00:00'),
(1105, 27, '2021-01-15 08:34:46', 'jkljl', '2021-01-20 00:00:00'),
(1106, 27, '2021-01-15 08:34:46', 'jkljl', '2021-01-20 00:00:00'),
(1107, 27, '2021-01-15 08:34:46', 'jkljl', '2021-01-20 00:00:00'),
(1108, 27, '2021-01-15 08:34:46', 'jkljl', '2021-01-20 00:00:00'),
(1109, 27, '2021-01-15 08:34:46', 'jkljl', '2021-01-20 00:00:00'),
(1110, 27, '2021-01-15 08:34:46', 'jkljl', '2021-01-20 00:00:00'),
(1111, 27, '2021-01-15 08:34:46', 'jkljl', '2021-01-20 00:00:00'),
(1112, 27, '2021-01-15 08:34:46', 'jkljl', '2021-01-20 00:00:00'),
(1113, 27, '2021-01-15 08:34:46', 'jkljl', '2021-01-20 00:00:00'),
(1114, 27, '2021-01-15 08:34:46', 'jkljl', '2021-01-20 00:00:00'),
(1115, 27, '2021-01-15 08:34:46', 'jkljl', '2021-01-20 00:00:00'),
(1116, 27, '2021-01-15 08:34:47', 'jkljl', '2021-01-20 00:00:00'),
(1117, 27, '2021-01-15 08:34:47', 'jkljl', '2021-01-20 00:00:00'),
(1118, 27, '2021-01-15 08:34:47', 'jkljl', '2021-01-20 00:00:00'),
(1119, 27, '2021-01-15 08:34:47', 'jkljl', '2021-01-20 00:00:00'),
(1120, 27, '2021-01-15 08:34:47', 'jkljl', '2021-01-20 00:00:00'),
(1121, 27, '2021-01-15 08:34:47', 'jkljl', '2021-01-20 00:00:00'),
(1122, 27, '2021-01-15 08:34:47', 'jkljl', '2021-01-20 00:00:00'),
(1123, 27, '2021-01-15 08:34:47', 'jkljl', '2021-01-20 00:00:00'),
(1124, 27, '2021-01-15 08:35:33', 'jkljl', '2021-01-20 00:00:00'),
(1125, 27, '2021-01-15 08:35:33', 'jkljl', '2021-01-20 00:00:00'),
(1126, 27, '2021-01-15 08:35:33', 'jkljl', '2021-01-20 00:00:00'),
(1127, 27, '2021-01-15 08:35:33', 'jkljl', '2021-01-20 00:00:00'),
(1128, 27, '2021-01-15 08:35:33', 'jkljl', '2021-01-20 00:00:00'),
(1129, 27, '2021-01-15 08:35:33', 'jkljl', '2021-01-20 00:00:00'),
(1130, 27, '2021-01-15 08:35:33', 'jkljl', '2021-01-20 00:00:00'),
(1131, 27, '2021-01-15 08:35:33', 'jkljl', '2021-01-20 00:00:00'),
(1132, 27, '2021-01-15 08:35:33', 'jkljl', '2021-01-20 00:00:00'),
(1133, 27, '2021-01-15 08:35:33', 'jkljl', '2021-01-20 00:00:00'),
(1134, 27, '2021-01-15 08:35:34', 'jkljl', '2021-01-20 00:00:00'),
(1135, 27, '2021-01-15 08:35:34', 'jkljl', '2021-01-20 00:00:00'),
(1136, 27, '2021-01-15 08:35:34', 'jkljl', '2021-01-20 00:00:00'),
(1137, 27, '2021-01-15 08:35:34', 'jkljl', '2021-01-20 00:00:00'),
(1138, 27, '2021-01-15 08:35:34', 'jkljl', '2021-01-20 00:00:00'),
(1139, 27, '2021-01-15 08:35:34', 'jkljl', '2021-01-20 00:00:00'),
(1140, 27, '2021-01-15 08:35:34', 'jkljl', '2021-01-20 00:00:00'),
(1141, 27, '2021-01-15 08:35:34', 'jkljl', '2021-01-20 00:00:00'),
(1142, 27, '2021-01-15 08:35:34', 'jkljl', '2021-01-20 00:00:00'),
(1143, 27, '2021-01-15 08:35:34', 'jkljl', '2021-01-20 00:00:00'),
(1144, 27, '2021-01-15 08:35:34', 'jkljl', '2021-01-20 00:00:00'),
(1145, 27, '2021-01-15 08:35:34', 'jkljl', '2021-01-20 00:00:00'),
(1146, 27, '2021-01-15 08:35:34', 'jkljl', '2021-01-20 00:00:00'),
(1147, 27, '2021-01-15 08:35:34', 'jkljl', '2021-01-20 00:00:00'),
(1148, 27, '2021-01-15 08:37:46', 'jkljl', '2021-01-20 00:00:00'),
(1149, 27, '2021-01-15 08:37:46', 'jkljl', '2021-01-20 00:00:00'),
(1150, 27, '2021-01-15 08:37:47', 'jkljl', '2021-01-20 00:00:00'),
(1151, 27, '2021-01-15 08:37:47', 'jkljl', '2021-01-20 00:00:00'),
(1152, 27, '2021-01-15 08:37:47', 'jkljl', '2021-01-20 00:00:00'),
(1153, 27, '2021-01-15 08:37:47', 'jkljl', '2021-01-20 00:00:00'),
(1154, 27, '2021-01-15 08:37:47', 'jkljl', '2021-01-20 00:00:00'),
(1155, 27, '2021-01-15 08:37:47', 'jkljl', '2021-01-20 00:00:00'),
(1156, 27, '2021-01-15 08:37:47', 'jkljl', '2021-01-20 00:00:00'),
(1157, 27, '2021-01-15 08:37:47', 'jkljl', '2021-01-20 00:00:00'),
(1158, 27, '2021-01-15 08:37:47', 'jkljl', '2021-01-20 00:00:00'),
(1159, 27, '2021-01-15 08:37:47', 'jkljl', '2021-01-20 00:00:00'),
(1160, 27, '2021-01-15 08:37:47', 'jkljl', '2021-01-20 00:00:00'),
(1161, 27, '2021-01-15 08:37:47', 'jkljl', '2021-01-20 00:00:00'),
(1162, 27, '2021-01-15 08:37:47', 'jkljl', '2021-01-20 00:00:00'),
(1163, 27, '2021-01-15 08:37:47', 'jkljl', '2021-01-20 00:00:00'),
(1164, 27, '2021-01-15 08:37:47', 'jkljl', '2021-01-20 00:00:00'),
(1165, 27, '2021-01-15 08:37:47', 'jkljl', '2021-01-20 00:00:00'),
(1166, 27, '2021-01-15 08:37:47', 'jkljl', '2021-01-20 00:00:00'),
(1167, 27, '2021-01-15 08:37:47', 'jkljl', '2021-01-20 00:00:00'),
(1168, 27, '2021-01-15 08:37:47', 'jkljl', '2021-01-20 00:00:00'),
(1169, 27, '2021-01-15 08:37:47', 'jkljl', '2021-01-20 00:00:00'),
(1170, 27, '2021-01-15 08:37:47', 'jkljl', '2021-01-20 00:00:00'),
(1171, 27, '2021-01-15 08:37:47', 'jkljl', '2021-01-20 00:00:00'),
(1172, 27, '2021-01-15 08:48:47', 'jkljl', '2021-01-20 00:00:00'),
(1173, 27, '2021-01-15 08:48:47', 'jkljl', '2021-01-20 00:00:00'),
(1174, 27, '2021-01-15 08:48:47', 'jkljl', '2021-01-20 00:00:00'),
(1175, 27, '2021-01-15 08:48:47', 'jkljl', '2021-01-20 00:00:00'),
(1176, 27, '2021-01-15 08:48:47', 'jkljl', '2021-01-20 00:00:00'),
(1177, 27, '2021-01-15 08:48:47', 'jkljl', '2021-01-20 00:00:00'),
(1178, 27, '2021-01-15 08:48:47', 'jkljl', '2021-01-20 00:00:00'),
(1179, 27, '2021-01-15 08:48:47', 'jkljl', '2021-01-20 00:00:00'),
(1180, 27, '2021-01-15 08:48:47', 'jkljl', '2021-01-20 00:00:00'),
(1181, 27, '2021-01-15 08:48:47', 'jkljl', '2021-01-20 00:00:00'),
(1182, 27, '2021-01-15 08:48:47', 'jkljl', '2021-01-20 00:00:00'),
(1183, 27, '2021-01-15 08:48:47', 'jkljl', '2021-01-20 00:00:00'),
(1184, 27, '2021-01-15 08:48:47', 'jkljl', '2021-01-20 00:00:00'),
(1185, 27, '2021-01-15 08:48:47', 'jkljl', '2021-01-20 00:00:00'),
(1186, 27, '2021-01-15 08:48:47', 'jkljl', '2021-01-20 00:00:00'),
(1187, 27, '2021-01-15 08:48:47', 'jkljl', '2021-01-20 00:00:00'),
(1188, 27, '2021-01-15 08:48:47', 'jkljl', '2021-01-20 00:00:00'),
(1189, 27, '2021-01-15 08:48:47', 'jkljl', '2021-01-20 00:00:00'),
(1190, 27, '2021-01-15 08:48:47', 'jkljl', '2021-01-20 00:00:00'),
(1191, 27, '2021-01-15 08:48:47', 'jkljl', '2021-01-20 00:00:00'),
(1192, 27, '2021-01-15 08:48:48', 'jkljl', '2021-01-20 00:00:00'),
(1193, 27, '2021-01-15 08:48:48', 'jkljl', '2021-01-20 00:00:00'),
(1194, 27, '2021-01-15 08:48:48', 'jkljl', '2021-01-20 00:00:00'),
(1195, 27, '2021-01-15 08:48:48', 'jkljl', '2021-01-20 00:00:00'),
(1196, 27, '2021-01-15 08:49:40', 'jkljl', '2021-01-20 00:00:00'),
(1197, 27, '2021-01-15 08:49:40', 'jkljl', '2021-01-20 00:00:00'),
(1198, 27, '2021-01-15 08:49:40', 'jkljl', '2021-01-20 00:00:00'),
(1199, 27, '2021-01-15 08:49:40', 'jkljl', '2021-01-20 00:00:00'),
(1200, 27, '2021-01-15 08:49:40', 'jkljl', '2021-01-20 00:00:00'),
(1201, 27, '2021-01-15 08:49:40', 'jkljl', '2021-01-20 00:00:00'),
(1202, 27, '2021-01-15 08:49:40', 'jkljl', '2021-01-20 00:00:00'),
(1203, 27, '2021-01-15 08:49:40', 'jkljl', '2021-01-20 00:00:00'),
(1204, 27, '2021-01-15 08:49:40', 'jkljl', '2021-01-20 00:00:00'),
(1205, 27, '2021-01-15 08:49:40', 'jkljl', '2021-01-20 00:00:00'),
(1206, 27, '2021-01-15 08:49:40', 'jkljl', '2021-01-20 00:00:00'),
(1207, 27, '2021-01-15 08:49:41', 'jkljl', '2021-01-20 00:00:00'),
(1208, 27, '2021-01-15 08:49:41', 'jkljl', '2021-01-20 00:00:00'),
(1209, 27, '2021-01-15 08:49:41', 'jkljl', '2021-01-20 00:00:00'),
(1210, 27, '2021-01-15 08:49:41', 'jkljl', '2021-01-20 00:00:00'),
(1211, 27, '2021-01-15 08:49:41', 'jkljl', '2021-01-20 00:00:00'),
(1212, 27, '2021-01-15 08:49:41', 'jkljl', '2021-01-20 00:00:00'),
(1213, 27, '2021-01-15 08:49:41', 'jkljl', '2021-01-20 00:00:00'),
(1214, 27, '2021-01-15 08:49:41', 'jkljl', '2021-01-20 00:00:00'),
(1215, 27, '2021-01-15 08:49:41', 'jkljl', '2021-01-20 00:00:00'),
(1216, 27, '2021-01-15 08:49:41', 'jkljl', '2021-01-20 00:00:00'),
(1217, 27, '2021-01-15 08:49:41', 'jkljl', '2021-01-20 00:00:00'),
(1218, 27, '2021-01-15 08:49:41', 'jkljl', '2021-01-20 00:00:00'),
(1219, 27, '2021-01-15 08:49:41', 'jkljl', '2021-01-20 00:00:00'),
(1220, 27, '2021-01-15 08:51:52', 'jkljl', '2021-01-20 00:00:00'),
(1221, 27, '2021-01-15 08:51:52', 'jkljl', '2021-01-20 00:00:00'),
(1222, 27, '2021-01-15 08:51:52', 'jkljl', '2021-01-20 00:00:00'),
(1223, 27, '2021-01-15 08:51:52', 'jkljl', '2021-01-20 00:00:00'),
(1224, 27, '2021-01-15 08:51:52', 'jkljl', '2021-01-20 00:00:00'),
(1225, 27, '2021-01-15 08:51:52', 'jkljl', '2021-01-20 00:00:00'),
(1226, 27, '2021-01-15 08:51:52', 'jkljl', '2021-01-20 00:00:00'),
(1227, 27, '2021-01-15 08:51:52', 'jkljl', '2021-01-20 00:00:00'),
(1228, 27, '2021-01-15 08:51:52', 'jkljl', '2021-01-20 00:00:00'),
(1229, 27, '2021-01-15 08:51:52', 'jkljl', '2021-01-20 00:00:00'),
(1230, 27, '2021-01-15 08:51:52', 'jkljl', '2021-01-20 00:00:00'),
(1231, 27, '2021-01-15 08:51:53', 'jkljl', '2021-01-20 00:00:00'),
(1232, 27, '2021-01-15 08:51:53', 'jkljl', '2021-01-20 00:00:00'),
(1233, 27, '2021-01-15 08:51:53', 'jkljl', '2021-01-20 00:00:00'),
(1234, 27, '2021-01-15 08:51:53', 'jkljl', '2021-01-20 00:00:00'),
(1235, 27, '2021-01-15 08:51:53', 'jkljl', '2021-01-20 00:00:00'),
(1236, 27, '2021-01-15 08:51:53', 'jkljl', '2021-01-20 00:00:00'),
(1237, 27, '2021-01-15 08:51:53', 'jkljl', '2021-01-20 00:00:00'),
(1238, 27, '2021-01-15 08:51:53', 'jkljl', '2021-01-20 00:00:00'),
(1239, 27, '2021-01-15 08:51:53', 'jkljl', '2021-01-20 00:00:00'),
(1240, 27, '2021-01-15 08:51:53', 'jkljl', '2021-01-20 00:00:00'),
(1241, 27, '2021-01-15 08:51:53', 'jkljl', '2021-01-20 00:00:00'),
(1242, 27, '2021-01-15 08:51:53', 'jkljl', '2021-01-20 00:00:00'),
(1243, 27, '2021-01-15 08:51:53', 'jkljl', '2021-01-20 00:00:00'),
(1244, 27, '2021-01-15 08:52:30', 'jkljl', '2021-01-20 00:00:00'),
(1245, 27, '2021-01-15 08:52:30', 'jkljl', '2021-01-20 00:00:00'),
(1246, 27, '2021-01-15 08:52:30', 'jkljl', '2021-01-20 00:00:00'),
(1247, 27, '2021-01-15 08:52:30', 'jkljl', '2021-01-20 00:00:00'),
(1248, 27, '2021-01-15 08:52:30', 'jkljl', '2021-01-20 00:00:00'),
(1249, 27, '2021-01-15 08:52:30', 'jkljl', '2021-01-20 00:00:00'),
(1250, 27, '2021-01-15 08:52:30', 'jkljl', '2021-01-20 00:00:00'),
(1251, 27, '2021-01-15 08:52:30', 'jkljl', '2021-01-20 00:00:00'),
(1252, 27, '2021-01-15 08:52:30', 'jkljl', '2021-01-20 00:00:00'),
(1253, 27, '2021-01-15 08:52:30', 'jkljl', '2021-01-20 00:00:00'),
(1254, 27, '2021-01-15 08:52:30', 'jkljl', '2021-01-20 00:00:00'),
(1255, 27, '2021-01-15 08:52:30', 'jkljl', '2021-01-20 00:00:00'),
(1256, 27, '2021-01-15 08:52:30', 'jkljl', '2021-01-20 00:00:00'),
(1257, 27, '2021-01-15 08:52:30', 'jkljl', '2021-01-20 00:00:00'),
(1258, 27, '2021-01-15 08:52:30', 'jkljl', '2021-01-20 00:00:00'),
(1259, 27, '2021-01-15 08:52:30', 'jkljl', '2021-01-20 00:00:00'),
(1260, 27, '2021-01-15 08:52:31', 'jkljl', '2021-01-20 00:00:00'),
(1261, 27, '2021-01-15 08:52:31', 'jkljl', '2021-01-20 00:00:00'),
(1262, 27, '2021-01-15 08:52:31', 'jkljl', '2021-01-20 00:00:00'),
(1263, 27, '2021-01-15 08:52:31', 'jkljl', '2021-01-20 00:00:00'),
(1264, 27, '2021-01-15 08:52:31', 'jkljl', '2021-01-20 00:00:00'),
(1265, 27, '2021-01-15 08:52:31', 'jkljl', '2021-01-20 00:00:00'),
(1266, 27, '2021-01-15 08:52:31', 'jkljl', '2021-01-20 00:00:00'),
(1267, 27, '2021-01-15 08:52:31', 'jkljl', '2021-01-20 00:00:00'),
(1268, 27, '2021-01-15 09:28:09', 'htyuiopm', '2021-01-23 00:00:00'),
(1269, 27, '2021-01-15 09:28:09', 'htyuiopm', '2021-01-23 00:00:00'),
(1270, 27, '2021-01-15 09:28:09', 'htyuiopm', '2021-01-23 00:00:00'),
(1271, 27, '2021-01-15 09:28:10', 'htyuiopm', '2021-01-23 00:00:00'),
(1272, 27, '2021-01-15 09:28:10', 'htyuiopm', '2021-01-23 00:00:00'),
(1273, 27, '2021-01-15 09:28:10', 'htyuiopm', '2021-01-23 00:00:00'),
(1274, 27, '2021-01-15 09:28:10', 'htyuiopm', '2021-01-23 00:00:00'),
(1275, 27, '2021-01-15 09:28:10', 'htyuiopm', '2021-01-23 00:00:00'),
(1276, 27, '2021-01-15 09:28:10', 'htyuiopm', '2021-01-23 00:00:00'),
(1277, 27, '2021-01-15 09:28:10', 'htyuiopm', '2021-01-23 00:00:00'),
(1278, 27, '2021-01-15 09:28:10', 'htyuiopm', '2021-01-23 00:00:00'),
(1279, 27, '2021-01-15 09:28:10', 'htyuiopm', '2021-01-23 00:00:00'),
(1280, 27, '2021-01-15 09:28:10', 'htyuiopm', '2021-01-23 00:00:00');

-- --------------------------------------------------------

--
-- Structure de la table `t_materials_register`
--

CREATE TABLE `t_materials_register` (
  `ID` int(11) NOT NULL,
  `ID MATERIAL ENTRY` int(11) NOT NULL COMMENT 'Le numéro d''ID provenant de la table t_materials_entry',
  `INIT DATE` datetime NOT NULL DEFAULT current_timestamp() COMMENT 'Date à laquelle le compagnon déclare avoir ouvert le pot ou commencé le mélange',
  `CLOSE DATE` datetime DEFAULT NULL
) ENGINE=InnoDB DEFAULT CHARSET=utf8mb4 COMMENT='matériaux peinture ou PR';

--
-- Déchargement des données de la table `t_materials_register`
--

INSERT INTO `t_materials_register` (`ID`, `ID MATERIAL ENTRY`, `INIT DATE`, `CLOSE DATE`) VALUES
(15, 722, '2020-11-30 18:16:51', NULL),
(16, 725, '2020-12-01 11:48:11', NULL);

-- --------------------------------------------------------

--
-- Structure de la table `t_moulage`
--

CREATE TABLE `t_moulage` (
  `ID` int(11) NOT NULL,
  `numOT` int(11) NOT NULL,
  `dateLimDrap` datetime DEFAULT NULL,
  `dateLimPol` datetime DEFAULT NULL,
  `dateLim18` datetime DEFAULT NULL,
  `DATE_DE_CREATION` timestamp NOT NULL DEFAULT current_timestamp(),
  `DATE_DE_MODIFICATION` timestamp NULL DEFAULT NULL,
  `MATRICULE` int(6) DEFAULT NULL COMMENT 'C''est le matricule de la personne ayant réalisé la traçabilité'
) ENGINE=InnoDB DEFAULT CHARSET=utf8mb4;

--
-- Déchargement des données de la table `t_moulage`
--

INSERT INTO `t_moulage` (`ID`, `numOT`, `dateLimDrap`, `dateLimPol`, `dateLim18`, `DATE_DE_CREATION`, `DATE_DE_MODIFICATION`, `MATRICULE`) VALUES
(2, 95904, '2020-06-04 16:08:02', '2020-06-15 16:08:02', '2020-10-13 21:59:02', '2020-06-02 03:33:23', NULL, NULL),
(4, 95898, '2020-06-04 16:08:28', '2020-06-15 16:08:28', '2020-10-13 21:59:03', '2020-06-02 03:53:56', NULL, NULL),
(5, 95899, '0000-12-30 23:51:30', '0000-12-30 23:51:30', '0000-12-30 23:51:30', '2020-06-02 06:13:58', NULL, NULL),
(6, 95898, '2020-06-04 16:08:31', '2020-06-15 16:08:31', '2020-10-13 21:59:19', '2020-06-02 10:22:05', NULL, NULL),
(7, 95895, '2020-06-04 16:08:37', '2020-06-15 16:08:37', '2020-10-13 21:59:37', '2020-06-03 09:22:47', NULL, NULL),
(8, 95902, '0000-12-30 23:50:43', '0000-12-30 23:50:43', '0000-12-30 23:50:43', '2020-06-03 12:08:00', NULL, NULL),
(9, 95904, '2020-06-09 00:49:01', '2020-06-20 00:49:01', '2020-10-13 21:59:01', '2020-06-04 06:00:22', NULL, NULL),
(10, 95896, '2020-06-09 00:49:06', '2020-06-20 00:49:06', '2020-10-13 21:59:06', '2020-06-04 14:03:14', NULL, NULL),
(11, 95902, '2020-06-14 05:30:05', '2020-06-17 06:33:59', '2020-09-03 21:59:08', '2020-06-09 14:28:44', NULL, NULL),
(12, 95899, '2020-06-14 05:30:09', '2020-06-25 05:30:09', '2020-10-13 21:59:09', '2020-06-09 14:40:48', NULL, NULL),
(14, 95902, '2020-12-02 16:00:00', '2020-12-03 16:00:00', '2020-11-03 02:03:00', '2020-06-16 06:17:14', NULL, NULL),
(15, 95902, '2018-11-26 05:00:00', '2018-12-11 05:00:00', '2019-06-12 21:59:00', '2020-06-18 09:30:06', NULL, NULL),
(16, 95902, '2020-06-23 11:13:00', '2020-06-23 11:14:00', '2020-06-22 15:00:00', '2020-06-22 07:42:03', NULL, NULL),
(17, 95903, '2020-06-23 13:15:00', '2020-06-23 14:16:00', '2020-06-23 12:14:00', '2020-06-22 08:13:41', NULL, NULL),
(18, 95896, '2020-06-26 15:40:37', '2020-07-06 14:01:15', '2020-07-09 21:59:15', '2020-06-22 11:26:39', NULL, NULL),
(19, 95896, '2020-06-26 13:40:04', '2020-07-06 12:01:26', '2020-07-09 19:59:26', '2020-06-22 13:23:13', '2020-06-22 11:24:31', NULL),
(20, 95896, '2020-06-26 15:40:55', '2020-07-06 14:01:39', '2020-07-09 21:59:39', '2020-06-22 14:02:29', NULL, NULL),
(21, 95896, '2020-06-23 11:13:00', '2020-06-15 10:12:00', '2020-06-23 11:13:00', '2020-06-22 14:13:02', NULL, NULL),
(22, 95897, '2020-06-26 15:40:04', '2020-06-28 19:19:30', '2020-07-09 21:59:30', '2020-06-23 12:16:16', NULL, NULL),
(23, 95898, '2020-06-26 15:40:11', '2020-07-06 14:01:27', '2020-07-09 21:59:27', '2020-06-24 08:39:37', NULL, NULL),
(24, 95895, '2020-06-28 15:19:34', '2020-07-09 15:19:34', '2020-09-03 21:59:34', '2020-06-24 13:36:43', NULL, NULL),
(25, 95902, '2020-06-26 15:40:12', '2020-07-07 15:40:12', '2020-09-03 21:59:08', '2020-06-25 13:36:13', NULL, NULL),
(26, 95898, '2020-07-04 10:47:11', '2020-07-15 10:47:11', '2020-10-13 21:59:11', '2020-06-30 12:07:46', NULL, NULL),
(27, 95848, '2020-07-02 12:46:00', '2020-07-09 21:59:00', '2020-07-09 21:59:00', '2020-06-30 14:47:41', NULL, NULL),
(28, 95896, '2020-06-26 15:40:04', '2020-07-07 15:40:04', '2020-09-03 21:59:47', '2020-07-01 14:46:12', NULL, NULL),
(29, 95899, '2020-07-10 06:57:44', '2020-07-10 06:57:44', '2020-09-03 19:59:51', '2020-07-06 08:44:28', '2020-07-07 04:23:04', NULL),
(30, 95901, '2020-07-12 09:08:09', '2020-07-19 16:05:32', '2020-09-03 19:59:48', '2020-07-06 09:42:15', '2020-07-07 04:23:33', NULL),
(31, 95899, '2020-07-10 08:57:49', '2020-07-10 08:57:49', '2020-09-03 21:59:41', '2020-07-07 07:31:28', NULL, NULL),
(32, 95899, '2020-07-10 08:57:12', '2020-07-10 08:57:12', '2020-09-03 21:59:58', '2020-07-09 12:15:38', NULL, NULL),
(33, 95902, '2020-08-21 06:10:00', '2020-02-20 10:12:00', '2020-08-20 06:10:00', '2020-08-20 09:38:25', '2020-08-21 13:01:33', NULL),
(34, 95902, '2020-09-10 10:12:00', '2020-09-11 10:01:00', '2020-09-09 10:12:00', '2020-09-08 13:10:26', NULL, NULL);

-- --------------------------------------------------------

--
-- Structure de la table `t_nom`
--

CREATE TABLE `t_nom` (
  `ID` int(11) NOT NULL,
  `ARTICLE` int(11) NOT NULL COMMENT 'Article SAP',
  `ID_COMPOSANT` int(11) NOT NULL COMMENT 'numéro du composant',
  `COMPOSANT` int(11) NOT NULL COMMENT 'Article SAP du composant',
  `QUANTITE` decimal(11,0) NOT NULL
) ENGINE=InnoDB DEFAULT CHARSET=utf8mb4 COMMENT='Un article sans composant est composant de lui même. ';

--
-- Déchargement des données de la table `t_nom`
--

INSERT INTO `t_nom` (`ID`, `ARTICLE`, `ID_COMPOSANT`, `COMPOSANT`, `QUANTITE`) VALUES
(1, 7172102, 11, 7172056, '2'),
(2, 7172102, 12, 7172057, '2'),
(3, 7172102, 13, 7172058, '4'),
(4, 7172102, 14, 7172325, '2'),
(5, 7172102, 15, 7172336, '12'),
(6, 7172102, 20, 7172045, '2'),
(7, 7172102, 90, 7172115, '1'),
(8, 7172102, 110, 7172112, '1'),
(9, 7172102, 130, 7172125, '1'),
(10, 7172102, 150, 7172129, '1'),
(11, 7172102, 170, 7172131, '1'),
(12, 7172102, 190, 7172124, '1'),
(13, 7172102, 210, 7172126, '1'),
(14, 7172102, 230, 7172130, '1'),
(15, 7172102, 250, 7172133, '1'),
(16, 7172102, 270, 7172134, '1'),
(17, 7172102, 290, 7172132, '1'),
(18, 7172102, 310, 7172136, '1'),
(19, 7172102, 330, 7172137, '1'),
(20, 7172102, 350, 7172135, '1'),
(21, 7172102, 370, 7172144, '1'),
(22, 7172102, 390, 7172149, '1'),
(23, 7172102, 410, 7172138, '1'),
(24, 7172102, 430, 7172139, '1'),
(25, 7172102, 440, 7172076, '1'),
(26, 7172102, 450, 7172080, '1'),
(27, 7172102, 460, 7172084, '1'),
(28, 7172102, 470, 7172088, '1'),
(29, 7172102, 480, 7172092, '1'),
(30, 7172102, 490, 7172093, '1'),
(31, 7172102, 500, 7172094, '1'),
(32, 7172102, 510, 7172095, '1'),
(33, 7172113, 30, 7172174, '1'),
(34, 7172116, 160, 7172117, '0'),
(35, 7172117, 90, 7172120, '0'),
(36, 7172117, 100, 7172121, '0'),
(37, 7172127, 50, 7172217, '0'),
(38, 7172140, 140, 7172141, '1'),
(39, 7172141, 90, 7172120, '0'),
(40, 7172141, 100, 7172121, '0'),
(41, 7172145, 140, 7172146, '1'),
(42, 7172146, 90, 7172120, '0'),
(43, 7172146, 100, 7172121, '0'),
(44, 7172151, 50, 7172146, '1'),
(45, 7172153, 50, 7172117, '0'),
(46, 7172156, 160, 7172157, '1'),
(47, 7172157, 110, 7172271, '0'),
(48, 7172157, 120, 7172272, '0'),
(49, 7172161, 30, 7172165, '1'),
(50, 7172164, 140, 7172165, '1'),
(51, 7172165, 90, 7172271, '0'),
(52, 7172165, 100, 7172272, '0'),
(53, 7172169, 100, 7172170, '1'),
(54, 7172170, 90, 7172271, '0'),
(55, 7172170, 100, 7172272, '0'),
(56, 7172173, 120, 7172174, '1'),
(57, 7172174, 90, 7172271, '0'),
(58, 7172174, 100, 7172272, '0'),
(59, 7172177, 30, 7172170, '1'),
(60, 7172179, 120, 7172180, '1'),
(61, 7172180, 90, 7172271, '0'),
(62, 7172180, 100, 7172272, '0'),
(63, 7172183, 30, 7172180, '1'),
(64, 7172185, 20, 7172189, '0'),
(65, 7172185, 24, 7172187, '0'),
(66, 7172190, 60, 7172187, '0'),
(67, 7172192, 20, 7172189, '0'),
(68, 7172192, 60, 7172187, '0'),
(69, 7172194, 140, 7172195, '0'),
(70, 7172195, 90, 7172120, '0'),
(71, 7172195, 100, 7172121, '0'),
(72, 7172198, 20, 7172189, '0'),
(73, 7172198, 100, 7172188, '0'),
(74, 7172200, 30, 7172217, '0'),
(75, 7172202, 90, 7172188, '0'),
(76, 7172204, 20, 7172189, '0'),
(77, 7172204, 100, 7172188, '0'),
(78, 7172206, 50, 7172195, '0'),
(79, 7172208, 50, 7172195, '0'),
(80, 7172210, 50, 7172117, '0'),
(81, 7172212, 50, 7172141, '1'),
(82, 7172214, 30, 7172157, '1'),
(83, 7172216, 140, 7172217, '0'),
(84, 7172217, 90, 7172120, '0'),
(85, 7172217, 100, 7172121, '0'),
(86, 7172242, 200, 7251969, '1'),
(87, 7172242, 360, 7245594, '1'),
(88, 7172242, 370, 7251968, '1'),
(89, 7172242, 470, 7252041, '1'),
(90, 7172249, 20, 7172251, '0'),
(91, 7172253, 20, 7172251, '0'),
(92, 7172255, 20, 7172251, '0'),
(93, 7172255, 130, 7252043, '1'),
(94, 7172259, 140, 7263193, '0'),
(95, 7172263, 70, 7263193, '0'),
(96, 7172265, 70, 7263193, '0'),
(97, 7172269, 50, 7263193, '0'),
(98, 7172294, 10, 7172242, '1'),
(99, 7172294, 60, 7172255, '1'),
(100, 7172294, 110, 7172253, '1'),
(101, 7172294, 210, 7172304, '2'),
(102, 7172294, 220, 7172305, '2'),
(103, 7172294, 230, 7172306, '2'),
(104, 7172294, 240, 7172307, '5'),
(105, 7172294, 250, 7172309, '6'),
(106, 7172294, 260, 7172310, '4'),
(107, 7172294, 270, 7172311, '6'),
(108, 7172294, 280, 7172312, '5'),
(109, 7172294, 290, 7172314, '1'),
(110, 7172294, 300, 7172316, '2'),
(111, 7172294, 310, 7172295, '1'),
(112, 7172294, 320, 7172200, '1'),
(113, 7172294, 330, 7172127, '1'),
(114, 7172294, 340, 7172183, '1'),
(115, 7172294, 350, 7172185, '1'),
(116, 7172294, 360, 7172190, '1'),
(117, 7172294, 370, 7172192, '1'),
(118, 7172294, 380, 7172198, '1'),
(119, 7172294, 390, 7172202, '1'),
(120, 7172294, 400, 7172204, '1'),
(121, 7172294, 410, 7172153, '1'),
(122, 7172294, 420, 7172210, '1'),
(123, 7172294, 430, 7172113, '1'),
(124, 7172294, 440, 7172151, '1'),
(125, 7172294, 450, 7172212, '1'),
(126, 7172294, 460, 7172177, '1'),
(127, 7172294, 470, 7172206, '1'),
(128, 7172294, 480, 7172208, '1'),
(129, 7172294, 490, 7172161, '1'),
(130, 7172294, 500, 7172214, '1'),
(131, 7172294, 510, 7172282, '1'),
(132, 7172294, 520, 7172284, '1'),
(133, 7172294, 530, 7172285, '1'),
(134, 7172294, 540, 7172292, '1'),
(135, 7172294, 580, 7172220, '1'),
(136, 7172294, 590, 7172221, '1'),
(137, 7172294, 600, 7172222, '1'),
(138, 7172294, 610, 7172224, '1'),
(139, 7172294, 620, 7172225, '1'),
(140, 7172294, 630, 7172226, '1'),
(141, 7172294, 640, 7172227, '1'),
(142, 7172294, 650, 7172228, '1'),
(143, 7172294, 660, 7172229, '1'),
(144, 7172294, 670, 7172230, '1'),
(145, 7172294, 680, 7172232, '1'),
(146, 7172294, 690, 7172290, '1'),
(147, 7172294, 700, 7172324, '7'),
(148, 7172294, 720, 7172259, '1'),
(149, 7172294, 730, 7172263, '1'),
(150, 7172294, 740, 7172265, '1'),
(151, 7172294, 750, 7172269, '1'),
(152, 7172295, 20, 7252048, '1'),
(153, 7172300, 80, 7172303, '1'),
(154, 7172300, 130, 7172302, '1'),
(155, 7172304, 10, 7172308, '0'),
(156, 7172305, 10, 7172308, '0'),
(157, 7172306, 10, 7172308, '0'),
(158, 7172307, 10, 7172308, '0'),
(159, 7172309, 10, 7172315, '0'),
(160, 7172310, 10, 7172313, '0'),
(161, 7172311, 40, 7172317, '0'),
(162, 7172312, 10, 7172313, '0'),
(163, 7172314, 10, 7172315, '0'),
(164, 7172316, 10, 7172317, '0'),
(165, 7259751, 10, 7172300, '1'),
(166, 7259751, 20, 7172280, '1'),
(167, 7259751, 30, 7172326, '1'),
(168, 7259751, 40, 7260504, '1'),
(169, 7259751, 50, 7259608, '1'),
(170, 7259751, 60, 7172329, '1'),
(171, 7259751, 70, 7172330, '1'),
(172, 7259751, 80, 7172338, '1'),
(173, 7259751, 90, 7172278, '1'),
(174, 7259751, 100, 7172286, '1'),
(175, 7259751, 110, 7172288, '1'),
(176, 7259751, 120, 7172249, '1'),
(177, 7259751, 130, 7172116, '1'),
(178, 7259751, 140, 7172140, '1'),
(179, 7259751, 150, 7172145, '1'),
(180, 7259751, 160, 7172156, '1'),
(181, 7259751, 170, 7172164, '1'),
(182, 7259751, 180, 7172169, '1'),
(183, 7259751, 190, 7172173, '1'),
(184, 7259751, 200, 7172179, '1'),
(185, 7259751, 210, 7172194, '1'),
(186, 7259751, 220, 7172216, '1'),
(187, 7259751, 500, 7172107, '1'),
(188, 7259751, 510, 7172108, '1'),
(189, 7259751, 520, 7172109, '0'),
(190, 7259751, 530, 7172110, '0'),
(191, 7259751, 540, 7172111, '0'),
(192, 7259751, 610, 7172012, '2'),
(225, 7172114, 60, 7172176, '1'),
(226, 7172118, 160, 7172119, '0'),
(227, 7172119, 90, 7251966, '0'),
(228, 7172119, 100, 7251967, '0'),
(229, 7172128, 50, 7172219, '0'),
(230, 7172142, 150, 7172143, '1'),
(231, 7172143, 90, 7251966, '0'),
(232, 7172143, 100, 7251967, '0'),
(233, 7172147, 150, 7172148, '1'),
(234, 7172148, 90, 7251966, '0'),
(235, 7172148, 100, 7251967, '0'),
(236, 7172152, 50, 7172148, '1'),
(237, 7172154, 50, 7172119, '0'),
(238, 7172158, 170, 7172159, '1'),
(239, 7172159, 110, 7252046, '0'),
(240, 7172159, 120, 7252047, '0'),
(241, 7172162, 60, 7172167, '1'),
(242, 7172166, 180, 7172167, '1'),
(243, 7172167, 90, 7252046, '0'),
(244, 7172106, 20, 7172045, '2'),
(245, 7172106, 30, 7172056, '2'),
(246, 7172106, 40, 7172057, '2'),
(247, 7172106, 50, 7172058, '4'),
(248, 7172106, 51, 7172325, '2'),
(249, 7172106, 52, 7172336, '12'),
(250, 7172106, 110, 7172115, '1'),
(251, 7172106, 120, 7172126, '1'),
(252, 7172106, 140, 7172129, '1'),
(253, 7172106, 150, 7172132, '1'),
(254, 7172106, 160, 7172133, '1'),
(255, 7172106, 170, 7172134, '1'),
(256, 7172106, 180, 7172135, '1'),
(257, 7172106, 190, 7172136, '1'),
(258, 7172106, 200, 7172137, '1'),
(259, 7172106, 210, 7172138, '1'),
(260, 7172106, 220, 7172139, '1'),
(261, 7172106, 230, 7172144, '1'),
(262, 7172106, 240, 7172149, '1'),
(263, 7172106, 250, 7172150, '1'),
(264, 7172106, 280, 7172155, '1'),
(265, 7172106, 290, 7172160, '1'),
(266, 7172106, 310, 7172163, '1'),
(267, 7172106, 320, 7172168, '1'),
(268, 7172106, 470, 7172078, '1'),
(269, 7172106, 480, 7172082, '1'),
(270, 7172106, 490, 7172086, '1'),
(271, 7172106, 500, 7172090, '1'),
(272, 7172106, 510, 7172091, '1'),
(273, 7172106, 520, 7172096, '1'),
(274, 7172106, 530, 7172097, '1'),
(275, 7172106, 540, 7172098, '1'),
(292, 7172162, 60, 7172167, '1'),
(295, 7172167, 100, 7252047, '0'),
(296, 7172171, 40, 7172172, '1'),
(297, 7172172, 90, 7252046, '0'),
(298, 7172172, 100, 7252047, '0'),
(299, 7172175, 40, 7172176, '1'),
(300, 7172176, 90, 7252046, '0'),
(301, 7172176, 100, 7252047, '0'),
(302, 7172178, 60, 7172172, '1'),
(303, 7172181, 40, 7172182, '1'),
(304, 7172182, 90, 7252046, '0'),
(305, 7172182, 100, 7252047, '0'),
(306, 7172184, 60, 7172182, '1'),
(307, 7172186, 20, 7172189, '0'),
(308, 7172186, 60, 7172187, '0'),
(309, 7172191, 50, 7172187, '0'),
(310, 7172193, 20, 7172189, '0'),
(311, 7172193, 60, 7172187, '0'),
(312, 7172196, 150, 7172197, '0'),
(313, 7172197, 90, 7251966, '0'),
(314, 7172197, 100, 7251967, '0'),
(315, 7172199, 20, 7172189, '0'),
(316, 7172199, 100, 7172188, '0'),
(317, 7172201, 30, 7172219, '0'),
(318, 7172203, 90, 7172188, '0'),
(319, 7172205, 20, 7172189, '0'),
(320, 7172205, 100, 7172188, '0'),
(321, 7172207, 50, 7172197, '0'),
(322, 7172209, 50, 7172197, '0'),
(323, 7172211, 50, 7172119, '0'),
(324, 7172213, 50, 7172143, '1'),
(325, 7172215, 60, 7172159, '1'),
(326, 7172218, 150, 7172219, '0'),
(329, 7172250, 20, 7172252, '0'),
(330, 7172254, 90, 7172252, '0'),
(331, 7172256, 80, 7172252, '0'),
(332, 7172256, 130, 7252044, '1'),
(333, 7172261, 130, 7263192, '0'),
(334, 7172264, 50, 7263192, '0'),
(335, 7172267, 50, 7263192, '0'),
(336, 7172270, 50, 7263192, '0'),
(337, 7172275, 200, 7252040, '1'),
(338, 7172275, 210, 7252042, '1'),
(339, 7172275, 320, 7245594, '1'),
(340, 7172275, 350, 7252041, '1'),
(341, 7172296, 20, 7252045, '1'),
(342, 7172299, 10, 7172275, '1'),
(343, 7172299, 60, 7172256, '1'),
(344, 7172299, 110, 7172254, '1'),
(345, 7172299, 120, 7172261, '1'),
(346, 7172299, 130, 7172264, '1'),
(347, 7172299, 140, 7172267, '1'),
(348, 7172299, 150, 7172270, '1'),
(349, 7172299, 210, 7172304, '2'),
(350, 7172299, 220, 7172305, '2'),
(351, 7172299, 230, 7172306, '2'),
(352, 7172299, 240, 7172307, '5'),
(353, 7172299, 250, 7172309, '6'),
(354, 7172299, 260, 7172310, '4'),
(355, 7172299, 270, 7172311, '6'),
(356, 7172299, 280, 7172312, '5'),
(357, 7172299, 290, 7172314, '1'),
(358, 7172299, 300, 7172316, '2'),
(359, 7172299, 310, 7172114, '1'),
(360, 7172299, 320, 7172128, '1'),
(361, 7172299, 330, 7172152, '1'),
(362, 7172299, 340, 7172154, '1'),
(363, 7172299, 350, 7172162, '1'),
(364, 7172299, 360, 7172178, '1'),
(365, 7172299, 370, 7172184, '1'),
(366, 7172299, 380, 7172186, '1'),
(367, 7172299, 390, 7172191, '1'),
(368, 7172299, 400, 7172193, '1'),
(369, 7172299, 410, 7172199, '1'),
(370, 7172299, 420, 7172201, '1'),
(371, 7172299, 430, 7172203, '1'),
(372, 7172299, 440, 7172205, '1'),
(373, 7172299, 450, 7172207, '1'),
(374, 7172299, 460, 7172209, '1'),
(375, 7172299, 470, 7172211, '1'),
(376, 7172299, 480, 7172213, '1'),
(377, 7172299, 490, 7172215, '1'),
(378, 7172299, 500, 7172283, '1'),
(379, 7172299, 510, 7172284, '1'),
(380, 7172299, 520, 7172285, '1'),
(381, 7172299, 530, 7172293, '1'),
(382, 7172299, 570, 7172233, '1'),
(383, 7172299, 580, 7172234, '1'),
(384, 7172299, 590, 7172223, '1'),
(385, 7172299, 600, 7172235, '1'),
(386, 7172299, 610, 7172236, '1'),
(387, 7172299, 620, 7172237, '1'),
(388, 7172299, 630, 7172238, '1'),
(389, 7172299, 640, 7172239, '1'),
(390, 7172299, 650, 7172240, '1'),
(391, 7172299, 660, 7172231, '1'),
(392, 7172299, 670, 7172241, '1'),
(393, 7172299, 680, 7172291, '1'),
(394, 7172299, 690, 7172324, '6'),
(395, 7172299, 710, 7172296, '1'),
(396, 7172301, 80, 7172303, '1'),
(397, 7172301, 120, 7172302, '1'),
(398, 7172304, 10, 7172308, '0'),
(400, 7172306, 10, 7172308, '0'),
(408, 7259752, 10, 7172301, '1'),
(409, 7259752, 20, 7172281, '1'),
(410, 7259752, 30, 7172331, '1'),
(411, 7259752, 40, 7260505, '1'),
(412, 7259752, 50, 7259609, '1'),
(413, 7259752, 60, 7172334, '1'),
(414, 7259752, 70, 7172335, '1'),
(415, 7259752, 80, 7172337, '1'),
(416, 7259752, 90, 7172279, '1'),
(417, 7259752, 100, 7172287, '1'),
(418, 7259752, 110, 7172289, '1'),
(419, 7259752, 120, 7172250, '1'),
(420, 7259752, 130, 7172118, '1'),
(421, 7259752, 140, 7172142, '1'),
(422, 7259752, 150, 7172147, '1'),
(423, 7259752, 160, 7172158, '1'),
(424, 7259752, 170, 7172166, '1'),
(425, 7259752, 180, 7172171, '1'),
(426, 7259752, 190, 7172175, '1'),
(427, 7259752, 200, 7172181, '1'),
(428, 7259752, 210, 7172196, '1'),
(429, 7259752, 220, 7172218, '1'),
(430, 7259752, 500, 7172107, '1'),
(431, 7259752, 510, 7172108, '1'),
(432, 7259752, 520, 7172109, '0'),
(433, 7259752, 530, 7172110, '0'),
(434, 7259752, 540, 7172111, '0'),
(435, 7259752, 610, 7172012, '2');

-- --------------------------------------------------------

--
-- Structure de la table `t_nom_test`
--

CREATE TABLE `t_nom_test` (
  `ID` int(11) NOT NULL,
  `Niveau` int(1) DEFAULT NULL,
  `Article` int(11) DEFAULT NULL,
  `Document` varchar(22) DEFAULT NULL,
  `Designation` varchar(40) DEFAULT NULL,
  `Quantite` varchar(6) DEFAULT NULL,
  `Unite` varchar(3) DEFAULT NULL,
  `Parent` int(7) DEFAULT NULL,
  `CATEGORIE` text NOT NULL,
  `PROGRAMME` int(11) DEFAULT NULL
) ENGINE=InnoDB DEFAULT CHARSET=utf8;

--
-- Déchargement des données de la table `t_nom_test`
--

INSERT INTO `t_nom_test` (`ID`, `Niveau`, `Article`, `Document`, `Designation`, `Quantite`, `Unite`, `Parent`, `CATEGORIE`, `PROGRAMME`) VALUES
(1, 1, 7172294, '73P552250100001', '73P552250100001 G600 ELV ARRESTMENT BOX', '1', 'PCE', 7259753, 'PIECE', 1),
(2, 2, 7172242, '73P5522000C00301', '73P5522000C00301 BOX ASSY - ELEVATOR, LH', '1', 'PCE', 7172294, 'PIECE', 1),
(3, 3, 5026802, '8552SAS4 Release', 'TIS CARB 8552S/38%/AGP193PW GMS4020', '11,810', 'M2', 7172242, 'MATIERE', 1),
(4, 3, 5026802, '8552SAS4 Release', 'TIS CARB 8552S/38%/AGP193PW GMS4020', '7,890', 'M2', 7172242, 'MATIERE', 1),
(5, 3, 5026802, '8552SAS4 Release', 'TIS CARB 8552S/38%/AGP193PW GMS4020', '31,650', 'M2', 7172242, 'MATIERE', 1),
(6, 3, 5026802, '8552SAS4 Release', 'TIS CARB 8552S/38%/AGP193PW GMS4020', '29,250', 'M2', 7172242, 'MATIERE', 1),
(7, 3, 5047677, 'D300B', 'TISSU D\' ARRACHAGE D300B 94GR/M2 (152M2)', '2,000', 'M2', 7172242, 'MATIERE', 1),
(8, 3, 3001752, 'AIRWEAVE N10', 'TIS AIRTECH AIRWEAVE N10 LAG 1520MM LONG', '3,000', 'M2', 7172242, 'PIECE', 1),
(9, 3, 5084432, 'SEALANT213', 'MAST AIRTECH SEALANT213', '2,000', 'M', 7172242, 'MATIERE', 1),
(10, 3, 5047313, 'WL5200R.001-48-600SHT', 'FILM ROUL AIRTECH WL5200R.001-48-600SHT', '12,000', 'M2', 7172242, 'MATIERE', 1),
(11, 3, 3001752, 'AIRWEAVE N10', 'TIS AIRTECH AIRWEAVE N10 LAG 1520MM LONG', '3,000', 'M2', 7172242, 'PIECE', 1),
(12, 3, 5084432, 'SEALANT213', 'MAST AIRTECH SEALANT213', '2,000', 'M', 7172242, 'MATIERE', 1),
(13, 3, 5047677, 'D300B', 'TISSU D\' ARRACHAGE D300B 94GR/M2 (152M2)', '2,000', 'M2', 7172242, 'MATIERE', 1),
(14, 3, 3001752, 'AIRWEAVE N10', 'TIS AIRTECH AIRWEAVE N10 LAG 1520MM LONG', '3,000', 'M2', 7172242, 'PIECE', 1),
(15, 3, 5084432, 'SEALANT213', 'MAST AIRTECH SEALANT213', '2,000', 'M', 7172242, 'MATIERE', 1),
(16, 3, 5047677, 'D300B', 'TISSU D\' ARRACHAGE D300B 94GR/M2 (152M2)', '2,000', 'M2', 7172242, 'MATIERE', 1),
(17, 3, 3001752, 'AIRWEAVE N10', 'TIS AIRTECH AIRWEAVE N10 LAG 1520MM LONG', '3,000', 'M2', 7172242, 'PIECE', 1),
(18, 3, 5084432, 'SEALANT213', 'MAST AIRTECH SEALANT213', '2,000', 'M', 7172242, 'MATIERE', 1),
(19, 3, 5047301, 'WL5200BMP22', 'FILM WL5200BMP22 .001\"-48\"-600\'SHT', '6,000', 'M2', 7172242, 'MATIERE', 1),
(20, 3, 3001752, 'AIRWEAVE N10', 'TIS AIRTECH AIRWEAVE N10 LAG 1520MM LONG', '3,000', 'M2', 7172242, 'PIECE', 1),
(21, 3, 5026802, '8552SAS4 Release', 'TIS CARB 8552S/38%/AGP193PW GMS4020', '10,500', 'M2', 7172242, 'MATIERE', 1),
(22, 3, 7251969, '73P5522000LHVRBOX', '73P5522000LHVRBOX KIT VERRE BOX LH', '1', 'USC', 7172242, 'PIECE', 1),
(23, 4, 5027255, '120GL-8552S-45% 107AW', 'TIS VER HEXCEL 120GL/8552S/45% 107AW', '0,130', 'M2', 7251969, 'MATIERE', 1),
(24, 3, 5047677, 'D300B', 'TISSU D\' ARRACHAGE D300B 94GR/M2 (152M2)', '2,000', 'M2', 7172242, 'MATIERE', 1),
(25, 3, 5047677, 'D300B', 'TISSU D\' ARRACHAGE D300B 94GR/M2 (152M2)', '8,000', 'M2', 7172242, 'MATIERE', 1),
(26, 3, 3001752, 'AIRWEAVE N10', 'TIS AIRTECH AIRWEAVE N10 LAG 1520MM LONG', '8,000', 'M2', 7172242, 'PIECE', 1),
(27, 3, 5026802, '8552SAS4 Release', 'TIS CARB 8552S/38%/AGP193PW GMS4020', '10,500', 'M2', 7172242, 'MATIERE', 1),
(28, 3, 5047677, 'D300B', 'TISSU D\' ARRACHAGE D300B 94GR/M2 (152M2)', '2,000', 'M2', 7172242, 'MATIERE', 1),
(29, 3, 3001752, 'AIRWEAVE N10', 'TIS AIRTECH AIRWEAVE N10 LAG 1520MM LONG', '8,000', 'M2', 7172242, 'PIECE', 1),
(30, 3, 5084432, 'SEALANT213', 'MAST AIRTECH SEALANT213', '18,000', 'M', 7172242, 'MATIERE', 1),
(31, 3, 5048037, 'GAC115AA2', 'RESINE EPOXY EPON 828', '0,200', 'L', 7172242, 'MATIERE', 1),
(32, 3, 5047297, 'WL5200Y MP25 .001\" 48\"', 'FILM WL5200Y MP25 .001\" 48\" 600\'', '3,000', 'M2', 7172242, 'MATIERE', 1),
(33, 3, 5047297, 'WL5200Y MP25 .001\" 48\"', 'FILM WL5200Y MP25 .001\" 48\" 600\'', '3,000', 'M2', 7172242, 'MATIERE', 1),
(34, 3, 5047297, 'WL5200Y MP25 .001\" 48\"', 'FILM WL5200Y MP25 .001\" 48\" 600\'', '3,000', 'M2', 7172242, 'MATIERE', 1),
(35, 3, 5047297, 'WL5200Y MP25 .001\" 48\"', 'FILM WL5200Y MP25 .001\" 48\" 600\'', '3,000', 'M2', 7172242, 'MATIERE', 1),
(36, 3, 5047297, 'WL5200Y MP25 .001\" 48\"', 'FILM WL5200Y MP25 .001\" 48\" 600\'', '3,000', 'M2', 7172242, 'MATIERE', 1),
(37, 3, 5047589, 'ECA-3034.30', 'OUAT AIRTECH ULTRAWEAVE 1332', '6,000', 'M2', 7172242, 'MATIERE', 1),
(38, 3, 5084432, 'SEALANT213', 'MAST AIRTECH SEALANT213', '2,000', 'M', 7172242, 'MATIERE', 1),
(39, 3, 7245594, 'KIT041MATAAP200101', 'KIT041MATAAP200101 KIT COMPACTAGE POINCO', '1', 'USC', 7172242, 'PIECE', 1),
(40, 3, 7251968, '73P5522000LHCUBOX', '73P5522000LHCUBOX KIT FM300 ECS BOX LH', '1', 'USC', 7172242, 'PIECE', 1),
(41, 4, 5047880, 'FM300M ECS', 'FILM FM300M ECS GMS4017', '5,790', 'M2', 7251968, 'MATIERE', 1),
(42, 3, 5088455, 'WL5200R MP22-002\"60\" -', 'WL5200R MP22-002\"60\" -300\' SHT', '6,000', 'M2', 7172242, 'MATIERE', 1),
(43, 3, 5084432, 'SEALANT213', 'MAST AIRTECH SEALANT213', '18,000', 'M', 7172242, 'MATIERE', 1),
(44, 3, 5089758, '', 'FILM SL800. 003\"-80\"-650\' CF', '8,000', 'M2', 7172242, 'MATIERE', 1),
(45, 3, 5089758, '', 'FILM SL800. 003\"-80\"-650\' CF', '8,000', 'M2', 7172242, 'MATIERE', 1),
(46, 3, 5091068, 'ORC-250VT75', 'O-RING ORC-250VT75 (MFPSeal)', '4,800', 'M', 7172242, 'MATIERE', 1),
(47, 3, 5091069, 'TUBE 6x12 70DIDC', 'TUBE 6x12 TRANSLUCIDE 70DIDC', '5,000', 'M', 7172242, 'MATIERE', 1),
(48, 3, 5048122, 'GAC117G1', 'CATALYSEUR CYTEC 70413000 DTA', '0,100', 'L', 7172242, 'MATIERE', 1),
(49, 3, 5048241, 'GAR110MY-1', 'COLLE EPOXY HENKEL EA 960F', '0,100', 'USC', 7172242, 'MATIERE', 1),
(50, 3, 5038283, '44GN11', 'PRIM DEFT COATING 44GN11 (1/4 GAL)', '0,100', 'USC', 7172242, 'MATIERE', 1),
(51, 3, 7252041, '73P5522000BFBOX', '73P5522000BFBOX KIT FM300M BOX', '1', 'USC', 7172242, 'PIECE', 1),
(52, 4, 5047875, '', 'FILM ADH FM300M GMS 4309  Ty ll Cl A', '4,100', 'M2', 7252041, 'MATIERE', 1),
(53, 2, 5051160, 'GAF511AC08-150', 'RIVET AVEUGLE F/130 A-FN GAF511AC08-150', '397', 'PCE', 7172294, 'MATIERE', 1),
(54, 2, 5051161, 'GAF511AC08-250', 'RIVET AVEUGLE F/130 A-FN GAF511AC08-250', '50', 'PCE', 7172294, 'MATIERE', 1),
(55, 2, 5036987, 'GAF511AC08-200', 'RIVET AVEUGLE F/130 A-FN GAF511AC08-200', '240', 'PCE', 7172294, 'MATIERE', 1),
(56, 2, 5038543, 'MIL-PRF-81733TY4-12', 'PROD  JOINT FRANCAIS PR870C12 SEMKIT654', '0,500', 'USC', 7172294, 'MATIERE', 1),
(57, 2, 7172255, '73P5522105C00101', '73P5522105C00101 SKIN - ELEVATOR TE OUTB', '1', 'PCE', 7172294, 'PIECE', 1),
(58, 3, 5026802, '8552SAS4 Release', 'TIS CARB 8552S/38%/AGP193PW GMS4020', '9,310', 'M2', 7172255, 'MATIERE', 1),
(59, 3, 7172251, '73P5522103LHCUTE', '73P5522103LHCUTE KIT CUIVRE TRAILING EDG', '0,400', 'USC', 7172255, 'PIECE', 1),
(60, 4, 5047880, 'FM300M ECS', 'FILM FM300M ECS GMS4017', '1,068', 'M2', 7172251, 'MATIERE', 1),
(61, 3, 5047677, 'D300B', 'TISSU D\' ARRACHAGE D300B 94GR/M2 (152M2)', '2,500', 'M2', 7172255, 'MATIERE', 1),
(62, 3, 3001752, 'AIRWEAVE N10', 'TIS AIRTECH AIRWEAVE N10 LAG 1520MM LONG', '4,500', 'M2', 7172255, 'PIECE', 1),
(63, 3, 5084432, 'SEALANT213', 'MAST AIRTECH SEALANT213', '10,500', 'M', 7172255, 'MATIERE', 1),
(64, 3, 5047313, 'WL5200R.001-48-600SHT', 'FILM ROUL AIRTECH WL5200R.001-48-600SHT', '2,500', 'M2', 7172255, 'MATIERE', 1),
(65, 3, 5048241, 'GAR110MY-1', 'COLLE EPOXY HENKEL EA 960F', '0,100', 'USC', 7172255, 'MATIERE', 1),
(66, 3, 5038283, '44GN11', 'PRIM DEFT COATING 44GN11 (1/4 GAL)', '0,100', 'USC', 7172255, 'MATIERE', 1),
(67, 3, 5048037, 'GAC115AA2', 'RESINE EPOXY EPON 828', '0,200', 'L', 7172255, 'MATIERE', 1),
(68, 3, 5048122, 'GAC117G1', 'CATALYSEUR CYTEC 70413000 DTA', '0,100', 'L', 7172255, 'MATIERE', 1),
(69, 3, 7252043, '73P5522105LHVROUTTE', '73P5522105LHVROUTTE KIT VERRE OUTBOARD T', '1', 'USC', 7172255, 'PIECE', 1),
(70, 4, 5027255, '120GL-8552S-45% 107AW', 'TIS VER HEXCEL 120GL/8552S/45% 107AW', '0,090', 'M2', 7252043, 'MATIERE', 1),
(71, 3, 5089757, '', 'FILM SL800. 003\"-48\"-650\' CF', '4,500', 'M2', 7172255, 'MATIERE', 1),
(72, 3, 5091069, 'TUBE 6x12 70DIDC', 'TUBE 6x12 TRANSLUCIDE 70DIDC', '2,700', 'M', 7172255, 'MATIERE', 1),
(73, 3, 5047301, 'WL5200BMP22', 'FILM WL5200BMP22 .001\"-48\"-600\'SHT', '2,500', 'M2', 7172255, 'MATIERE', 1),
(74, 2, 5037831, '740015', 'PARAFOUDRE DAYTON P/N 740015', '2', 'PCE', 7172294, 'MATIERE', 1),
(75, 2, 5048270, 'GAA100AC1', 'COLLE CHO-BOND 1038', '0,100', 'USC', 7172294, 'MATIERE', 1),
(76, 2, 5012141, 'MS21141S0402', 'RIVET AVEUGLE CYL MS21141S0402', '8', 'PCE', 7172294, 'MATIERE', 1),
(77, 2, 5038543, 'MIL-PRF-81733TY4-12', 'PROD  JOINT FRANCAIS PR870C12 SEMKIT654', '0,500', 'USC', 7172294, 'MATIERE', 1),
(78, 2, 7172253, '73P5522104C00101', '73P5522104C00101 SKIN - ELEVATOR TE MID', '1', 'PCE', 7172294, 'PIECE', 1),
(79, 3, 5026802, '8552SAS4 Release', 'TIS CARB 8552S/38%/AGP193PW GMS4020', '9,410', 'M2', 7172253, 'MATIERE', 1),
(80, 3, 7172251, '73P5522103LHCUTE', '73P5522103LHCUTE KIT CUIVRE TRAILING EDG', '0,400', 'USC', 7172253, 'PIECE', 1),
(81, 4, 5047880, 'FM300M ECS', 'FILM FM300M ECS GMS4017', '1,068', 'M2', 7172251, 'MATIERE', 1),
(82, 3, 5047677, 'D300B', 'TISSU D\' ARRACHAGE D300B 94GR/M2 (152M2)', '2,500', 'M2', 7172253, 'MATIERE', 1),
(83, 3, 3001752, 'AIRWEAVE N10', 'TIS AIRTECH AIRWEAVE N10 LAG 1520MM LONG', '4,500', 'M2', 7172253, 'PIECE', 1),
(84, 3, 5084432, 'SEALANT213', 'MAST AIRTECH SEALANT213', '10,500', 'M', 7172253, 'MATIERE', 1),
(85, 3, 5047313, 'WL5200R.001-48-600SHT', 'FILM ROUL AIRTECH WL5200R.001-48-600SHT', '2,500', 'M2', 7172253, 'MATIERE', 1),
(86, 3, 5048241, 'GAR110MY-1', 'COLLE EPOXY HENKEL EA 960F', '0,100', 'USC', 7172253, 'MATIERE', 1),
(87, 3, 5038283, '44GN11', 'PRIM DEFT COATING 44GN11 (1/4 GAL)', '0,100', 'USC', 7172253, 'MATIERE', 1),
(88, 3, 5048037, 'GAC115AA2', 'RESINE EPOXY EPON 828', '0,200', 'L', 7172253, 'MATIERE', 1),
(89, 3, 5048122, 'GAC117G1', 'CATALYSEUR CYTEC 70413000 DTA', '0,100', 'L', 7172253, 'MATIERE', 1),
(90, 3, 5089757, '', 'FILM SL800. 003\"-48\"-650\' CF', '4,500', 'M2', 7172253, 'MATIERE', 1),
(91, 3, 5091069, 'TUBE 6x12 70DIDC', 'TUBE 6x12 TRANSLUCIDE 70DIDC', '2,700', 'M', 7172253, 'MATIERE', 1),
(92, 3, 5047301, 'WL5200BMP22', 'FILM WL5200BMP22 .001\"-48\"-600\'SHT', '2,500', 'M2', 7172253, 'MATIERE', 1),
(93, 2, 5038543, 'MIL-PRF-81733TY4-12', 'PROD  JOINT FRANCAIS PR870C12 SEMKIT654', '0,500', 'USC', 7172294, 'MATIERE', 1),
(94, 2, 5051160, 'GAF511AC08-150', 'RIVET AVEUGLE F/130 A-FN GAF511AC08-150', '27', 'PCE', 7172294, 'MATIERE', 1),
(95, 2, 5036989, 'GAF511AB08-150', 'RIVET AVEUGLE F/130 A-FN GAF511AB08-150', '7', 'PCE', 7172294, 'MATIERE', 1),
(96, 2, 5036987, 'GAF511AC08-200', 'RIVET AVEUGLE F/130 A-FN GAF511AC08-200', '12', 'PCE', 7172294, 'MATIERE', 1),
(97, 2, 5051167, 'GAF511AB08-200', 'RIVET AVEUGLE F/130 A-FN GAF511AB08-200', '4', 'PCE', 7172294, 'MATIERE', 1),
(98, 2, 7172304, '73P5522503C00100', '73P5522503C00100 CLIP - ELV FRONT SPAR H', '2', 'PCE', 7172294, 'PIECE', 1),
(99, 3, 7172308, '73P5522506C00125', '73P5522506C00125 EBAUCHE CLIP 506 LH-RH', '0,090', 'USC', 7172304, 'PIECE', 1),
(100, 4, 5026802, '8552SAS4 Release', 'TIS CARB 8552S/38%/AGP193PW GMS4020', '0,392', 'M2', 7172308, 'MATIERE', 1),
(101, 4, 3001752, 'AIRWEAVE N10', 'TIS AIRTECH AIRWEAVE N10 LAG 1520MM LONG', '0,005', 'M2', 7172308, 'PIECE', 1),
(102, 4, 5084432, 'SEALANT213', 'MAST AIRTECH SEALANT213', '0,180', 'M', 7172308, 'MATIERE', 1),
(103, 4, 5047313, 'WL5200R.001-48-600SHT', 'FILM ROUL AIRTECH WL5200R.001-48-600SHT', '0,023', 'M2', 7172308, 'MATIERE', 1),
(104, 4, 5047677, 'D300B', 'TISSU D\' ARRACHAGE D300B 94GR/M2 (152M2)', '0,023', 'M2', 7172308, 'MATIERE', 1),
(105, 4, 5047306, '234TFP RELEASE EASE', 'FILM AIRTECH 234TFP RELEASE EASE', '0,033', 'M2', 7172308, 'MATIERE', 1),
(106, 4, 5089757, '', 'FILM SL800. 003\"-48\"-650\' CF', '0,023', 'M2', 7172308, 'MATIERE', 1),
(107, 4, 5047301, 'WL5200BMP22', 'FILM WL5200BMP22 .001\"-48\"-600\'SHT', '0,023', 'M2', 7172308, 'MATIERE', 1),
(108, 3, 5048037, 'GAC115AA2', 'RESINE EPOXY EPON 828', '0,400', 'L', 7172304, 'MATIERE', 1),
(109, 3, 5048122, 'GAC117G1', 'CATALYSEUR CYTEC 70413000 DTA', '0,010', 'L', 7172304, 'MATIERE', 1),
(110, 2, 7172305, '73P5522504C00100', '73P5522504C00100 CLIP - ELV FRONT SPAR H', '2', 'PCE', 7172294, 'PIECE', 1),
(111, 3, 7172308, '73P5522506C00125', '73P5522506C00125 EBAUCHE CLIP 506 LH-RH', '0,090', 'USC', 7172305, 'PIECE', 1),
(112, 4, 5026802, '8552SAS4 Release', 'TIS CARB 8552S/38%/AGP193PW GMS4020', '0,392', 'M2', 7172308, 'MATIERE', 1),
(113, 4, 3001752, 'AIRWEAVE N10', 'TIS AIRTECH AIRWEAVE N10 LAG 1520MM LONG', '0,005', 'M2', 7172308, 'PIECE', 1),
(114, 4, 5084432, 'SEALANT213', 'MAST AIRTECH SEALANT213', '0,180', 'M', 7172308, 'MATIERE', 1),
(115, 4, 5047313, 'WL5200R.001-48-600SHT', 'FILM ROUL AIRTECH WL5200R.001-48-600SHT', '0,023', 'M2', 7172308, 'MATIERE', 1),
(116, 4, 5047677, 'D300B', 'TISSU D\' ARRACHAGE D300B 94GR/M2 (152M2)', '0,023', 'M2', 7172308, 'MATIERE', 1),
(117, 4, 5047306, '234TFP RELEASE EASE', 'FILM AIRTECH 234TFP RELEASE EASE', '0,033', 'M2', 7172308, 'MATIERE', 1),
(118, 4, 5089757, '', 'FILM SL800. 003\"-48\"-650\' CF', '0,023', 'M2', 7172308, 'MATIERE', 1),
(119, 4, 5047301, 'WL5200BMP22', 'FILM WL5200BMP22 .001\"-48\"-600\'SHT', '0,023', 'M2', 7172308, 'MATIERE', 1),
(120, 3, 5048037, 'GAC115AA2', 'RESINE EPOXY EPON 828', '0,400', 'L', 7172305, 'MATIERE', 1),
(121, 3, 5048122, 'GAC117G1', 'CATALYSEUR CYTEC 70413000 DTA', '0,010', 'L', 7172305, 'MATIERE', 1),
(122, 2, 7172306, '73P5522505C00100', '73P5522505C00100 CLIP - ELV FRONT SPAR H', '2', 'PCE', 7172294, 'PIECE', 1),
(123, 3, 7172308, '73P5522506C00125', '73P5522506C00125 EBAUCHE CLIP 506 LH-RH', '0,090', 'USC', 7172306, 'PIECE', 1),
(124, 4, 5026802, '8552SAS4 Release', 'TIS CARB 8552S/38%/AGP193PW GMS4020', '0,392', 'M2', 7172308, 'MATIERE', 1),
(125, 4, 3001752, 'AIRWEAVE N10', 'TIS AIRTECH AIRWEAVE N10 LAG 1520MM LONG', '0,005', 'M2', 7172308, 'PIECE', 1),
(126, 4, 5084432, 'SEALANT213', 'MAST AIRTECH SEALANT213', '0,180', 'M', 7172308, 'MATIERE', 1),
(127, 4, 5047313, 'WL5200R.001-48-600SHT', 'FILM ROUL AIRTECH WL5200R.001-48-600SHT', '0,023', 'M2', 7172308, 'MATIERE', 1),
(128, 4, 5047677, 'D300B', 'TISSU D\' ARRACHAGE D300B 94GR/M2 (152M2)', '0,023', 'M2', 7172308, 'MATIERE', 1),
(129, 4, 5047306, '234TFP RELEASE EASE', 'FILM AIRTECH 234TFP RELEASE EASE', '0,033', 'M2', 7172308, 'MATIERE', 1),
(130, 4, 5089757, '', 'FILM SL800. 003\"-48\"-650\' CF', '0,023', 'M2', 7172308, 'MATIERE', 1),
(131, 4, 5047301, 'WL5200BMP22', 'FILM WL5200BMP22 .001\"-48\"-600\'SHT', '0,023', 'M2', 7172308, 'MATIERE', 1),
(132, 3, 5048037, 'GAC115AA2', 'RESINE EPOXY EPON 828', '0,400', 'L', 7172306, 'MATIERE', 1),
(133, 3, 5048122, 'GAC117G1', 'CATALYSEUR CYTEC 70413000 DTA', '0,010', 'L', 7172306, 'MATIERE', 1),
(134, 2, 7172307, '73P5522506C00100', '73P5522506C00100 CLIP - ELV FRONT SPAR H', '5', 'PCE', 7172294, 'PIECE', 1),
(135, 3, 7172308, '73P5522506C00125', '73P5522506C00125 EBAUCHE CLIP 506 LH-RH', '0,230', 'USC', 7172307, 'PIECE', 1),
(136, 4, 5026802, '8552SAS4 Release', 'TIS CARB 8552S/38%/AGP193PW GMS4020', '1,001', 'M2', 7172308, 'MATIERE', 1),
(137, 4, 3001752, 'AIRWEAVE N10', 'TIS AIRTECH AIRWEAVE N10 LAG 1520MM LONG', '0,012', 'M2', 7172308, 'PIECE', 1),
(138, 4, 5084432, 'SEALANT213', 'MAST AIRTECH SEALANT213', '0,460', 'M', 7172308, 'MATIERE', 1),
(139, 4, 5047313, 'WL5200R.001-48-600SHT', 'FILM ROUL AIRTECH WL5200R.001-48-600SHT', '0,058', 'M2', 7172308, 'MATIERE', 1),
(140, 4, 5047677, 'D300B', 'TISSU D\' ARRACHAGE D300B 94GR/M2 (152M2)', '0,058', 'M2', 7172308, 'MATIERE', 1),
(141, 4, 5047306, '234TFP RELEASE EASE', 'FILM AIRTECH 234TFP RELEASE EASE', '0,083', 'M2', 7172308, 'MATIERE', 1),
(142, 4, 5089757, '', 'FILM SL800. 003\"-48\"-650\' CF', '0,058', 'M2', 7172308, 'MATIERE', 1),
(143, 4, 5047301, 'WL5200BMP22', 'FILM WL5200BMP22 .001\"-48\"-600\'SHT', '0,058', 'M2', 7172308, 'MATIERE', 1),
(144, 3, 5048037, 'GAC115AA2', 'RESINE EPOXY EPON 828', '1,000', 'L', 7172307, 'MATIERE', 1),
(145, 3, 5048122, 'GAC117G1', 'CATALYSEUR CYTEC 70413000 DTA', '0,025', 'L', 7172307, 'MATIERE', 1),
(146, 2, 7172309, '73P5522507C00100', '73P5522507C00100 CLIP - ELV FRONT SPAR H', '6', 'PCE', 7172294, 'PIECE', 1),
(147, 3, 7172315, '73P5522513C00125', '73P5522513C00125 EBAUCHE CLIP 513 LH-RH', '0,426', 'USC', 7172309, 'PIECE', 1),
(148, 4, 5026802, '8552SAS4 Release', 'TIS CARB 8552S/38%/AGP193PW GMS4020', '1,325', 'M2', 7172315, 'MATIERE', 1),
(149, 4, 3001752, 'AIRWEAVE N10', 'TIS AIRTECH AIRWEAVE N10 LAG 1520MM LONG', '0,022', 'M2', 7172315, 'PIECE', 1),
(150, 4, 5084432, 'SEALANT213', 'MAST AIRTECH SEALANT213', '0,852', 'M', 7172315, 'MATIERE', 1),
(151, 4, 5047313, 'WL5200R.001-48-600SHT', 'FILM ROUL AIRTECH WL5200R.001-48-600SHT', '0,107', 'M2', 7172315, 'MATIERE', 1),
(152, 4, 5047677, 'D300B', 'TISSU D\' ARRACHAGE D300B 94GR/M2 (152M2)', '0,107', 'M2', 7172315, 'MATIERE', 1),
(153, 4, 5047306, '234TFP RELEASE EASE', 'FILM AIRTECH 234TFP RELEASE EASE', '0,103', 'M2', 7172315, 'MATIERE', 1),
(154, 4, 5089757, '', 'FILM SL800. 003\"-48\"-650\' CF', '0,107', 'M2', 7172315, 'MATIERE', 1),
(155, 4, 5047301, 'WL5200BMP22', 'FILM WL5200BMP22 .001\"-48\"-600\'SHT', '0,107', 'M2', 7172315, 'MATIERE', 1),
(156, 3, 5048037, 'GAC115AA2', 'RESINE EPOXY EPON 828', '1,200', 'L', 7172309, 'MATIERE', 1),
(157, 3, 5048122, 'GAC117G1', 'CATALYSEUR CYTEC 70413000 DTA', '0,030', 'L', 7172309, 'MATIERE', 1),
(158, 2, 7172310, '73P5522508C00100', '73P5522508C00100 CLIP - ELV FRONT SPAR H', '4', 'PCE', 7172294, 'PIECE', 1),
(159, 3, 7172313, '73P5522510C00125', '73P5522510C00125 EBAUCHE CLIP 510 LH-RH', '0,220', 'USC', 7172310, 'PIECE', 1),
(160, 4, 5026802, '8552SAS4 Release', 'TIS CARB 8552S/38%/AGP193PW GMS4020', '0,700', 'M2', 7172313, 'MATIERE', 1),
(161, 4, 3001752, 'AIRWEAVE N10', 'TIS AIRTECH AIRWEAVE N10 LAG 1520MM LONG', '0,011', 'M2', 7172313, 'PIECE', 1),
(162, 4, 5084432, 'SEALANT213', 'MAST AIRTECH SEALANT213', '0,440', 'M', 7172313, 'MATIERE', 1),
(163, 4, 5047313, 'WL5200R.001-48-600SHT', 'FILM ROUL AIRTECH WL5200R.001-48-600SHT', '0,055', 'M2', 7172313, 'MATIERE', 1),
(164, 4, 5047677, 'D300B', 'TISSU D\' ARRACHAGE D300B 94GR/M2 (152M2)', '0,055', 'M2', 7172313, 'MATIERE', 1),
(165, 4, 5047306, '234TFP RELEASE EASE', 'FILM AIRTECH 234TFP RELEASE EASE', '0,049', 'M2', 7172313, 'MATIERE', 1),
(166, 4, 5089757, '', 'FILM SL800. 003\"-48\"-650\' CF', '0,055', 'M2', 7172313, 'MATIERE', 1),
(167, 4, 5047301, 'WL5200BMP22', 'FILM WL5200BMP22 .001\"-48\"-600\'SHT', '0,055', 'M2', 7172313, 'MATIERE', 1),
(168, 3, 5048037, 'GAC115AA2', 'RESINE EPOXY EPON 828', '0,800', 'L', 7172310, 'MATIERE', 1),
(169, 3, 5048122, 'GAC117G1', 'CATALYSEUR CYTEC 70413000 DTA', '0,020', 'L', 7172310, 'MATIERE', 1),
(170, 2, 7172311, '73P5522509C00100', '73P5522509C00100 CLIP - ELV FRONT SPAR H', '6', 'PCE', 7172294, 'PIECE', 1),
(171, 3, 7172317, '73P5522514C00125', '73P5522514C00125 EBAUCHE CLIP 514 LH-RH', '0,372', 'USC', 7172311, 'PIECE', 1),
(172, 4, 5026802, '8552SAS4 Release', 'TIS CARB 8552S/38%/AGP193PW GMS4020', '1,157', 'M2', 7172317, 'MATIERE', 1),
(173, 4, 3001752, 'AIRWEAVE N10', 'TIS AIRTECH AIRWEAVE N10 LAG 1520MM LONG', '0,019', 'M2', 7172317, 'PIECE', 1),
(174, 4, 5084432, 'SEALANT213', 'MAST AIRTECH SEALANT213', '0,744', 'M', 7172317, 'MATIERE', 1),
(175, 4, 5047313, 'WL5200R.001-48-600SHT', 'FILM ROUL AIRTECH WL5200R.001-48-600SHT', '0,093', 'M2', 7172317, 'MATIERE', 1),
(176, 4, 5047677, 'D300B', 'TISSU D\' ARRACHAGE D300B 94GR/M2 (152M2)', '0,093', 'M2', 7172317, 'MATIERE', 1),
(177, 4, 5047306, '234TFP RELEASE EASE', 'FILM AIRTECH 234TFP RELEASE EASE', '0,093', 'M2', 7172317, 'MATIERE', 1),
(178, 4, 5089757, '', 'FILM SL800. 003\"-48\"-650\' CF', '0,093', 'M2', 7172317, 'MATIERE', 1),
(179, 4, 5047301, 'WL5200BMP22', 'FILM WL5200BMP22 .001\"-48\"-600\'SHT', '0,093', 'M2', 7172317, 'MATIERE', 1),
(180, 3, 5048037, 'GAC115AA2', 'RESINE EPOXY EPON 828', '0,060', 'L', 7172311, 'MATIERE', 1),
(181, 3, 5048122, 'GAC117G1', 'CATALYSEUR CYTEC 70413000 DTA', '0,030', 'L', 7172311, 'MATIERE', 1),
(182, 2, 7172312, '73P5522510C00100', '73P5522510C00100 CLIP - ELV FRONT SPAR H', '5', 'PCE', 7172294, 'PIECE', 1),
(183, 3, 7172313, '73P5522510C00125', '73P5522510C00125 EBAUCHE CLIP 510 LH-RH', '0,280', 'USC', 7172312, 'PIECE', 1),
(184, 4, 5026802, '8552SAS4 Release', 'TIS CARB 8552S/38%/AGP193PW GMS4020', '0,891', 'M2', 7172313, 'MATIERE', 1),
(185, 4, 3001752, 'AIRWEAVE N10', 'TIS AIRTECH AIRWEAVE N10 LAG 1520MM LONG', '0,014', 'M2', 7172313, 'PIECE', 1),
(186, 4, 5084432, 'SEALANT213', 'MAST AIRTECH SEALANT213', '0,560', 'M', 7172313, 'MATIERE', 1),
(187, 4, 5047313, 'WL5200R.001-48-600SHT', 'FILM ROUL AIRTECH WL5200R.001-48-600SHT', '0,070', 'M2', 7172313, 'MATIERE', 1),
(188, 4, 5047677, 'D300B', 'TISSU D\' ARRACHAGE D300B 94GR/M2 (152M2)', '0,070', 'M2', 7172313, 'MATIERE', 1),
(189, 4, 5047306, '234TFP RELEASE EASE', 'FILM AIRTECH 234TFP RELEASE EASE', '0,062', 'M2', 7172313, 'MATIERE', 1),
(190, 4, 5089757, '', 'FILM SL800. 003\"-48\"-650\' CF', '0,070', 'M2', 7172313, 'MATIERE', 1),
(191, 4, 5047301, 'WL5200BMP22', 'FILM WL5200BMP22 .001\"-48\"-600\'SHT', '0,070', 'M2', 7172313, 'MATIERE', 1),
(192, 3, 5048037, 'GAC115AA2', 'RESINE EPOXY EPON 828', '1,000', 'L', 7172312, 'MATIERE', 1),
(193, 3, 5048122, 'GAC117G1', 'CATALYSEUR CYTEC 70413000 DTA', '0,025', 'L', 7172312, 'MATIERE', 1),
(194, 2, 7172314, '73P5522513C00100', '73P5522513C00100 CLIP - ELV FRONT SPAR H', '1', 'PCE', 7172294, 'PIECE', 1),
(195, 3, 7172315, '73P5522513C00125', '73P5522513C00125 EBAUCHE CLIP 513 LH-RH', '0,074', 'USC', 7172314, 'PIECE', 1),
(196, 4, 5026802, '8552SAS4 Release', 'TIS CARB 8552S/38%/AGP193PW GMS4020', '0,231', 'M2', 7172315, 'MATIERE', 1),
(197, 4, 3001752, 'AIRWEAVE N10', 'TIS AIRTECH AIRWEAVE N10 LAG 1520MM LONG', '0,004', 'M2', 7172315, 'PIECE', 1),
(198, 4, 5084432, 'SEALANT213', 'MAST AIRTECH SEALANT213', '0,148', 'M', 7172315, 'MATIERE', 1),
(199, 4, 5047313, 'WL5200R.001-48-600SHT', 'FILM ROUL AIRTECH WL5200R.001-48-600SHT', '0,019', 'M2', 7172315, 'MATIERE', 1),
(200, 4, 5047677, 'D300B', 'TISSU D\' ARRACHAGE D300B 94GR/M2 (152M2)', '0,019', 'M2', 7172315, 'MATIERE', 1),
(201, 4, 5047306, '234TFP RELEASE EASE', 'FILM AIRTECH 234TFP RELEASE EASE', '0,018', 'M2', 7172315, 'MATIERE', 1),
(202, 4, 5089757, '', 'FILM SL800. 003\"-48\"-650\' CF', '0,019', 'M2', 7172315, 'MATIERE', 1),
(203, 4, 5047301, 'WL5200BMP22', 'FILM WL5200BMP22 .001\"-48\"-600\'SHT', '0,019', 'M2', 7172315, 'MATIERE', 1),
(204, 3, 5048037, 'GAC115AA2', 'RESINE EPOXY EPON 828', '0,050', 'L', 7172314, 'MATIERE', 1),
(205, 3, 5048122, 'GAC117G1', 'CATALYSEUR CYTEC 70413000 DTA', '0,005', 'L', 7172314, 'MATIERE', 1),
(206, 2, 7172316, '73P5522514C00100', '73P5522514C00100 CLIP - ELV FRONT SPAR H', '2', 'PCE', 7172294, 'PIECE', 1),
(207, 3, 7172317, '73P5522514C00125', '73P5522514C00125 EBAUCHE CLIP 514 LH-RH', '0,128', 'USC', 7172316, 'PIECE', 1),
(208, 4, 5026802, '8552SAS4 Release', 'TIS CARB 8552S/38%/AGP193PW GMS4020', '0,399', 'M2', 7172317, 'MATIERE', 1),
(209, 4, 3001752, 'AIRWEAVE N10', 'TIS AIRTECH AIRWEAVE N10 LAG 1520MM LONG', '0,007', 'M2', 7172317, 'PIECE', 1),
(210, 4, 5084432, 'SEALANT213', 'MAST AIRTECH SEALANT213', '0,256', 'M', 7172317, 'MATIERE', 1),
(211, 4, 5047313, 'WL5200R.001-48-600SHT', 'FILM ROUL AIRTECH WL5200R.001-48-600SHT', '0,032', 'M2', 7172317, 'MATIERE', 1),
(212, 4, 5047677, 'D300B', 'TISSU D\' ARRACHAGE D300B 94GR/M2 (152M2)', '0,032', 'M2', 7172317, 'MATIERE', 1),
(213, 4, 5047306, '234TFP RELEASE EASE', 'FILM AIRTECH 234TFP RELEASE EASE', '0,032', 'M2', 7172317, 'MATIERE', 1),
(214, 4, 5089757, '', 'FILM SL800. 003\"-48\"-650\' CF', '0,032', 'M2', 7172317, 'MATIERE', 1),
(215, 4, 5047301, 'WL5200BMP22', 'FILM WL5200BMP22 .001\"-48\"-600\'SHT', '0,032', 'M2', 7172317, 'MATIERE', 1),
(216, 3, 5048037, 'GAC115AA2', 'RESINE EPOXY EPON 828', '0,400', 'L', 7172316, 'MATIERE', 1),
(217, 3, 5048122, 'GAC117G1', 'CATALYSEUR CYTEC 70413000 DTA', '0,010', 'L', 7172316, 'MATIERE', 1),
(218, 2, 7172295, '73P5522501C00301', '73P5522501C00301 SPAR - ELEVATOR FWD SYM', '1', 'PCE', 7172294, 'PIECE', 1),
(219, 3, 5026802, '8552SAS4 Release', 'TIS CARB 8552S/38%/AGP193PW GMS4020', '21,850', 'M2', 7172295, 'MATIERE', 1),
(220, 3, 7252048, '73P5522501LHVRSPAR', '73P5522501LHVRSPAR KIT VERRE FWD SPAR LH', '1', 'USC', 7172295, 'PIECE', 1),
(221, 4, 5027255, '120GL-8552S-45% 107AW', 'TIS VER HEXCEL 120GL/8552S/45% 107AW', '2,110', 'M2', 7252048, 'MATIERE', 1),
(222, 3, 5047677, 'D300B', 'TISSU D\' ARRACHAGE D300B 94GR/M2 (152M2)', '6,000', 'M2', 7172295, 'MATIERE', 1),
(223, 3, 3001752, 'AIRWEAVE N10', 'TIS AIRTECH AIRWEAVE N10 LAG 1520MM LONG', '14,000', 'M2', 7172295, 'PIECE', 1),
(224, 3, 5084432, 'SEALANT213', 'MAST AIRTECH SEALANT213', '32,000', 'M', 7172295, 'MATIERE', 1),
(225, 3, 5047313, 'WL5200R.001-48-600SHT', 'FILM ROUL AIRTECH WL5200R.001-48-600SHT', '7,000', 'M2', 7172295, 'MATIERE', 1),
(226, 3, 5048241, 'GAR110MY-1', 'COLLE EPOXY HENKEL EA 960F', '0,100', 'USC', 7172295, 'MATIERE', 1),
(227, 3, 5038283, '44GN11', 'PRIM DEFT COATING 44GN11 (1/4 GAL)', '0,100', 'USC', 7172295, 'MATIERE', 1),
(228, 3, 5038408, 'BASE 01W074', 'PEIN DEFT COATING 01W074 (1/4 GAL)', '0,200', 'USC', 7172295, 'MATIERE', 1),
(229, 3, 5089757, '', 'FILM SL800. 003\"-48\"-650\' CF', '14,000', 'M2', 7172295, 'MATIERE', 1),
(230, 3, 5047231, 'STRETCHFLOW 2000', 'RUB AIRTECH STRETCHFLOW 2000 59\'\' X 7M', '0,500', 'ROU', 7172295, 'MATIERE', 1),
(231, 3, 5047297, 'WL5200Y MP25 .001\" 48\"', 'FILM WL5200Y MP25 .001\" 48\" 600\'', '7,000', 'M2', 7172295, 'MATIERE', 1),
(232, 2, 7172200, '73P5521134C00500', '73P5521134C00500 PANEL ACCESS - ELV LE H', '1', 'PCE', 7172294, 'PIECE', 1),
(233, 3, 5038283, '44GN11', 'PRIM DEFT COATING 44GN11 (1/4 GAL)', '0,020', 'USC', 7172200, 'MATIERE', 1),
(234, 3, 7172217, '73P5521142C00325', '73P5521142C00325 EBAUCHE LEADING EDGE 14', '0,400', 'USC', 7172200, 'PIECE', 1),
(235, 4, 5026802, '8552SAS4 Release', 'TIS CARB 8552S/38%/AGP193PW GMS4020', '1,416', 'M2', 7172217, 'MATIERE', 1),
(236, 4, 5047677, 'D300B', 'TISSU D\' ARRACHAGE D300B 94GR/M2 (152M2)', '0,320', 'M2', 7172217, 'MATIERE', 1),
(237, 4, 5084432, 'SEALANT213', 'MAST AIRTECH SEALANT213', '1,440', 'M', 7172217, 'MATIERE', 1),
(238, 4, 5047313, 'WL5200R.001-48-600SHT', 'FILM ROUL AIRTECH WL5200R.001-48-600SHT', '0,320', 'M2', 7172217, 'MATIERE', 1),
(239, 4, 3001752, 'AIRWEAVE N10', 'TIS AIRTECH AIRWEAVE N10 LAG 1520MM LONG', '0,320', 'M2', 7172217, 'PIECE', 1),
(240, 4, 7172120, '73P5521101LHCULEUP', '73P5521101LHCULEUP KIT CUIVRE LEADING ED', '0,080', 'USC', 7172217, 'PIECE', 1),
(241, 5, 5047880, 'FM300M ECS', 'FILM FM300M ECS GMS4017', '0,108', 'M2', 7172120, 'MATIERE', 1),
(242, 4, 7172121, '73P5521101LHVRLEUP', '73P5521101LHVRLEUP KIT VERRE LEADING EDG', '0,080', 'USC', 7172217, 'PIECE', 1),
(243, 5, 5027255, '120GL-8552S-45% 107AW', 'TIS VER HEXCEL 120GL/8552S/45% 107AW', '0,015', 'M2', 7172121, 'MATIERE', 1),
(244, 5, 5027255, '120GL-8552S-45% 107AW', 'TIS VER HEXCEL 120GL/8552S/45% 107AW', '0,015', 'M2', 7172121, 'MATIERE', 1),
(245, 5, 5027255, '120GL-8552S-45% 107AW', 'TIS VER HEXCEL 120GL/8552S/45% 107AW', '0,015', 'M2', 7172121, 'MATIERE', 1),
(246, 5, 5027255, '120GL-8552S-45% 107AW', 'TIS VER HEXCEL 120GL/8552S/45% 107AW', '0,015', 'M2', 7172121, 'MATIERE', 1),
(247, 5, 5027255, '120GL-8552S-45% 107AW', 'TIS VER HEXCEL 120GL/8552S/45% 107AW', '0,016', 'M2', 7172121, 'MATIERE', 1),
(248, 4, 5034435, 'SL800.003\"-54\"-650\'SHT', 'TOIL AIRTECH SL800.003\"-54\"-650\' SHT', '0,640', 'M2', 7172217, 'MATIERE', 1),
(249, 4, 5047301, 'WL5200BMP22', 'FILM WL5200BMP22 .001\"-48\"-600\'SHT', '0,200', 'M2', 7172217, 'MATIERE', 1),
(250, 3, 5048037, 'GAC115AA2', 'RESINE EPOXY EPON 828', '0,015', 'L', 7172200, 'MATIERE', 1),
(251, 3, 5048122, 'GAC117G1', 'CATALYSEUR CYTEC 70413000 DTA', '0,005', 'L', 7172200, 'MATIERE', 1),
(252, 3, 5038408, 'BASE 01W074', 'PEIN DEFT COATING 01W074 (1/4 GAL)', '0,100', 'USC', 7172200, 'MATIERE', 1),
(253, 2, 7172127, '73P5521104C00500', '73P5521104C00500 PANEL ACCESS - ELV LE H', '1', 'PCE', 7172294, 'PIECE', 1),
(254, 3, 5038283, '44GN11', 'PRIM DEFT COATING 44GN11 (1/4 GAL)', '0,020', 'USC', 7172127, 'MATIERE', 1),
(255, 3, 5048037, 'GAC115AA2', 'RESINE EPOXY EPON 828', '0,015', 'L', 7172127, 'MATIERE', 1),
(256, 3, 5048122, 'GAC117G1', 'CATALYSEUR CYTEC 70413000 DTA', '0,005', 'L', 7172127, 'MATIERE', 1),
(257, 3, 7172217, '73P5521142C00325', '73P5521142C00325 EBAUCHE LEADING EDGE 14', '0,300', 'USC', 7172127, 'PIECE', 1),
(258, 4, 5026802, '8552SAS4 Release', 'TIS CARB 8552S/38%/AGP193PW GMS4020', '1,062', 'M2', 7172217, 'MATIERE', 1),
(259, 4, 5047677, 'D300B', 'TISSU D\' ARRACHAGE D300B 94GR/M2 (152M2)', '0,240', 'M2', 7172217, 'MATIERE', 1),
(260, 4, 5084432, 'SEALANT213', 'MAST AIRTECH SEALANT213', '1,080', 'M', 7172217, 'MATIERE', 1),
(261, 4, 5047313, 'WL5200R.001-48-600SHT', 'FILM ROUL AIRTECH WL5200R.001-48-600SHT', '0,240', 'M2', 7172217, 'MATIERE', 1),
(262, 4, 3001752, 'AIRWEAVE N10', 'TIS AIRTECH AIRWEAVE N10 LAG 1520MM LONG', '0,240', 'M2', 7172217, 'PIECE', 1),
(263, 4, 7172120, '73P5521101LHCULEUP', '73P5521101LHCULEUP KIT CUIVRE LEADING ED', '0,060', 'USC', 7172217, 'PIECE', 1),
(264, 5, 5047880, 'FM300M ECS', 'FILM FM300M ECS GMS4017', '0,081', 'M2', 7172120, 'MATIERE', 1),
(265, 4, 7172121, '73P5521101LHVRLEUP', '73P5521101LHVRLEUP KIT VERRE LEADING EDG', '0,060', 'USC', 7172217, 'PIECE', 1),
(266, 5, 5027255, '120GL-8552S-45% 107AW', 'TIS VER HEXCEL 120GL/8552S/45% 107AW', '0,011', 'M2', 7172121, 'MATIERE', 1),
(267, 5, 5027255, '120GL-8552S-45% 107AW', 'TIS VER HEXCEL 120GL/8552S/45% 107AW', '0,011', 'M2', 7172121, 'MATIERE', 1),
(268, 5, 5027255, '120GL-8552S-45% 107AW', 'TIS VER HEXCEL 120GL/8552S/45% 107AW', '0,011', 'M2', 7172121, 'MATIERE', 1),
(269, 5, 5027255, '120GL-8552S-45% 107AW', 'TIS VER HEXCEL 120GL/8552S/45% 107AW', '0,011', 'M2', 7172121, 'MATIERE', 1),
(270, 5, 5027255, '120GL-8552S-45% 107AW', 'TIS VER HEXCEL 120GL/8552S/45% 107AW', '0,012', 'M2', 7172121, 'MATIERE', 1),
(271, 4, 5034435, 'SL800.003\"-54\"-650\'SHT', 'TOIL AIRTECH SL800.003\"-54\"-650\' SHT', '0,480', 'M2', 7172217, 'MATIERE', 1),
(272, 4, 5047301, 'WL5200BMP22', 'FILM WL5200BMP22 .001\"-48\"-600\'SHT', '0,150', 'M2', 7172217, 'MATIERE', 1),
(273, 3, 5038408, 'BASE 01W074', 'PEIN DEFT COATING 01W074 (1/4 GAL)', '0,100', 'USC', 7172127, 'MATIERE', 1),
(274, 2, 7172183, '73P5521128C00500', '73P5521128C00500 PANEL ACCESS - ELV LE H', '1', 'PCE', 7172294, 'PIECE', 1),
(275, 3, 5038283, '44GN11', 'PRIM DEFT COATING 44GN11 (1/4 GAL)', '0,020', 'USC', 7172183, 'MATIERE', 1),
(276, 3, 7172180, '73P5521126C00325', '73P5521126C00325 EBAUCHE LEADING EDGE 12', '0,500', 'USC', 7172183, 'PIECE', 1),
(277, 4, 5026802, '8552SAS4 Release', 'TIS CARB 8552S/38%/AGP193PW GMS4020', '1,110', 'M2', 7172180, 'MATIERE', 1),
(278, 4, 5047677, 'D300B', 'TISSU D\' ARRACHAGE D300B 94GR/M2 (152M2)', '0,400', 'M2', 7172180, 'MATIERE', 1),
(279, 4, 5084432, 'SEALANT213', 'MAST AIRTECH SEALANT213', '1,800', 'M', 7172180, 'MATIERE', 1),
(280, 4, 5047313, 'WL5200R.001-48-600SHT', 'FILM ROUL AIRTECH WL5200R.001-48-600SHT', '0,400', 'M2', 7172180, 'MATIERE', 1),
(281, 4, 3001752, 'AIRWEAVE N10', 'TIS AIRTECH AIRWEAVE N10 LAG 1520MM LONG', '0,400', 'M2', 7172180, 'PIECE', 1),
(282, 4, 7172271, '73P5522120LHSFLELO', '73P5522120LHSFLELO KIT SURFACING FILM LE', '0,100', 'USC', 7172180, 'PIECE', 1),
(283, 5, 5026804, 'GMS4016-B2G', 'FILM SURFACE CYTEC SM905M', '0,127', 'M2', 7172271, 'MATIERE', 1),
(284, 4, 7172272, '73P5522120LHVRLELO', '73P5522120LHVRLELO KIT VERRE LEADING EDG', '0,100', 'USC', 7172180, 'PIECE', 1),
(285, 5, 5027255, '120GL-8552S-45% 107AW', 'TIS VER HEXCEL 120GL/8552S/45% 107AW', '0,016', 'M2', 7172272, 'MATIERE', 1),
(286, 5, 5027255, '120GL-8552S-45% 107AW', 'TIS VER HEXCEL 120GL/8552S/45% 107AW', '0,016', 'M2', 7172272, 'MATIERE', 1),
(287, 5, 5027255, '120GL-8552S-45% 107AW', 'TIS VER HEXCEL 120GL/8552S/45% 107AW', '0,020', 'M2', 7172272, 'MATIERE', 1),
(288, 5, 5027255, '120GL-8552S-45% 107AW', 'TIS VER HEXCEL 120GL/8552S/45% 107AW', '0,019', 'M2', 7172272, 'MATIERE', 1),
(289, 5, 5027255, '120GL-8552S-45% 107AW', 'TIS VER HEXCEL 120GL/8552S/45% 107AW', '0,018', 'M2', 7172272, 'MATIERE', 1),
(290, 4, 5034435, 'SL800.003\"-54\"-650\'SHT', 'TOIL AIRTECH SL800.003\"-54\"-650\' SHT', '0,800', 'M2', 7172180, 'MATIERE', 1),
(291, 4, 5047301, 'WL5200BMP22', 'FILM WL5200BMP22 .001\"-48\"-600\'SHT', '0,300', 'M2', 7172180, 'MATIERE', 1),
(292, 4, 5047231, 'STRETCHFLOW 2000', 'RUB AIRTECH STRETCHFLOW 2000 59\'\' X 7M', '0,010', 'ROU', 7172180, 'MATIERE', 1),
(293, 3, 5048037, 'GAC115AA2', 'RESINE EPOXY EPON 828', '0,015', 'L', 7172183, 'MATIERE', 1),
(294, 3, 5048122, 'GAC117G1', 'CATALYSEUR CYTEC 70413000 DTA', '0,005', 'L', 7172183, 'MATIERE', 1),
(295, 3, 5038408, 'BASE 01W074', 'PEIN DEFT COATING 01W074 (1/4 GAL)', '0,100', 'USC', 7172183, 'MATIERE', 1),
(296, 2, 7172185, '73P5521129C00500', '73P5521129C00500 PANEL ACCESS - ELV LE H', '1', 'PCE', 7172294, 'PIECE', 1),
(297, 3, 5026802, '8552SAS4 Release', 'TIS CARB 8552S/38%/AGP193PW GMS4020', '0,530', 'M2', 7172185, 'MATIERE', 1),
(298, 3, 7172189, '73P5521129VRLEIML', '73P5521129VRLEIML KIT VERRE LEANDING EDG', '0,125', 'USC', 7172185, 'PIECE', 1),
(299, 4, 5027255, '120GL-8552S-45% 107AW', 'TIS VER HEXCEL 120GL/8552S/45% 107AW', '0,017', 'M2', 7172189, 'MATIERE', 1),
(300, 4, 5027255, '120GL-8552S-45% 107AW', 'TIS VER HEXCEL 120GL/8552S/45% 107AW', '0,017', 'M2', 7172189, 'MATIERE', 1),
(301, 4, 5027255, '120GL-8552S-45% 107AW', 'TIS VER HEXCEL 120GL/8552S/45% 107AW', '0,017', 'M2', 7172189, 'MATIERE', 1),
(302, 4, 5027255, '120GL-8552S-45% 107AW', 'TIS VER HEXCEL 120GL/8552S/45% 107AW', '0,017', 'M2', 7172189, 'MATIERE', 1),
(303, 4, 5027255, '120GL-8552S-45% 107AW', 'TIS VER HEXCEL 120GL/8552S/45% 107AW', '0,017', 'M2', 7172189, 'MATIERE', 1),
(304, 4, 5027255, '120GL-8552S-45% 107AW', 'TIS VER HEXCEL 120GL/8552S/45% 107AW', '0,017', 'M2', 7172189, 'MATIERE', 1),
(305, 4, 5027255, '120GL-8552S-45% 107AW', 'TIS VER HEXCEL 120GL/8552S/45% 107AW', '0,017', 'M2', 7172189, 'MATIERE', 1),
(306, 4, 5027255, '120GL-8552S-45% 107AW', 'TIS VER HEXCEL 120GL/8552S/45% 107AW', '0,017', 'M2', 7172189, 'MATIERE', 1),
(307, 3, 5047677, 'D300B', 'TISSU D\' ARRACHAGE D300B 94GR/M2 (152M2)', '0,330', 'M2', 7172185, 'MATIERE', 1),
(308, 3, 5084432, 'SEALANT213', 'MAST AIRTECH SEALANT213', '1,500', 'M', 7172185, 'MATIERE', 1),
(309, 3, 7172187, '73P5521129CULEIML', '73P5521129CULEIML KIT CUIVRE LEANDING ED', '0,120', 'USC', 7172185, 'PIECE', 1),
(310, 4, 5047880, 'FM300M ECS', 'FILM FM300M ECS GMS4017', '0,107', 'M2', 7172187, 'MATIERE', 1),
(311, 3, 5047313, 'WL5200R.001-48-600SHT', 'FILM ROUL AIRTECH WL5200R.001-48-600SHT', '0,330', 'M2', 7172185, 'MATIERE', 1),
(312, 3, 3001752, 'AIRWEAVE N10', 'TIS AIRTECH AIRWEAVE N10 LAG 1520MM LONG', '0,330', 'M2', 7172185, 'PIECE', 1),
(313, 3, 5048241, 'GAR110MY-1', 'COLLE EPOXY HENKEL EA 960F', '0,020', 'USC', 7172185, 'MATIERE', 1),
(314, 3, 5038283, '44GN11', 'PRIM DEFT COATING 44GN11 (1/4 GAL)', '0,020', 'USC', 7172185, 'MATIERE', 1),
(315, 3, 5038408, 'BASE 01W074', 'PEIN DEFT COATING 01W074 (1/4 GAL)', '0,040', 'USC', 7172185, 'MATIERE', 1),
(316, 3, 5026802, '8552SAS4 Release', 'TIS CARB 8552S/38%/AGP193PW GMS4020', '0,470', 'M2', 7172185, 'MATIERE', 1),
(317, 3, 5034435, 'SL800.003\"-54\"-650\'SHT', 'TOIL AIRTECH SL800.003\"-54\"-650\' SHT', '0,660', 'M2', 7172185, 'MATIERE', 1),
(318, 3, 5047301, 'WL5200BMP22', 'FILM WL5200BMP22 .001\"-48\"-600\'SHT', '0,330', 'M2', 7172185, 'MATIERE', 1),
(319, 2, 7172190, '73P5521130C00500', '73P5521130C00500 PANEL ACCESS - ELV LE H', '1', 'PCE', 7172294, 'PIECE', 1),
(320, 3, 5026802, '8552SAS4 Release', 'TIS CARB 8552S/38%/AGP193PW GMS4020', '1,240', 'M2', 7172190, 'MATIERE', 1),
(321, 3, 5047677, 'D300B', 'TISSU D\' ARRACHAGE D300B 94GR/M2 (152M2)', '0,330', 'M2', 7172190, 'MATIERE', 1),
(322, 3, 5084432, 'SEALANT213', 'MAST AIRTECH SEALANT213', '1,500', 'M', 7172190, 'MATIERE', 1),
(323, 3, 7172187, '73P5521129CULEIML', '73P5521129CULEIML KIT CUIVRE LEANDING ED', '0,260', 'USC', 7172190, 'PIECE', 1),
(324, 4, 5047880, 'FM300M ECS', 'FILM FM300M ECS GMS4017', '0,232', 'M2', 7172187, 'MATIERE', 1),
(325, 3, 5047313, 'WL5200R.001-48-600SHT', 'FILM ROUL AIRTECH WL5200R.001-48-600SHT', '0,330', 'M2', 7172190, 'MATIERE', 1),
(326, 3, 3001752, 'AIRWEAVE N10', 'TIS AIRTECH AIRWEAVE N10 LAG 1520MM LONG', '0,330', 'M2', 7172190, 'PIECE', 1),
(327, 3, 5048241, 'GAR110MY-1', 'COLLE EPOXY HENKEL EA 960F', '0,020', 'USC', 7172190, 'MATIERE', 1),
(328, 3, 5038283, '44GN11', 'PRIM DEFT COATING 44GN11 (1/4 GAL)', '0,020', 'USC', 7172190, 'MATIERE', 1),
(329, 3, 5038408, 'BASE 01W074', 'PEIN DEFT COATING 01W074 (1/4 GAL)', '0,040', 'USC', 7172190, 'MATIERE', 1),
(330, 3, 5034435, 'SL800.003\"-54\"-650\'SHT', 'TOIL AIRTECH SL800.003\"-54\"-650\' SHT', '0,660', 'M2', 7172190, 'MATIERE', 1),
(331, 3, 5047301, 'WL5200BMP22', 'FILM WL5200BMP22 .001\"-48\"-600\'SHT', '0,330', 'M2', 7172190, 'MATIERE', 1),
(332, 2, 7172192, '73P5521131C00500', '73P5521131C00500 PANEL ACCESS - ELV LE H', '1', 'PCE', 7172294, 'PIECE', 1),
(333, 3, 5026802, '8552SAS4 Release', 'TIS CARB 8552S/38%/AGP193PW GMS4020', '0,580', 'M2', 7172192, 'MATIERE', 1),
(334, 3, 7172189, '73P5521129VRLEIML', '73P5521129VRLEIML KIT VERRE LEANDING EDG', '0,125', 'USC', 7172192, 'PIECE', 1),
(335, 4, 5027255, '120GL-8552S-45% 107AW', 'TIS VER HEXCEL 120GL/8552S/45% 107AW', '0,017', 'M2', 7172189, 'MATIERE', 1),
(336, 4, 5027255, '120GL-8552S-45% 107AW', 'TIS VER HEXCEL 120GL/8552S/45% 107AW', '0,017', 'M2', 7172189, 'MATIERE', 1),
(337, 4, 5027255, '120GL-8552S-45% 107AW', 'TIS VER HEXCEL 120GL/8552S/45% 107AW', '0,017', 'M2', 7172189, 'MATIERE', 1),
(338, 4, 5027255, '120GL-8552S-45% 107AW', 'TIS VER HEXCEL 120GL/8552S/45% 107AW', '0,017', 'M2', 7172189, 'MATIERE', 1),
(339, 4, 5027255, '120GL-8552S-45% 107AW', 'TIS VER HEXCEL 120GL/8552S/45% 107AW', '0,017', 'M2', 7172189, 'MATIERE', 1),
(340, 4, 5027255, '120GL-8552S-45% 107AW', 'TIS VER HEXCEL 120GL/8552S/45% 107AW', '0,017', 'M2', 7172189, 'MATIERE', 1),
(341, 4, 5027255, '120GL-8552S-45% 107AW', 'TIS VER HEXCEL 120GL/8552S/45% 107AW', '0,017', 'M2', 7172189, 'MATIERE', 1),
(342, 4, 5027255, '120GL-8552S-45% 107AW', 'TIS VER HEXCEL 120GL/8552S/45% 107AW', '0,017', 'M2', 7172189, 'MATIERE', 1),
(343, 3, 5047677, 'D300B', 'TISSU D\' ARRACHAGE D300B 94GR/M2 (152M2)', '0,330', 'M2', 7172192, 'MATIERE', 1),
(344, 3, 5084432, 'SEALANT213', 'MAST AIRTECH SEALANT213', '1,500', 'M', 7172192, 'MATIERE', 1),
(345, 3, 7172187, '73P5521129CULEIML', '73P5521129CULEIML KIT CUIVRE LEANDING ED', '0,120', 'USC', 7172192, 'PIECE', 1),
(346, 4, 5047880, 'FM300M ECS', 'FILM FM300M ECS GMS4017', '0,107', 'M2', 7172187, 'MATIERE', 1),
(347, 3, 5047313, 'WL5200R.001-48-600SHT', 'FILM ROUL AIRTECH WL5200R.001-48-600SHT', '0,330', 'M2', 7172192, 'MATIERE', 1),
(348, 3, 3001752, 'AIRWEAVE N10', 'TIS AIRTECH AIRWEAVE N10 LAG 1520MM LONG', '0,330', 'M2', 7172192, 'PIECE', 1),
(349, 3, 5048241, 'GAR110MY-1', 'COLLE EPOXY HENKEL EA 960F', '0,020', 'USC', 7172192, 'MATIERE', 1),
(350, 3, 5038283, '44GN11', 'PRIM DEFT COATING 44GN11 (1/4 GAL)', '0,020', 'USC', 7172192, 'MATIERE', 1),
(351, 3, 5038408, 'BASE 01W074', 'PEIN DEFT COATING 01W074 (1/4 GAL)', '0,040', 'USC', 7172192, 'MATIERE', 1),
(352, 3, 5034435, 'SL800.003\"-54\"-650\'SHT', 'TOIL AIRTECH SL800.003\"-54\"-650\' SHT', '0,660', 'M2', 7172192, 'MATIERE', 1),
(353, 3, 5047301, 'WL5200BMP22', 'FILM WL5200BMP22 .001\"-48\"-600\'SHT', '0,330', 'M2', 7172192, 'MATIERE', 1),
(354, 2, 7172198, '73P5521133C00500', '73P5521133C00500 PANEL ACCESS - ELV LE H', '1', 'PCE', 7172294, 'PIECE', 1),
(355, 3, 5026802, '8552SAS4 Release', 'TIS CARB 8552S/38%/AGP193PW GMS4020', '0,910', 'M2', 7172198, 'MATIERE', 1),
(356, 3, 7172189, '73P5521129VRLEIML', '73P5521129VRLEIML KIT VERRE LEANDING EDG', '0,125', 'USC', 7172198, 'PIECE', 1),
(357, 4, 5027255, '120GL-8552S-45% 107AW', 'TIS VER HEXCEL 120GL/8552S/45% 107AW', '0,017', 'M2', 7172189, 'MATIERE', 1),
(358, 4, 5027255, '120GL-8552S-45% 107AW', 'TIS VER HEXCEL 120GL/8552S/45% 107AW', '0,017', 'M2', 7172189, 'MATIERE', 1),
(359, 4, 5027255, '120GL-8552S-45% 107AW', 'TIS VER HEXCEL 120GL/8552S/45% 107AW', '0,017', 'M2', 7172189, 'MATIERE', 1),
(360, 4, 5027255, '120GL-8552S-45% 107AW', 'TIS VER HEXCEL 120GL/8552S/45% 107AW', '0,017', 'M2', 7172189, 'MATIERE', 1),
(361, 4, 5027255, '120GL-8552S-45% 107AW', 'TIS VER HEXCEL 120GL/8552S/45% 107AW', '0,017', 'M2', 7172189, 'MATIERE', 1),
(362, 4, 5027255, '120GL-8552S-45% 107AW', 'TIS VER HEXCEL 120GL/8552S/45% 107AW', '0,017', 'M2', 7172189, 'MATIERE', 1),
(363, 4, 5027255, '120GL-8552S-45% 107AW', 'TIS VER HEXCEL 120GL/8552S/45% 107AW', '0,017', 'M2', 7172189, 'MATIERE', 1),
(364, 4, 5027255, '120GL-8552S-45% 107AW', 'TIS VER HEXCEL 120GL/8552S/45% 107AW', '0,017', 'M2', 7172189, 'MATIERE', 1),
(365, 3, 5047677, 'D300B', 'TISSU D\' ARRACHAGE D300B 94GR/M2 (152M2)', '0,330', 'M2', 7172198, 'MATIERE', 1),
(366, 3, 5084432, 'SEALANT213', 'MAST AIRTECH SEALANT213', '1,500', 'M', 7172198, 'MATIERE', 1),
(367, 3, 5047313, 'WL5200R.001-48-600SHT', 'FILM ROUL AIRTECH WL5200R.001-48-600SHT', '0,330', 'M2', 7172198, 'MATIERE', 1),
(368, 3, 3001752, 'AIRWEAVE N10', 'TIS AIRTECH AIRWEAVE N10 LAG 1520MM LONG', '0,330', 'M2', 7172198, 'PIECE', 1),
(369, 3, 5047325, 'WL7400', 'TOIL AIRTECH WL7400 0.002\"X80\"X750\' CF', '0,660', 'M2', 7172198, 'MATIERE', 1),
(370, 3, 7172188, '73P5521129SFLEIML', '73P5521129SFLEIML KIT SURFACE LEANDING E', '0,140', 'USC', 7172198, 'PIECE', 1),
(371, 4, 5026804, 'GMS4016-B2G', 'FILM SURFACE CYTEC SM905M', '0,044', 'M2', 7172188, 'MATIERE', 1),
(372, 3, 5048241, 'GAR110MY-1', 'COLLE EPOXY HENKEL EA 960F', '0,020', 'USC', 7172198, 'MATIERE', 1),
(373, 3, 5038283, '44GN11', 'PRIM DEFT COATING 44GN11 (1/4 GAL)', '0,020', 'USC', 7172198, 'MATIERE', 1),
(374, 3, 5038408, 'BASE 01W074', 'PEIN DEFT COATING 01W074 (1/4 GAL)', '0,040', 'USC', 7172198, 'MATIERE', 1),
(375, 3, 5034435, 'SL800.003\"-54\"-650\'SHT', 'TOIL AIRTECH SL800.003\"-54\"-650\' SHT', '0,660', 'M2', 7172198, 'MATIERE', 1),
(376, 3, 5047301, 'WL5200BMP22', 'FILM WL5200BMP22 .001\"-48\"-600\'SHT', '0,330', 'M2', 7172198, 'MATIERE', 1),
(377, 2, 7172202, '73P5521135C00500', '73P5521135C00500 PANEL ACCESS - ELV LE A', '1', 'PCE', 7172294, 'PIECE', 1),
(378, 3, 5026802, '8552SAS4 Release', 'TIS CARB 8552S/38%/AGP193PW GMS4020', '0,600', 'M2', 7172202, 'MATIERE', 1),
(379, 3, 5047677, 'D300B', 'TISSU D\' ARRACHAGE D300B 94GR/M2 (152M2)', '0,330', 'M2', 7172202, 'MATIERE', 1),
(380, 3, 5084432, 'SEALANT213', 'MAST AIRTECH SEALANT213', '1,500', 'M', 7172202, 'MATIERE', 1),
(381, 3, 5047313, 'WL5200R.001-48-600SHT', 'FILM ROUL AIRTECH WL5200R.001-48-600SHT', '0,330', 'M2', 7172202, 'MATIERE', 1),
(382, 3, 3001752, 'AIRWEAVE N10', 'TIS AIRTECH AIRWEAVE N10 LAG 1520MM LONG', '0,330', 'M2', 7172202, 'PIECE', 1),
(383, 3, 7172188, '73P5521129SFLEIML', '73P5521129SFLEIML KIT SURFACE LEANDING E', '0,180', 'USC', 7172202, 'PIECE', 1),
(384, 4, 5026804, 'GMS4016-B2G', 'FILM SURFACE CYTEC SM905M', '0,056', 'M2', 7172188, 'MATIERE', 1),
(385, 3, 5048241, 'GAR110MY-1', 'COLLE EPOXY HENKEL EA 960F', '0,020', 'USC', 7172202, 'MATIERE', 1),
(386, 3, 5038283, '44GN11', 'PRIM DEFT COATING 44GN11 (1/4 GAL)', '0,020', 'USC', 7172202, 'MATIERE', 1),
(387, 3, 5038408, 'BASE 01W074', 'PEIN DEFT COATING 01W074 (1/4 GAL)', '0,040', 'USC', 7172202, 'MATIERE', 1),
(388, 3, 5034435, 'SL800.003\"-54\"-650\'SHT', 'TOIL AIRTECH SL800.003\"-54\"-650\' SHT', '0,660', 'M2', 7172202, 'MATIERE', 1),
(389, 3, 5047301, 'WL5200BMP22', 'FILM WL5200BMP22 .001\"-48\"-600\'SHT', '0,330', 'M2', 7172202, 'MATIERE', 1),
(390, 2, 7172204, '73P5521136C00500', '73P5521136C00500 PANEL ACCESS - ELV LE H', '1', 'PCE', 7172294, 'PIECE', 1),
(391, 3, 5026802, '8552SAS4 Release', 'TIS CARB 8552S/38%/AGP193PW GMS4020', '0,980', 'M2', 7172204, 'MATIERE', 1),
(392, 3, 7172189, '73P5521129VRLEIML', '73P5521129VRLEIML KIT VERRE LEANDING EDG', '0,125', 'USC', 7172204, 'PIECE', 1),
(393, 4, 5027255, '120GL-8552S-45% 107AW', 'TIS VER HEXCEL 120GL/8552S/45% 107AW', '0,017', 'M2', 7172189, 'MATIERE', 1),
(394, 4, 5027255, '120GL-8552S-45% 107AW', 'TIS VER HEXCEL 120GL/8552S/45% 107AW', '0,017', 'M2', 7172189, 'MATIERE', 1),
(395, 4, 5027255, '120GL-8552S-45% 107AW', 'TIS VER HEXCEL 120GL/8552S/45% 107AW', '0,017', 'M2', 7172189, 'MATIERE', 1),
(396, 4, 5027255, '120GL-8552S-45% 107AW', 'TIS VER HEXCEL 120GL/8552S/45% 107AW', '0,017', 'M2', 7172189, 'MATIERE', 1),
(397, 4, 5027255, '120GL-8552S-45% 107AW', 'TIS VER HEXCEL 120GL/8552S/45% 107AW', '0,017', 'M2', 7172189, 'MATIERE', 1),
(398, 4, 5027255, '120GL-8552S-45% 107AW', 'TIS VER HEXCEL 120GL/8552S/45% 107AW', '0,017', 'M2', 7172189, 'MATIERE', 1),
(399, 4, 5027255, '120GL-8552S-45% 107AW', 'TIS VER HEXCEL 120GL/8552S/45% 107AW', '0,017', 'M2', 7172189, 'MATIERE', 1),
(400, 4, 5027255, '120GL-8552S-45% 107AW', 'TIS VER HEXCEL 120GL/8552S/45% 107AW', '0,017', 'M2', 7172189, 'MATIERE', 1),
(401, 3, 5047677, 'D300B', 'TISSU D\' ARRACHAGE D300B 94GR/M2 (152M2)', '0,330', 'M2', 7172204, 'MATIERE', 1),
(402, 3, 5084432, 'SEALANT213', 'MAST AIRTECH SEALANT213', '1,500', 'M', 7172204, 'MATIERE', 1),
(403, 3, 5047313, 'WL5200R.001-48-600SHT', 'FILM ROUL AIRTECH WL5200R.001-48-600SHT', '0,330', 'M2', 7172204, 'MATIERE', 1),
(404, 3, 3001752, 'AIRWEAVE N10', 'TIS AIRTECH AIRWEAVE N10 LAG 1520MM LONG', '0,330', 'M2', 7172204, 'PIECE', 1),
(405, 3, 7172188, '73P5521129SFLEIML', '73P5521129SFLEIML KIT SURFACE LEANDING E', '0,180', 'USC', 7172204, 'PIECE', 1),
(406, 4, 5026804, 'GMS4016-B2G', 'FILM SURFACE CYTEC SM905M', '0,056', 'M2', 7172188, 'MATIERE', 1),
(407, 3, 5048241, 'GAR110MY-1', 'COLLE EPOXY HENKEL EA 960F', '0,020', 'USC', 7172204, 'MATIERE', 1),
(408, 3, 5038283, '44GN11', 'PRIM DEFT COATING 44GN11 (1/4 GAL)', '0,020', 'USC', 7172204, 'MATIERE', 1),
(409, 3, 5038408, 'BASE 01W074', 'PEIN DEFT COATING 01W074 (1/4 GAL)', '0,040', 'USC', 7172204, 'MATIERE', 1),
(410, 3, 5034435, 'SL800.003\"-54\"-650\'SHT', 'TOIL AIRTECH SL800.003\"-54\"-650\' SHT', '0,660', 'M2', 7172204, 'MATIERE', 1),
(411, 3, 5047301, 'WL5200BMP22', 'FILM WL5200BMP22 .001\"-48\"-600\'SHT', '0,330', 'M2', 7172204, 'MATIERE', 1),
(412, 2, 7172153, '73P5521119C00500', '73P5521119C00500 PANEL ACCESS - ELV LE H', '1', 'PCE', 7172294, 'PIECE', 1),
(413, 3, 5048037, 'GAC115AA2', 'RESINE EPOXY EPON 828', '0,015', 'L', 7172153, 'MATIERE', 1),
(414, 3, 5048122, 'GAC117G1', 'CATALYSEUR CYTEC 70413000 DTA', '0,005', 'L', 7172153, 'MATIERE', 1),
(415, 3, 7172117, '73P5521101C00325', '73P5521101C00325 EBAUCHE LEADING EDGE 10', '0,300', 'USC', 7172153, 'PIECE', 1),
(416, 4, 5026802, '8552SAS4 Release', 'TIS CARB 8552S/38%/AGP193PW GMS4020', '0,831', 'M2', 7172117, 'MATIERE', 1),
(417, 4, 5047677, 'D300B', 'TISSU D\' ARRACHAGE D300B 94GR/M2 (152M2)', '0,240', 'M2', 7172117, 'MATIERE', 1),
(418, 4, 5084432, 'SEALANT213', 'MAST AIRTECH SEALANT213', '1,080', 'M', 7172117, 'MATIERE', 1),
(419, 4, 5047313, 'WL5200R.001-48-600SHT', 'FILM ROUL AIRTECH WL5200R.001-48-600SHT', '0,240', 'M2', 7172117, 'MATIERE', 1),
(420, 4, 3001752, 'AIRWEAVE N10', 'TIS AIRTECH AIRWEAVE N10 LAG 1520MM LONG', '0,240', 'M2', 7172117, 'PIECE', 1),
(421, 4, 7172120, '73P5521101LHCULEUP', '73P5521101LHCULEUP KIT CUIVRE LEADING ED', '0,060', 'USC', 7172117, 'PIECE', 1),
(422, 5, 5047880, 'FM300M ECS', 'FILM FM300M ECS GMS4017', '0,081', 'M2', 7172120, 'MATIERE', 1),
(423, 4, 7172121, '73P5521101LHVRLEUP', '73P5521101LHVRLEUP KIT VERRE LEADING EDG', '0,060', 'USC', 7172117, 'PIECE', 1),
(424, 5, 5027255, '120GL-8552S-45% 107AW', 'TIS VER HEXCEL 120GL/8552S/45% 107AW', '0,011', 'M2', 7172121, 'MATIERE', 1),
(425, 5, 5027255, '120GL-8552S-45% 107AW', 'TIS VER HEXCEL 120GL/8552S/45% 107AW', '0,011', 'M2', 7172121, 'MATIERE', 1),
(426, 5, 5027255, '120GL-8552S-45% 107AW', 'TIS VER HEXCEL 120GL/8552S/45% 107AW', '0,011', 'M2', 7172121, 'MATIERE', 1),
(427, 5, 5027255, '120GL-8552S-45% 107AW', 'TIS VER HEXCEL 120GL/8552S/45% 107AW', '0,011', 'M2', 7172121, 'MATIERE', 1),
(428, 5, 5027255, '120GL-8552S-45% 107AW', 'TIS VER HEXCEL 120GL/8552S/45% 107AW', '0,012', 'M2', 7172121, 'MATIERE', 1),
(429, 4, 5034435, 'SL800.003\"-54\"-650\'SHT', 'TOIL AIRTECH SL800.003\"-54\"-650\' SHT', '0,480', 'M2', 7172117, 'MATIERE', 1),
(430, 4, 5047301, 'WL5200BMP22', 'FILM WL5200BMP22 .001\"-48\"-600\'SHT', '0,150', 'M2', 7172117, 'MATIERE', 1),
(431, 3, 5038283, '44GN11', 'PRIM DEFT COATING 44GN11 (1/4 GAL)', '0,020', 'USC', 7172153, 'MATIERE', 1),
(432, 3, 5038408, 'BASE 01W074', 'PEIN DEFT COATING 01W074 (1/4 GAL)', '0,100', 'USC', 7172153, 'MATIERE', 1),
(433, 2, 7172210, '73P5521139C00500', '73P5521139C00500 PANEL ACCESS - ELV LE H', '1', 'PCE', 7172294, 'PIECE', 1),
(434, 3, 5038283, '44GN11', 'PRIM DEFT COATING 44GN11 (1/4 GAL)', '0,020', 'USC', 7172210, 'MATIERE', 1),
(435, 3, 5048037, 'GAC115AA2', 'RESINE EPOXY EPON 828', '0,015', 'L', 7172210, 'MATIERE', 1),
(436, 3, 5048122, 'GAC117G1', 'CATALYSEUR CYTEC 70413000 DTA', '0,005', 'L', 7172210, 'MATIERE', 1),
(437, 3, 7172117, '73P5521101C00325', '73P5521101C00325 EBAUCHE LEADING EDGE 10', '0,400', 'USC', 7172210, 'PIECE', 1),
(438, 4, 5026802, '8552SAS4 Release', 'TIS CARB 8552S/38%/AGP193PW GMS4020', '1,108', 'M2', 7172117, 'MATIERE', 1),
(439, 4, 5047677, 'D300B', 'TISSU D\' ARRACHAGE D300B 94GR/M2 (152M2)', '0,320', 'M2', 7172117, 'MATIERE', 1),
(440, 4, 5084432, 'SEALANT213', 'MAST AIRTECH SEALANT213', '1,440', 'M', 7172117, 'MATIERE', 1),
(441, 4, 5047313, 'WL5200R.001-48-600SHT', 'FILM ROUL AIRTECH WL5200R.001-48-600SHT', '0,320', 'M2', 7172117, 'MATIERE', 1),
(442, 4, 3001752, 'AIRWEAVE N10', 'TIS AIRTECH AIRWEAVE N10 LAG 1520MM LONG', '0,320', 'M2', 7172117, 'PIECE', 1),
(443, 4, 7172120, '73P5521101LHCULEUP', '73P5521101LHCULEUP KIT CUIVRE LEADING ED', '0,080', 'USC', 7172117, 'PIECE', 1),
(444, 5, 5047880, 'FM300M ECS', 'FILM FM300M ECS GMS4017', '0,108', 'M2', 7172120, 'MATIERE', 1),
(445, 4, 7172121, '73P5521101LHVRLEUP', '73P5521101LHVRLEUP KIT VERRE LEADING EDG', '0,080', 'USC', 7172117, 'PIECE', 1),
(446, 5, 5027255, '120GL-8552S-45% 107AW', 'TIS VER HEXCEL 120GL/8552S/45% 107AW', '0,015', 'M2', 7172121, 'MATIERE', 1),
(447, 5, 5027255, '120GL-8552S-45% 107AW', 'TIS VER HEXCEL 120GL/8552S/45% 107AW', '0,015', 'M2', 7172121, 'MATIERE', 1),
(448, 5, 5027255, '120GL-8552S-45% 107AW', 'TIS VER HEXCEL 120GL/8552S/45% 107AW', '0,015', 'M2', 7172121, 'MATIERE', 1),
(449, 5, 5027255, '120GL-8552S-45% 107AW', 'TIS VER HEXCEL 120GL/8552S/45% 107AW', '0,015', 'M2', 7172121, 'MATIERE', 1),
(450, 5, 5027255, '120GL-8552S-45% 107AW', 'TIS VER HEXCEL 120GL/8552S/45% 107AW', '0,016', 'M2', 7172121, 'MATIERE', 1),
(451, 4, 5034435, 'SL800.003\"-54\"-650\'SHT', 'TOIL AIRTECH SL800.003\"-54\"-650\' SHT', '0,640', 'M2', 7172117, 'MATIERE', 1);
INSERT INTO `t_nom_test` (`ID`, `Niveau`, `Article`, `Document`, `Designation`, `Quantite`, `Unite`, `Parent`, `CATEGORIE`, `PROGRAMME`) VALUES
(452, 4, 5047301, 'WL5200BMP22', 'FILM WL5200BMP22 .001\"-48\"-600\'SHT', '0,200', 'M2', 7172117, 'MATIERE', 1),
(453, 3, 5038408, 'BASE 01W074', 'PEIN DEFT COATING 01W074 (1/4 GAL)', '0,100', 'USC', 7172210, 'MATIERE', 1),
(454, 2, 7172113, '73P5521100C00500', '73P5521100C00500 PANEL ACCESS - ELV LE H', '1', 'PCE', 7172294, 'PIECE', 1),
(455, 3, 5038283, '44GN11', 'PRIM DEFT COATING 44GN11 (1/4 GAL)', '0,020', 'USC', 7172113, 'MATIERE', 1),
(456, 3, 7172174, '73P5521124C00325', '73P5521124C00325 EBAUCHE LEADING EDGE 12', '0,500', 'USC', 7172113, 'PIECE', 1),
(457, 4, 5026802, '8552SAS4 Release', 'TIS CARB 8552S/38%/AGP193PW GMS4020', '1,310', 'M2', 7172174, 'MATIERE', 1),
(458, 4, 5047677, 'D300B', 'TISSU D\' ARRACHAGE D300B 94GR/M2 (152M2)', '0,400', 'M2', 7172174, 'MATIERE', 1),
(459, 4, 5084432, 'SEALANT213', 'MAST AIRTECH SEALANT213', '1,800', 'M', 7172174, 'MATIERE', 1),
(460, 4, 5047313, 'WL5200R.001-48-600SHT', 'FILM ROUL AIRTECH WL5200R.001-48-600SHT', '0,400', 'M2', 7172174, 'MATIERE', 1),
(461, 4, 3001752, 'AIRWEAVE N10', 'TIS AIRTECH AIRWEAVE N10 LAG 1520MM LONG', '0,400', 'M2', 7172174, 'PIECE', 1),
(462, 4, 7172271, '73P5522120LHSFLELO', '73P5522120LHSFLELO KIT SURFACING FILM LE', '0,100', 'USC', 7172174, 'PIECE', 1),
(463, 5, 5026804, 'GMS4016-B2G', 'FILM SURFACE CYTEC SM905M', '0,127', 'M2', 7172271, 'MATIERE', 1),
(464, 4, 7172272, '73P5522120LHVRLELO', '73P5522120LHVRLELO KIT VERRE LEADING EDG', '0,100', 'USC', 7172174, 'PIECE', 1),
(465, 5, 5027255, '120GL-8552S-45% 107AW', 'TIS VER HEXCEL 120GL/8552S/45% 107AW', '0,016', 'M2', 7172272, 'MATIERE', 1),
(466, 5, 5027255, '120GL-8552S-45% 107AW', 'TIS VER HEXCEL 120GL/8552S/45% 107AW', '0,016', 'M2', 7172272, 'MATIERE', 1),
(467, 5, 5027255, '120GL-8552S-45% 107AW', 'TIS VER HEXCEL 120GL/8552S/45% 107AW', '0,020', 'M2', 7172272, 'MATIERE', 1),
(468, 5, 5027255, '120GL-8552S-45% 107AW', 'TIS VER HEXCEL 120GL/8552S/45% 107AW', '0,019', 'M2', 7172272, 'MATIERE', 1),
(469, 5, 5027255, '120GL-8552S-45% 107AW', 'TIS VER HEXCEL 120GL/8552S/45% 107AW', '0,018', 'M2', 7172272, 'MATIERE', 1),
(470, 4, 5034435, 'SL800.003\"-54\"-650\'SHT', 'TOIL AIRTECH SL800.003\"-54\"-650\' SHT', '0,800', 'M2', 7172174, 'MATIERE', 1),
(471, 4, 5047301, 'WL5200BMP22', 'FILM WL5200BMP22 .001\"-48\"-600\'SHT', '0,250', 'M2', 7172174, 'MATIERE', 1),
(472, 3, 5048037, 'GAC115AA2', 'RESINE EPOXY EPON 828', '0,015', 'L', 7172113, 'MATIERE', 1),
(473, 3, 5048122, 'GAC117G1', 'CATALYSEUR CYTEC 70413000 DTA', '0,005', 'L', 7172113, 'MATIERE', 1),
(474, 3, 5038408, 'BASE 01W074', 'PEIN DEFT COATING 01W074 (1/4 GAL)', '0,100', 'USC', 7172113, 'MATIERE', 1),
(475, 2, 7172151, '73P5521118C00500', '73P5521118C00500 PANEL ACCESS- ELV LE H', '1', 'PCE', 7172294, 'PIECE', 1),
(476, 3, 5038283, '44GN11', 'PRIM DEFT COATING 44GN11 (1/4 GAL)', '0,020', 'USC', 7172151, 'MATIERE', 1),
(477, 3, 5048037, 'GAC115AA2', 'RESINE EPOXY EPON 828', '0,015', 'L', 7172151, 'MATIERE', 1),
(478, 3, 5048122, 'GAC117G1', 'CATALYSEUR CYTEC 70413000 DTA', '0,005', 'L', 7172151, 'MATIERE', 1),
(479, 3, 7172146, '73P5521116C00325', '73P5521116C00325 EBAUCHE LEADING EDGE 11', '0,500', 'USC', 7172151, 'PIECE', 1),
(480, 4, 5026802, '8552SAS4 Release', 'TIS CARB 8552S/38%/AGP193PW GMS4020', '0,990', 'M2', 7172146, 'MATIERE', 1),
(481, 4, 5047677, 'D300B', 'TISSU D\' ARRACHAGE D300B 94GR/M2 (152M2)', '0,400', 'M2', 7172146, 'MATIERE', 1),
(482, 4, 5084432, 'SEALANT213', 'MAST AIRTECH SEALANT213', '1,800', 'M', 7172146, 'MATIERE', 1),
(483, 4, 5047313, 'WL5200R.001-48-600SHT', 'FILM ROUL AIRTECH WL5200R.001-48-600SHT', '0,400', 'M2', 7172146, 'MATIERE', 1),
(484, 4, 3001752, 'AIRWEAVE N10', 'TIS AIRTECH AIRWEAVE N10 LAG 1520MM LONG', '0,400', 'M2', 7172146, 'PIECE', 1),
(485, 4, 7172120, '73P5521101LHCULEUP', '73P5521101LHCULEUP KIT CUIVRE LEADING ED', '0,100', 'USC', 7172146, 'PIECE', 1),
(486, 5, 5047880, 'FM300M ECS', 'FILM FM300M ECS GMS4017', '0,134', 'M2', 7172120, 'MATIERE', 1),
(487, 4, 7172121, '73P5521101LHVRLEUP', '73P5521101LHVRLEUP KIT VERRE LEADING EDG', '0,100', 'USC', 7172146, 'PIECE', 1),
(488, 5, 5027255, '120GL-8552S-45% 107AW', 'TIS VER HEXCEL 120GL/8552S/45% 107AW', '0,018', 'M2', 7172121, 'MATIERE', 1),
(489, 5, 5027255, '120GL-8552S-45% 107AW', 'TIS VER HEXCEL 120GL/8552S/45% 107AW', '0,018', 'M2', 7172121, 'MATIERE', 1),
(490, 5, 5027255, '120GL-8552S-45% 107AW', 'TIS VER HEXCEL 120GL/8552S/45% 107AW', '0,018', 'M2', 7172121, 'MATIERE', 1),
(491, 5, 5027255, '120GL-8552S-45% 107AW', 'TIS VER HEXCEL 120GL/8552S/45% 107AW', '0,018', 'M2', 7172121, 'MATIERE', 1),
(492, 5, 5027255, '120GL-8552S-45% 107AW', 'TIS VER HEXCEL 120GL/8552S/45% 107AW', '0,019', 'M2', 7172121, 'MATIERE', 1),
(493, 4, 5034435, 'SL800.003\"-54\"-650\'SHT', 'TOIL AIRTECH SL800.003\"-54\"-650\' SHT', '0,800', 'M2', 7172146, 'MATIERE', 1),
(494, 4, 5047301, 'WL5200BMP22', 'FILM WL5200BMP22 .001\"-48\"-600\'SHT', '0,250', 'M2', 7172146, 'MATIERE', 1),
(495, 3, 5038408, 'BASE 01W074', 'PEIN DEFT COATING 01W074 (1/4 GAL)', '0,100', 'USC', 7172151, 'MATIERE', 1),
(496, 2, 7172212, '73P5521140C00500', '73P5521140C00500 PANEL ACCESS- ELV LE H', '1', 'PCE', 7172294, 'PIECE', 1),
(497, 3, 5038283, '44GN11', 'PRIM DEFT COATING 44GN11 (1/4 GAL)', '0,020', 'USC', 7172212, 'MATIERE', 1),
(498, 3, 5048037, 'GAC115AA2', 'RESINE EPOXY EPON 828', '0,015', 'L', 7172212, 'MATIERE', 1),
(499, 3, 5048122, 'GAC117G1', 'CATALYSEUR CYTEC 70413000 DTA', '0,005', 'L', 7172212, 'MATIERE', 1),
(500, 3, 7172141, '73P5521115C00325', '73P5521115C00325 EBAUCHE LEADING EDGE 11', '0,500', 'USC', 7172212, 'PIECE', 1),
(501, 4, 5026802, '8552SAS4 Release', 'TIS CARB 8552S/38%/AGP193PW GMS4020', '1,310', 'M2', 7172141, 'MATIERE', 1),
(502, 4, 5047677, 'D300B', 'TISSU D\' ARRACHAGE D300B 94GR/M2 (152M2)', '0,400', 'M2', 7172141, 'MATIERE', 1),
(503, 4, 5084432, 'SEALANT213', 'MAST AIRTECH SEALANT213', '1,800', 'M', 7172141, 'MATIERE', 1),
(504, 4, 5047313, 'WL5200R.001-48-600SHT', 'FILM ROUL AIRTECH WL5200R.001-48-600SHT', '0,400', 'M2', 7172141, 'MATIERE', 1),
(505, 4, 3001752, 'AIRWEAVE N10', 'TIS AIRTECH AIRWEAVE N10 LAG 1520MM LONG', '0,400', 'M2', 7172141, 'PIECE', 1),
(506, 4, 7172120, '73P5521101LHCULEUP', '73P5521101LHCULEUP KIT CUIVRE LEADING ED', '0,100', 'USC', 7172141, 'PIECE', 1),
(507, 5, 5047880, 'FM300M ECS', 'FILM FM300M ECS GMS4017', '0,134', 'M2', 7172120, 'MATIERE', 1),
(508, 4, 7172121, '73P5521101LHVRLEUP', '73P5521101LHVRLEUP KIT VERRE LEADING EDG', '0,100', 'USC', 7172141, 'PIECE', 1),
(509, 5, 5027255, '120GL-8552S-45% 107AW', 'TIS VER HEXCEL 120GL/8552S/45% 107AW', '0,018', 'M2', 7172121, 'MATIERE', 1),
(510, 5, 5027255, '120GL-8552S-45% 107AW', 'TIS VER HEXCEL 120GL/8552S/45% 107AW', '0,018', 'M2', 7172121, 'MATIERE', 1),
(511, 5, 5027255, '120GL-8552S-45% 107AW', 'TIS VER HEXCEL 120GL/8552S/45% 107AW', '0,018', 'M2', 7172121, 'MATIERE', 1),
(512, 5, 5027255, '120GL-8552S-45% 107AW', 'TIS VER HEXCEL 120GL/8552S/45% 107AW', '0,018', 'M2', 7172121, 'MATIERE', 1),
(513, 5, 5027255, '120GL-8552S-45% 107AW', 'TIS VER HEXCEL 120GL/8552S/45% 107AW', '0,019', 'M2', 7172121, 'MATIERE', 1),
(514, 4, 5034435, 'SL800.003\"-54\"-650\'SHT', 'TOIL AIRTECH SL800.003\"-54\"-650\' SHT', '0,800', 'M2', 7172141, 'MATIERE', 1),
(515, 4, 5047301, 'WL5200BMP22', 'FILM WL5200BMP22 .001\"-48\"-600\'SHT', '0,250', 'M2', 7172141, 'MATIERE', 1),
(516, 3, 5038408, 'BASE 01W074', 'PEIN DEFT COATING 01W074 (1/4 GAL)', '0,100', 'USC', 7172212, 'MATIERE', 1),
(517, 2, 7172177, '73P5521125C00500', '73P5521125C00500 PANEL ACCESS - ELV LE H', '1', 'PCE', 7172294, 'PIECE', 1),
(518, 3, 5038283, '44GN11', 'PRIM DEFT COATING 44GN11 (1/4 GAL)', '0,020', 'USC', 7172177, 'MATIERE', 1),
(519, 3, 7172170, '73P5521123C00325', '73P5521123C00325 EBAUCHE LEADING EDGE 12', '0,500', 'USC', 7172177, 'PIECE', 1),
(520, 4, 5026802, '8552SAS4 Release', 'TIS CARB 8552S/38%/AGP193PW GMS4020', '1,230', 'M2', 7172170, 'MATIERE', 1),
(521, 4, 5047677, 'D300B', 'TISSU D\' ARRACHAGE D300B 94GR/M2 (152M2)', '0,400', 'M2', 7172170, 'MATIERE', 1),
(522, 4, 5084432, 'SEALANT213', 'MAST AIRTECH SEALANT213', '1,800', 'M', 7172170, 'MATIERE', 1),
(523, 4, 5047313, 'WL5200R.001-48-600SHT', 'FILM ROUL AIRTECH WL5200R.001-48-600SHT', '0,400', 'M2', 7172170, 'MATIERE', 1),
(524, 4, 3001752, 'AIRWEAVE N10', 'TIS AIRTECH AIRWEAVE N10 LAG 1520MM LONG', '0,400', 'M2', 7172170, 'PIECE', 1),
(525, 4, 7172271, '73P5522120LHSFLELO', '73P5522120LHSFLELO KIT SURFACING FILM LE', '0,100', 'USC', 7172170, 'PIECE', 1),
(526, 5, 5026804, 'GMS4016-B2G', 'FILM SURFACE CYTEC SM905M', '0,127', 'M2', 7172271, 'MATIERE', 1),
(527, 4, 7172272, '73P5522120LHVRLELO', '73P5522120LHVRLELO KIT VERRE LEADING EDG', '0,100', 'USC', 7172170, 'PIECE', 1),
(528, 5, 5027255, '120GL-8552S-45% 107AW', 'TIS VER HEXCEL 120GL/8552S/45% 107AW', '0,016', 'M2', 7172272, 'MATIERE', 1),
(529, 5, 5027255, '120GL-8552S-45% 107AW', 'TIS VER HEXCEL 120GL/8552S/45% 107AW', '0,016', 'M2', 7172272, 'MATIERE', 1),
(530, 5, 5027255, '120GL-8552S-45% 107AW', 'TIS VER HEXCEL 120GL/8552S/45% 107AW', '0,020', 'M2', 7172272, 'MATIERE', 1),
(531, 5, 5027255, '120GL-8552S-45% 107AW', 'TIS VER HEXCEL 120GL/8552S/45% 107AW', '0,019', 'M2', 7172272, 'MATIERE', 1),
(532, 5, 5027255, '120GL-8552S-45% 107AW', 'TIS VER HEXCEL 120GL/8552S/45% 107AW', '0,018', 'M2', 7172272, 'MATIERE', 1),
(533, 4, 5034435, 'SL800.003\"-54\"-650\'SHT', 'TOIL AIRTECH SL800.003\"-54\"-650\' SHT', '0,800', 'M2', 7172170, 'MATIERE', 1),
(534, 4, 5047301, 'WL5200BMP22', 'FILM WL5200BMP22 .001\"-48\"-600\'SHT', '0,250', 'M2', 7172170, 'MATIERE', 1),
(535, 3, 5048037, 'GAC115AA2', 'RESINE EPOXY EPON 828', '0,015', 'L', 7172177, 'MATIERE', 1),
(536, 3, 5048122, 'GAC117G1', 'CATALYSEUR CYTEC 70413000 DTA', '0,005', 'L', 7172177, 'MATIERE', 1),
(537, 3, 5038408, 'BASE 01W074', 'PEIN DEFT COATING 01W074 (1/4 GAL)', '0,100', 'USC', 7172177, 'MATIERE', 1),
(538, 2, 7172206, '73P5521137C00500', '73P5521137C00500 PANEL ACCESS - ELV LE H', '1', 'PCE', 7172294, 'PIECE', 1),
(539, 3, 5038283, '44GN11', 'PRIM DEFT COATING 44GN11 (1/4 GAL)', '0,020', 'USC', 7172206, 'MATIERE', 1),
(540, 3, 5048037, 'GAC115AA2', 'RESINE EPOXY EPON 828', '0,015', 'L', 7172206, 'MATIERE', 1),
(541, 3, 5048122, 'GAC117G1', 'CATALYSEUR CYTEC 70413000 DTA', '0,005', 'L', 7172206, 'MATIERE', 1),
(542, 3, 7172195, '73P5521132C00325', '73P5521132C00325 EBAUCHE LEADING EDGE 13', '0,300', 'USC', 7172206, 'PIECE', 1),
(543, 4, 5026802, '8552SAS4 Release', 'TIS CARB 8552S/38%/AGP193PW GMS4020', '0,684', 'M2', 7172195, 'MATIERE', 1),
(544, 4, 5047677, 'D300B', 'TISSU D\' ARRACHAGE D300B 94GR/M2 (152M2)', '0,240', 'M2', 7172195, 'MATIERE', 1),
(545, 4, 5084432, 'SEALANT213', 'MAST AIRTECH SEALANT213', '1,080', 'M', 7172195, 'MATIERE', 1),
(546, 4, 5047313, 'WL5200R.001-48-600SHT', 'FILM ROUL AIRTECH WL5200R.001-48-600SHT', '0,240', 'M2', 7172195, 'MATIERE', 1),
(547, 4, 3001752, 'AIRWEAVE N10', 'TIS AIRTECH AIRWEAVE N10 LAG 1520MM LONG', '0,240', 'M2', 7172195, 'PIECE', 1),
(548, 4, 7172120, '73P5521101LHCULEUP', '73P5521101LHCULEUP KIT CUIVRE LEADING ED', '0,060', 'USC', 7172195, 'PIECE', 1),
(549, 5, 5047880, 'FM300M ECS', 'FILM FM300M ECS GMS4017', '0,081', 'M2', 7172120, 'MATIERE', 1),
(550, 4, 7172121, '73P5521101LHVRLEUP', '73P5521101LHVRLEUP KIT VERRE LEADING EDG', '0,060', 'USC', 7172195, 'PIECE', 1),
(551, 5, 5027255, '120GL-8552S-45% 107AW', 'TIS VER HEXCEL 120GL/8552S/45% 107AW', '0,011', 'M2', 7172121, 'MATIERE', 1),
(552, 5, 5027255, '120GL-8552S-45% 107AW', 'TIS VER HEXCEL 120GL/8552S/45% 107AW', '0,011', 'M2', 7172121, 'MATIERE', 1),
(553, 5, 5027255, '120GL-8552S-45% 107AW', 'TIS VER HEXCEL 120GL/8552S/45% 107AW', '0,011', 'M2', 7172121, 'MATIERE', 1),
(554, 5, 5027255, '120GL-8552S-45% 107AW', 'TIS VER HEXCEL 120GL/8552S/45% 107AW', '0,011', 'M2', 7172121, 'MATIERE', 1),
(555, 5, 5027255, '120GL-8552S-45% 107AW', 'TIS VER HEXCEL 120GL/8552S/45% 107AW', '0,012', 'M2', 7172121, 'MATIERE', 1),
(556, 4, 5034435, 'SL800.003\"-54\"-650\'SHT', 'TOIL AIRTECH SL800.003\"-54\"-650\' SHT', '0,480', 'M2', 7172195, 'MATIERE', 1),
(557, 4, 5047301, 'WL5200BMP22', 'FILM WL5200BMP22 .001\"-48\"-600\'SHT', '0,150', 'M2', 7172195, 'MATIERE', 1),
(558, 3, 5038408, 'BASE 01W074', 'PEIN DEFT COATING 01W074 (1/4 GAL)', '0,100', 'USC', 7172206, 'MATIERE', 1),
(559, 2, 7172208, '73P5521138C00500', '73P5521138C00500 PANEL ACCESS - ELV LE H', '1', 'PCE', 7172294, 'PIECE', 1),
(560, 3, 5038283, '44GN11', 'PRIM DEFT COATING 44GN11 (1/4 GAL)', '0,020', 'USC', 7172208, 'MATIERE', 1),
(561, 3, 5048037, 'GAC115AA2', 'RESINE EPOXY EPON 828', '0,015', 'L', 7172208, 'MATIERE', 1),
(562, 3, 5048122, 'GAC117G1', 'CATALYSEUR CYTEC 70413000 DTA', '0,005', 'L', 7172208, 'MATIERE', 1),
(563, 3, 7172195, '73P5521132C00325', '73P5521132C00325 EBAUCHE LEADING EDGE 13', '0,400', 'USC', 7172208, 'PIECE', 1),
(564, 4, 5026802, '8552SAS4 Release', 'TIS CARB 8552S/38%/AGP193PW GMS4020', '0,912', 'M2', 7172195, 'MATIERE', 1),
(565, 4, 5047677, 'D300B', 'TISSU D\' ARRACHAGE D300B 94GR/M2 (152M2)', '0,320', 'M2', 7172195, 'MATIERE', 1),
(566, 4, 5084432, 'SEALANT213', 'MAST AIRTECH SEALANT213', '1,440', 'M', 7172195, 'MATIERE', 1),
(567, 4, 5047313, 'WL5200R.001-48-600SHT', 'FILM ROUL AIRTECH WL5200R.001-48-600SHT', '0,320', 'M2', 7172195, 'MATIERE', 1),
(568, 4, 3001752, 'AIRWEAVE N10', 'TIS AIRTECH AIRWEAVE N10 LAG 1520MM LONG', '0,320', 'M2', 7172195, 'PIECE', 1),
(569, 4, 7172120, '73P5521101LHCULEUP', '73P5521101LHCULEUP KIT CUIVRE LEADING ED', '0,080', 'USC', 7172195, 'PIECE', 1),
(570, 5, 5047880, 'FM300M ECS', 'FILM FM300M ECS GMS4017', '0,108', 'M2', 7172120, 'MATIERE', 1),
(571, 4, 7172121, '73P5521101LHVRLEUP', '73P5521101LHVRLEUP KIT VERRE LEADING EDG', '0,080', 'USC', 7172195, 'PIECE', 1),
(572, 5, 5027255, '120GL-8552S-45% 107AW', 'TIS VER HEXCEL 120GL/8552S/45% 107AW', '0,015', 'M2', 7172121, 'MATIERE', 1),
(573, 5, 5027255, '120GL-8552S-45% 107AW', 'TIS VER HEXCEL 120GL/8552S/45% 107AW', '0,015', 'M2', 7172121, 'MATIERE', 1),
(574, 5, 5027255, '120GL-8552S-45% 107AW', 'TIS VER HEXCEL 120GL/8552S/45% 107AW', '0,015', 'M2', 7172121, 'MATIERE', 1),
(575, 5, 5027255, '120GL-8552S-45% 107AW', 'TIS VER HEXCEL 120GL/8552S/45% 107AW', '0,015', 'M2', 7172121, 'MATIERE', 1),
(576, 5, 5027255, '120GL-8552S-45% 107AW', 'TIS VER HEXCEL 120GL/8552S/45% 107AW', '0,016', 'M2', 7172121, 'MATIERE', 1),
(577, 4, 5034435, 'SL800.003\"-54\"-650\'SHT', 'TOIL AIRTECH SL800.003\"-54\"-650\' SHT', '0,640', 'M2', 7172195, 'MATIERE', 1),
(578, 4, 5047301, 'WL5200BMP22', 'FILM WL5200BMP22 .001\"-48\"-600\'SHT', '0,200', 'M2', 7172195, 'MATIERE', 1),
(579, 3, 5038408, 'BASE 01W074', 'PEIN DEFT COATING 01W074 (1/4 GAL)', '0,100', 'USC', 7172208, 'MATIERE', 1),
(580, 2, 7172161, '73P5521121C00500', '73P5521121C00500 PANEL ACCESS - ELV LE H', '1', 'PCE', 7172294, 'PIECE', 1),
(581, 3, 5038283, '44GN11', 'PRIM DEFT COATING 44GN11 (1/4 GAL)', '0,020', 'USC', 7172161, 'MATIERE', 1),
(582, 3, 7172165, '73P5521122C00325', '73P5521122C00325 EBAUCHE LEADING EDGE 12', '0,500', 'USC', 7172161, 'PIECE', 1),
(583, 4, 5026802, '8552SAS4 Release', 'TIS CARB 8552S/38%/AGP193PW GMS4020', '1,035', 'M2', 7172165, 'MATIERE', 1),
(584, 4, 5047677, 'D300B', 'TISSU D\' ARRACHAGE D300B 94GR/M2 (152M2)', '0,400', 'M2', 7172165, 'MATIERE', 1),
(585, 4, 5084432, 'SEALANT213', 'MAST AIRTECH SEALANT213', '1,800', 'M', 7172165, 'MATIERE', 1),
(586, 4, 5047313, 'WL5200R.001-48-600SHT', 'FILM ROUL AIRTECH WL5200R.001-48-600SHT', '0,400', 'M2', 7172165, 'MATIERE', 1),
(587, 4, 3001752, 'AIRWEAVE N10', 'TIS AIRTECH AIRWEAVE N10 LAG 1520MM LONG', '0,400', 'M2', 7172165, 'PIECE', 1),
(588, 4, 7172271, '73P5522120LHSFLELO', '73P5522120LHSFLELO KIT SURFACING FILM LE', '0,100', 'USC', 7172165, 'PIECE', 1),
(589, 5, 5026804, 'GMS4016-B2G', 'FILM SURFACE CYTEC SM905M', '0,127', 'M2', 7172271, 'MATIERE', 1),
(590, 4, 7172272, '73P5522120LHVRLELO', '73P5522120LHVRLELO KIT VERRE LEADING EDG', '0,100', 'USC', 7172165, 'PIECE', 1),
(591, 5, 5027255, '120GL-8552S-45% 107AW', 'TIS VER HEXCEL 120GL/8552S/45% 107AW', '0,016', 'M2', 7172272, 'MATIERE', 1),
(592, 5, 5027255, '120GL-8552S-45% 107AW', 'TIS VER HEXCEL 120GL/8552S/45% 107AW', '0,016', 'M2', 7172272, 'MATIERE', 1),
(593, 5, 5027255, '120GL-8552S-45% 107AW', 'TIS VER HEXCEL 120GL/8552S/45% 107AW', '0,020', 'M2', 7172272, 'MATIERE', 1),
(594, 5, 5027255, '120GL-8552S-45% 107AW', 'TIS VER HEXCEL 120GL/8552S/45% 107AW', '0,019', 'M2', 7172272, 'MATIERE', 1),
(595, 5, 5027255, '120GL-8552S-45% 107AW', 'TIS VER HEXCEL 120GL/8552S/45% 107AW', '0,018', 'M2', 7172272, 'MATIERE', 1),
(596, 4, 5034435, 'SL800.003\"-54\"-650\'SHT', 'TOIL AIRTECH SL800.003\"-54\"-650\' SHT', '0,800', 'M2', 7172165, 'MATIERE', 1),
(597, 4, 5047301, 'WL5200BMP22', 'FILM WL5200BMP22 .001\"-48\"-600\'SHT', '0,250', 'M2', 7172165, 'MATIERE', 1),
(598, 3, 5048037, 'GAC115AA2', 'RESINE EPOXY EPON 828', '0,015', 'L', 7172161, 'MATIERE', 1),
(599, 3, 5048122, 'GAC117G1', 'CATALYSEUR CYTEC 70413000 DTA', '0,005', 'L', 7172161, 'MATIERE', 1),
(600, 3, 5038408, 'BASE 01W074', 'PEIN DEFT COATING 01W074 (1/4 GAL)', '0,100', 'USC', 7172161, 'MATIERE', 1),
(601, 2, 7172214, '73P5521141C00500', '73P5521141C00500 PANEL ACCESS - ELV LE H', '1', 'PCE', 7172294, 'PIECE', 1),
(602, 3, 5038283, '44GN11', 'PRIM DEFT COATING 44GN11 (1/4 GAL)', '0,020', 'USC', 7172214, 'MATIERE', 1),
(603, 3, 7172157, '73P5521120C00325', '73P5521120C00325 EBAUCHE LEADING EDGE 12', '0,500', 'USC', 7172214, 'PIECE', 1),
(604, 4, 5026802, '8552SAS4 Release', 'TIS CARB 8552S/38%/AGP193PW GMS4020', '0,755', 'M2', 7172157, 'MATIERE', 1),
(605, 4, 5047677, 'D300B', 'TISSU D\' ARRACHAGE D300B 94GR/M2 (152M2)', '0,400', 'M2', 7172157, 'MATIERE', 1),
(606, 4, 5084432, 'SEALANT213', 'MAST AIRTECH SEALANT213', '1,800', 'M', 7172157, 'MATIERE', 1),
(607, 4, 5047313, 'WL5200R.001-48-600SHT', 'FILM ROUL AIRTECH WL5200R.001-48-600SHT', '0,400', 'M2', 7172157, 'MATIERE', 1),
(608, 4, 3001752, 'AIRWEAVE N10', 'TIS AIRTECH AIRWEAVE N10 LAG 1520MM LONG', '0,400', 'M2', 7172157, 'PIECE', 1),
(609, 4, 7172271, '73P5522120LHSFLELO', '73P5522120LHSFLELO KIT SURFACING FILM LE', '0,100', 'USC', 7172157, 'PIECE', 1),
(610, 5, 5026804, 'GMS4016-B2G', 'FILM SURFACE CYTEC SM905M', '0,127', 'M2', 7172271, 'MATIERE', 1),
(611, 4, 7172272, '73P5522120LHVRLELO', '73P5522120LHVRLELO KIT VERRE LEADING EDG', '0,100', 'USC', 7172157, 'PIECE', 1),
(612, 5, 5027255, '120GL-8552S-45% 107AW', 'TIS VER HEXCEL 120GL/8552S/45% 107AW', '0,016', 'M2', 7172272, 'MATIERE', 1),
(613, 5, 5027255, '120GL-8552S-45% 107AW', 'TIS VER HEXCEL 120GL/8552S/45% 107AW', '0,016', 'M2', 7172272, 'MATIERE', 1),
(614, 5, 5027255, '120GL-8552S-45% 107AW', 'TIS VER HEXCEL 120GL/8552S/45% 107AW', '0,020', 'M2', 7172272, 'MATIERE', 1),
(615, 5, 5027255, '120GL-8552S-45% 107AW', 'TIS VER HEXCEL 120GL/8552S/45% 107AW', '0,019', 'M2', 7172272, 'MATIERE', 1),
(616, 5, 5027255, '120GL-8552S-45% 107AW', 'TIS VER HEXCEL 120GL/8552S/45% 107AW', '0,018', 'M2', 7172272, 'MATIERE', 1),
(617, 4, 5034435, 'SL800.003\"-54\"-650\'SHT', 'TOIL AIRTECH SL800.003\"-54\"-650\' SHT', '0,800', 'M2', 7172157, 'MATIERE', 1),
(618, 4, 5047301, 'WL5200BMP22', 'FILM WL5200BMP22 .001\"-48\"-600\'SHT', '0,250', 'M2', 7172157, 'MATIERE', 1),
(619, 3, 5048037, 'GAC115AA2', 'RESINE EPOXY EPON 828', '0,015', 'L', 7172214, 'MATIERE', 1),
(620, 3, 5048122, 'GAC117G1', 'CATALYSEUR CYTEC 70413000 DTA', '0,005', 'L', 7172214, 'MATIERE', 1),
(621, 3, 5038408, 'BASE 01W074', 'PEIN DEFT COATING 01W074 (1/4 GAL)', '0,100', 'USC', 7172214, 'MATIERE', 1),
(622, 2, 7172282, '73P5522303S00100', '73P5522303S00100 BRACKET GROUNDING - SYM', '1', 'PCE', 7172294, 'PIECE', 1),
(623, 2, 7172284, '73P5522304S00100', '73P5522304S00100 BRACKET GROUNDING - SYM', '1', 'PCE', 7172294, 'PIECE', 1),
(624, 2, 7172285, '73P5522304S00200', '73P5522304S00200 BRACKET GROUNDING - SYM', '1', 'PCE', 7172294, 'PIECE', 1),
(625, 2, 7172292, '73P5522341S00100', '73P5522341S00100 BRACKET GROUNDING - SYM', '1', 'PCE', 7172294, 'PIECE', 1),
(626, 2, 5038079, 'M83413/8-G005GG', 'TRESSE METAL M83413/8-G005GG', '4', 'PCE', 7172294, 'MATIERE', 1),
(627, 2, 5048094, 'PR1440B1/2', 'MAST PR 1440B 1/2 SEMKIT 655', '1', 'USC', 7172294, 'MATIERE', 1),
(628, 2, 5027444, 'GAT11F-BR3-10A', 'ISOLATEUR ELECT GAT11F-BR3-10A', '4', 'PCE', 7172294, 'MATIERE', 1),
(629, 2, 7172220, '73P5521300A00500', '73P5521300A00500 RIB ASSY - ELV LH N1BLH', '1', 'PCE', 7172294, 'PIECE', 1),
(630, 2, 7172221, '73P5521302A00300', '73P5521302A00300 RIB ASSY - ELV LH N1GLH', '1', 'PCE', 7172294, 'PIECE', 1),
(631, 2, 7172222, '73P5521302M00300', '73P5521302M00300 RIB - ELV LH N1D SYMMLH', '1', 'PCE', 7172294, 'PIECE', 1),
(632, 2, 7172224, '73P5521303A00300', '73P5521303A00300 RIB ASSY - ELV LE H N3B', '1', 'PCE', 7172294, 'PIECE', 1),
(633, 2, 7172225, '73P5521304A00300', '73P5521304A00300 RIB ASSY - ELV LH N3D L', '1', 'PCE', 7172294, 'PIECE', 1),
(634, 2, 7172226, '73P5521305A00300', '73P5521305A00300 RIB ASSY - ELV LE H N4B', '1', 'PCE', 7172294, 'PIECE', 1),
(635, 2, 7172227, '73P5521306A00300', '73P5521306A00300 RIB ASSY - ELV LE H N4D', '1', 'PCE', 7172294, 'PIECE', 1),
(636, 2, 7172228, '73P5521307A00100', '73P5521307A00100 RIB ASSY - ELV LE H N5B', '1', 'PCE', 7172294, 'PIECE', 1),
(637, 2, 7172229, '73P5521309A00100', '73P5521309A00100 RIB ASSY - ELV LE H N5D', '1', 'PCE', 7172294, 'PIECE', 1),
(638, 2, 7172230, '73P5521309M00100', '73P5521309M00100 RIB - ELEVATOR LE HINGE', '1', 'PCE', 7172294, 'PIECE', 1),
(639, 2, 7172232, '73P5521310A00100', '73P5521310A00100 RIB ASSY - ELEVATOR LE', '1', 'PCE', 7172294, 'PIECE', 1),
(640, 2, 7172290, '73P5522339A00300', '73P5522339A00300 RIB ASSY - ELEVATOR CLO', '1', 'PCE', 7172294, 'PIECE', 1),
(641, 2, 7172324, '73P5522EPSBSG600', '73P5522EPSBSG600 SBS PROCESS SPECIMEN G6', '7', 'PCE', 7172294, 'PIECE', 1),
(642, 3, 5026802, '8552SAS4 Release', 'TIS CARB 8552S/38%/AGP193PW GMS4020', '3,290', 'M2', 7172324, 'MATIERE', 1),
(643, 2, 5088842, 'GAF511AC08-100', 'RIVET AVEUGLE F/130 A-FN GAF511AC08-100', '1', 'PCE', 7172294, 'MATIERE', 1),
(644, 2, 7172259, '73P5522106C00101', '73P5522106C00101 STRAP-ELEV TE OUTBD UPR', '1', 'PCE', 7172294, 'PIECE', 1),
(645, 3, 5048037, 'GAC115AA2', 'RESINE EPOXY EPON 828', '0,200', 'L', 7172259, 'MATIERE', 1),
(646, 3, 5048122, 'GAC117G1', 'CATALYSEUR CYTEC 70413000 DTA', '0,100', 'L', 7172259, 'MATIERE', 1),
(647, 3, 7263193, '73P5522108C00125', '73P5522108C00125 EBAUCHE STRAPS LH', '0,250', 'USC', 7172259, 'PIECE', 1),
(648, 4, 5026802, '8552SAS4 Release', 'TIS CARB 8552S/38%/AGP193PW GMS4020', '0,320', 'M2', 7263193, 'MATIERE', 1),
(649, 4, 3001752, 'AIRWEAVE N10', 'TIS AIRTECH AIRWEAVE N10 LAG 1520MM LONG', '0,250', 'M2', 7263193, 'PIECE', 1),
(650, 4, 5084432, 'SEALANT213', 'MAST AIRTECH SEALANT213', '2,000', 'M', 7263193, 'MATIERE', 1),
(651, 4, 5047313, 'WL5200R.001-48-600SHT', 'FILM ROUL AIRTECH WL5200R.001-48-600SHT', '0,250', 'M2', 7263193, 'MATIERE', 1),
(652, 4, 5047677, 'D300B', 'TISSU D\' ARRACHAGE D300B 94GR/M2 (152M2)', '0,250', 'M2', 7263193, 'MATIERE', 1),
(653, 4, 5089757, '', 'FILM SL800. 003\"-48\"-650\' CF', '0,250', 'M2', 7263193, 'MATIERE', 1),
(654, 4, 5047301, 'WL5200BMP22', 'FILM WL5200BMP22 .001\"-48\"-600\'SHT', '0,125', 'M2', 7263193, 'MATIERE', 1),
(655, 2, 7172263, '73P5522107C00101', '73P5522107C00101 STRAP - ELEVATOR TE OUT', '1', 'PCE', 7172294, 'PIECE', 1),
(656, 3, 5048037, 'GAC115AA2', 'RESINE EPOXY EPON 828', '0,200', 'L', 7172263, 'MATIERE', 1),
(657, 3, 5048122, 'GAC117G1', 'CATALYSEUR CYTEC 70413000 DTA', '0,100', 'L', 7172263, 'MATIERE', 1),
(658, 3, 7263193, '73P5522108C00125', '73P5522108C00125 EBAUCHE STRAPS LH', '0,250', 'USC', 7172263, 'PIECE', 1),
(659, 4, 5026802, '8552SAS4 Release', 'TIS CARB 8552S/38%/AGP193PW GMS4020', '0,320', 'M2', 7263193, 'MATIERE', 1),
(660, 4, 3001752, 'AIRWEAVE N10', 'TIS AIRTECH AIRWEAVE N10 LAG 1520MM LONG', '0,250', 'M2', 7263193, 'PIECE', 1),
(661, 4, 5084432, 'SEALANT213', 'MAST AIRTECH SEALANT213', '2,000', 'M', 7263193, 'MATIERE', 1),
(662, 4, 5047313, 'WL5200R.001-48-600SHT', 'FILM ROUL AIRTECH WL5200R.001-48-600SHT', '0,250', 'M2', 7263193, 'MATIERE', 1),
(663, 4, 5047677, 'D300B', 'TISSU D\' ARRACHAGE D300B 94GR/M2 (152M2)', '0,250', 'M2', 7263193, 'MATIERE', 1),
(664, 4, 5089757, '', 'FILM SL800. 003\"-48\"-650\' CF', '0,250', 'M2', 7263193, 'MATIERE', 1),
(665, 4, 5047301, 'WL5200BMP22', 'FILM WL5200BMP22 .001\"-48\"-600\'SHT', '0,125', 'M2', 7263193, 'MATIERE', 1),
(666, 2, 7172265, '73P5522108C00101', '73P5522108C00101 STRAP - ELEVATOR TE INB', '1', 'PCE', 7172294, 'PIECE', 1),
(667, 3, 5048037, 'GAC115AA2', 'RESINE EPOXY EPON 828', '0,200', 'L', 7172265, 'MATIERE', 1),
(668, 3, 5048122, 'GAC117G1', 'CATALYSEUR CYTEC 70413000 DTA', '0,100', 'L', 7172265, 'MATIERE', 1),
(669, 3, 7263193, '73P5522108C00125', '73P5522108C00125 EBAUCHE STRAPS LH', '0,250', 'USC', 7172265, 'PIECE', 1),
(670, 4, 5026802, '8552SAS4 Release', 'TIS CARB 8552S/38%/AGP193PW GMS4020', '0,320', 'M2', 7263193, 'MATIERE', 1),
(671, 4, 3001752, 'AIRWEAVE N10', 'TIS AIRTECH AIRWEAVE N10 LAG 1520MM LONG', '0,250', 'M2', 7263193, 'PIECE', 1),
(672, 4, 5084432, 'SEALANT213', 'MAST AIRTECH SEALANT213', '2,000', 'M', 7263193, 'MATIERE', 1),
(673, 4, 5047313, 'WL5200R.001-48-600SHT', 'FILM ROUL AIRTECH WL5200R.001-48-600SHT', '0,250', 'M2', 7263193, 'MATIERE', 1),
(674, 4, 5047677, 'D300B', 'TISSU D\' ARRACHAGE D300B 94GR/M2 (152M2)', '0,250', 'M2', 7263193, 'MATIERE', 1),
(675, 4, 5089757, '', 'FILM SL800. 003\"-48\"-650\' CF', '0,250', 'M2', 7263193, 'MATIERE', 1),
(676, 4, 5047301, 'WL5200BMP22', 'FILM WL5200BMP22 .001\"-48\"-600\'SHT', '0,125', 'M2', 7263193, 'MATIERE', 1),
(677, 2, 7172269, '73P5522109C00101', '73P5522109C00101 STRAP - ELEVATOR TE INB', '1', 'PCE', 7172294, 'PIECE', 1),
(678, 3, 5048037, 'GAC115AA2', 'RESINE EPOXY EPON 828', '0,200', 'L', 7172269, 'MATIERE', 1),
(679, 3, 5048122, 'GAC117G1', 'CATALYSEUR CYTEC 70413000 DTA', '0,100', 'L', 7172269, 'MATIERE', 1),
(680, 3, 7263193, '73P5522108C00125', '73P5522108C00125 EBAUCHE STRAPS LH', '0,250', 'USC', 7172269, 'PIECE', 1),
(681, 4, 5026802, '8552SAS4 Release', 'TIS CARB 8552S/38%/AGP193PW GMS4020', '0,320', 'M2', 7263193, 'MATIERE', 1),
(682, 4, 3001752, 'AIRWEAVE N10', 'TIS AIRTECH AIRWEAVE N10 LAG 1520MM LONG', '0,250', 'M2', 7263193, 'PIECE', 1),
(683, 4, 5084432, 'SEALANT213', 'MAST AIRTECH SEALANT213', '2,000', 'M', 7263193, 'MATIERE', 1),
(684, 4, 5047313, 'WL5200R.001-48-600SHT', 'FILM ROUL AIRTECH WL5200R.001-48-600SHT', '0,250', 'M2', 7263193, 'MATIERE', 1),
(685, 4, 5047677, 'D300B', 'TISSU D\' ARRACHAGE D300B 94GR/M2 (152M2)', '0,250', 'M2', 7263193, 'MATIERE', 1),
(686, 4, 5089757, '', 'FILM SL800. 003\"-48\"-650\' CF', '0,250', 'M2', 7263193, 'MATIERE', 1),
(687, 4, 5047301, 'WL5200BMP22', 'FILM WL5200BMP22 .001\"-48\"-600\'SHT', '0,125', 'M2', 7263193, 'MATIERE', 1),
(688, 1, 7259751, '73P552050100002', '73P552050100002 G600 ELV LH MAIN ASSY', '1', 'PCE', 7259753, 'PIECE', 1),
(689, 2, 7172300, '73P5522502C00301', '73P5522502C00301 RIB - ELEVATOR CLOSING', '1', 'PCE', 7259751, 'PIECE', 1),
(690, 3, 5026802, '8552SAS4 Release', 'TIS CARB 8552S/38%/AGP193PW GMS4020', '1,290', 'M2', 7172300, 'MATIERE', 1),
(691, 3, 5047677, 'D300B', 'TISSU D\' ARRACHAGE D300B 94GR/M2 (152M2)', '0,500', 'M2', 7172300, 'MATIERE', 1),
(692, 3, 3001752, 'AIRWEAVE N10', 'TIS AIRTECH AIRWEAVE N10 LAG 1520MM LONG', '0,500', 'M2', 7172300, 'PIECE', 1),
(693, 3, 5084432, 'SEALANT213', 'MAST AIRTECH SEALANT213', '2,000', 'M', 7172300, 'MATIERE', 1),
(694, 3, 5047313, 'WL5200R.001-48-600SHT', 'FILM ROUL AIRTECH WL5200R.001-48-600SHT', '0,500', 'M2', 7172300, 'MATIERE', 1),
(695, 3, 7172303, '73P5522502LHVRCLORIB', '73P5522502LHVRCLORIB KIT VERRE CLOSING R', '0,500', 'USC', 7172300, 'PIECE', 1),
(696, 4, 5027255, '120GL-8552S-45% 107AW', 'TIS VER HEXCEL 120GL/8552S/45% 107AW', '0,050', 'M2', 7172303, 'MATIERE', 1),
(697, 3, 5038283, '44GN11', 'PRIM DEFT COATING 44GN11 (1/4 GAL)', '0,100', 'USC', 7172300, 'MATIERE', 1),
(698, 3, 5038408, 'BASE 01W074', 'PEIN DEFT COATING 01W074 (1/4 GAL)', '0,200', 'USC', 7172300, 'MATIERE', 1),
(699, 3, 7172302, '73P5522502LHSFCLOR', '73P5522502LHSFCLOR KIT SURF CLO RIB G600', '0,500', 'USC', 7172300, 'PIECE', 1),
(700, 4, 5026804, 'GMS4016-B2G', 'FILM SURFACE CYTEC SM905M', '0,160', 'M2', 7172302, 'MATIERE', 1),
(701, 3, 5089757, '', 'FILM SL800. 003\"-48\"-650\' CF', '1,000', 'M2', 7172300, 'MATIERE', 1),
(702, 3, 5047301, 'WL5200BMP22', 'FILM WL5200BMP22 .001\"-48\"-600\'SHT', '0,500', 'M2', 7172300, 'MATIERE', 1),
(703, 2, 7172280, '73P5522303M00100', '73P5522303M00100 RIB - ELEVATOR CLOSING', '1', 'PCE', 7259751, 'PIECE', 1),
(704, 2, 7172326, '73P5523300A00100', '73P5523300A00100 FITTING ASSY - ELEVATOR', '1', 'PCE', 7259751, 'PIECE', 1),
(705, 2, 7260504, '73P5523301A00101', '73P5523301A00101 FITTING ASSY - ELEVATOR', '1', 'PCE', 7259751, 'PIECE', 1),
(706, 2, 7259608, '73P5523302A00301', '73P5523302A00301 FITTING ASSY - ELEVATOR', '1', 'PCE', 7259751, 'PIECE', 1),
(707, 2, 7172329, '73P5523303A00100', '73P5523303A00100 FITTING ASSY - ELEVATOR', '1', 'PCE', 7259751, 'PIECE', 1),
(708, 2, 7172330, '73P5523304A00100', '73P5523304A00100 FITTING ASSY - ELEVATOR', '1', 'PCE', 7259751, 'PIECE', 1),
(709, 2, 7172338, '73P5523399A00100', '73P5523399A00100 FITTING ASSY - ELEVATOR', '1', 'PCE', 7259751, 'PIECE', 1),
(710, 2, 7172278, '73P5522300S00100', '73P5522300S00100 CLIP - ELV CLOSING OUTB', '1', 'PCE', 7259751, 'PIECE', 1),
(711, 2, 7172286, '73P5522306S00100', '73P5522306S00100 CLIP - ELV FRONT SPAR O', '1', 'PCE', 7259751, 'PIECE', 1),
(712, 2, 7172288, '73P5522332S00100', '73P5522332S00100 CLIP - ELV CLOSING INBD', '1', 'PCE', 7259751, 'PIECE', 1),
(713, 2, 7172249, '73P5522103C00101', '73P5522103C00101 SKIN ELEVATOR - TE INBD', '1', 'PCE', 7259751, 'PIECE', 1),
(714, 3, 5026802, '8552SAS4 Release', 'TIS CARB 8552S/38%/AGP193PW GMS4020', '4,290', 'M2', 7172249, 'MATIERE', 1),
(715, 3, 7172251, '73P5522103LHCUTE', '73P5522103LHCUTE KIT CUIVRE TRAILING EDG', '0,200', 'USC', 7172249, 'PIECE', 1),
(716, 4, 5047880, 'FM300M ECS', 'FILM FM300M ECS GMS4017', '0,534', 'M2', 7172251, 'MATIERE', 1),
(717, 3, 5047677, 'D300B', 'TISSU D\' ARRACHAGE D300B 94GR/M2 (152M2)', '2,500', 'M2', 7172249, 'MATIERE', 1),
(718, 3, 3001752, 'AIRWEAVE N10', 'TIS AIRTECH AIRWEAVE N10 LAG 1520MM LONG', '4,500', 'M2', 7172249, 'PIECE', 1),
(719, 3, 5084432, 'SEALANT213', 'MAST AIRTECH SEALANT213', '10,500', 'M', 7172249, 'MATIERE', 1),
(720, 3, 5047313, 'WL5200R.001-48-600SHT', 'FILM ROUL AIRTECH WL5200R.001-48-600SHT', '2,500', 'M2', 7172249, 'MATIERE', 1),
(721, 3, 5048241, 'GAR110MY-1', 'COLLE EPOXY HENKEL EA 960F', '0,100', 'USC', 7172249, 'MATIERE', 1),
(722, 3, 5038283, '44GN11', 'PRIM DEFT COATING 44GN11 (1/4 GAL)', '0,100', 'USC', 7172249, 'MATIERE', 1),
(723, 3, 5048037, 'GAC115AA2', 'RESINE EPOXY EPON 828', '0,200', 'L', 7172249, 'MATIERE', 1),
(724, 3, 5048122, 'GAC117G1', 'CATALYSEUR CYTEC 70413000 DTA', '0,100', 'L', 7172249, 'MATIERE', 1),
(725, 3, 5089757, '', 'FILM SL800. 003\"-48\"-650\' CF', '4,500', 'M2', 7172249, 'MATIERE', 1),
(726, 3, 5091069, 'TUBE 6x12 70DIDC', 'TUBE 6x12 TRANSLUCIDE 70DIDC', '2,700', 'M', 7172249, 'MATIERE', 1),
(727, 3, 5047301, 'WL5200BMP22', 'FILM WL5200BMP22 .001\"-48\"-600\'SHT', '2,500', 'M2', 7172249, 'MATIERE', 1),
(728, 2, 7172116, '73P5521101C00301', '73P5521101C00301 SKIN - ELV LE RIB 3B-3D', '1', 'PCE', 7259751, 'PIECE', 1),
(729, 3, 5038283, '44GN11', 'PRIM DEFT COATING 44GN11 (1/4 GAL)', '0,010', 'USC', 7172116, 'MATIERE', 1),
(730, 3, 5048037, 'GAC115AA2', 'RESINE EPOXY EPON 828', '0,015', 'L', 7172116, 'MATIERE', 1),
(731, 3, 5048122, 'GAC117G1', 'CATALYSEUR CYTEC 70413000 DTA', '0,005', 'L', 7172116, 'MATIERE', 1),
(732, 3, 7172117, '73P5521101C00325', '73P5521101C00325 EBAUCHE LEADING EDGE 10', '0,300', 'USC', 7172116, 'PIECE', 1),
(733, 4, 5026802, '8552SAS4 Release', 'TIS CARB 8552S/38%/AGP193PW GMS4020', '0,831', 'M2', 7172117, 'MATIERE', 1),
(734, 4, 5047677, 'D300B', 'TISSU D\' ARRACHAGE D300B 94GR/M2 (152M2)', '0,240', 'M2', 7172117, 'MATIERE', 1),
(735, 4, 5084432, 'SEALANT213', 'MAST AIRTECH SEALANT213', '1,080', 'M', 7172117, 'MATIERE', 1),
(736, 4, 5047313, 'WL5200R.001-48-600SHT', 'FILM ROUL AIRTECH WL5200R.001-48-600SHT', '0,240', 'M2', 7172117, 'MATIERE', 1),
(737, 4, 3001752, 'AIRWEAVE N10', 'TIS AIRTECH AIRWEAVE N10 LAG 1520MM LONG', '0,240', 'M2', 7172117, 'PIECE', 1),
(738, 4, 7172120, '73P5521101LHCULEUP', '73P5521101LHCULEUP KIT CUIVRE LEADING ED', '0,060', 'USC', 7172117, 'PIECE', 1),
(739, 5, 5047880, 'FM300M ECS', 'FILM FM300M ECS GMS4017', '0,081', 'M2', 7172120, 'MATIERE', 1),
(740, 4, 7172121, '73P5521101LHVRLEUP', '73P5521101LHVRLEUP KIT VERRE LEADING EDG', '0,060', 'USC', 7172117, 'PIECE', 1),
(741, 5, 5027255, '120GL-8552S-45% 107AW', 'TIS VER HEXCEL 120GL/8552S/45% 107AW', '0,011', 'M2', 7172121, 'MATIERE', 1),
(742, 5, 5027255, '120GL-8552S-45% 107AW', 'TIS VER HEXCEL 120GL/8552S/45% 107AW', '0,011', 'M2', 7172121, 'MATIERE', 1),
(743, 5, 5027255, '120GL-8552S-45% 107AW', 'TIS VER HEXCEL 120GL/8552S/45% 107AW', '0,011', 'M2', 7172121, 'MATIERE', 1),
(744, 5, 5027255, '120GL-8552S-45% 107AW', 'TIS VER HEXCEL 120GL/8552S/45% 107AW', '0,011', 'M2', 7172121, 'MATIERE', 1),
(745, 5, 5027255, '120GL-8552S-45% 107AW', 'TIS VER HEXCEL 120GL/8552S/45% 107AW', '0,012', 'M2', 7172121, 'MATIERE', 1),
(746, 4, 5034435, 'SL800.003\"-54\"-650\'SHT', 'TOIL AIRTECH SL800.003\"-54\"-650\' SHT', '0,480', 'M2', 7172117, 'MATIERE', 1),
(747, 4, 5047301, 'WL5200BMP22', 'FILM WL5200BMP22 .001\"-48\"-600\'SHT', '0,150', 'M2', 7172117, 'MATIERE', 1),
(748, 2, 7172140, '73P5521115C00301', '73P5521115C00301 SKIN - ELV LE RIB 5B-5D', '1', 'PCE', 7259751, 'PIECE', 1),
(749, 3, 5048037, 'GAC115AA2', 'RESINE EPOXY EPON 828', '0,015', 'L', 7172140, 'MATIERE', 1),
(750, 3, 5048122, 'GAC117G1', 'CATALYSEUR CYTEC 70413000 DTA', '0,005', 'L', 7172140, 'MATIERE', 1),
(751, 3, 7172141, '73P5521115C00325', '73P5521115C00325 EBAUCHE LEADING EDGE 11', '0,500', 'USC', 7172140, 'PIECE', 1),
(752, 4, 5026802, '8552SAS4 Release', 'TIS CARB 8552S/38%/AGP193PW GMS4020', '1,310', 'M2', 7172141, 'MATIERE', 1),
(753, 4, 5047677, 'D300B', 'TISSU D\' ARRACHAGE D300B 94GR/M2 (152M2)', '0,400', 'M2', 7172141, 'MATIERE', 1),
(754, 4, 5084432, 'SEALANT213', 'MAST AIRTECH SEALANT213', '1,800', 'M', 7172141, 'MATIERE', 1),
(755, 4, 5047313, 'WL5200R.001-48-600SHT', 'FILM ROUL AIRTECH WL5200R.001-48-600SHT', '0,400', 'M2', 7172141, 'MATIERE', 1),
(756, 4, 3001752, 'AIRWEAVE N10', 'TIS AIRTECH AIRWEAVE N10 LAG 1520MM LONG', '0,400', 'M2', 7172141, 'PIECE', 1),
(757, 4, 7172120, '73P5521101LHCULEUP', '73P5521101LHCULEUP KIT CUIVRE LEADING ED', '0,100', 'USC', 7172141, 'PIECE', 1),
(758, 5, 5047880, 'FM300M ECS', 'FILM FM300M ECS GMS4017', '0,134', 'M2', 7172120, 'MATIERE', 1),
(759, 4, 7172121, '73P5521101LHVRLEUP', '73P5521101LHVRLEUP KIT VERRE LEADING EDG', '0,100', 'USC', 7172141, 'PIECE', 1),
(760, 5, 5027255, '120GL-8552S-45% 107AW', 'TIS VER HEXCEL 120GL/8552S/45% 107AW', '0,018', 'M2', 7172121, 'MATIERE', 1),
(761, 5, 5027255, '120GL-8552S-45% 107AW', 'TIS VER HEXCEL 120GL/8552S/45% 107AW', '0,018', 'M2', 7172121, 'MATIERE', 1),
(762, 5, 5027255, '120GL-8552S-45% 107AW', 'TIS VER HEXCEL 120GL/8552S/45% 107AW', '0,018', 'M2', 7172121, 'MATIERE', 1),
(763, 5, 5027255, '120GL-8552S-45% 107AW', 'TIS VER HEXCEL 120GL/8552S/45% 107AW', '0,018', 'M2', 7172121, 'MATIERE', 1),
(764, 5, 5027255, '120GL-8552S-45% 107AW', 'TIS VER HEXCEL 120GL/8552S/45% 107AW', '0,019', 'M2', 7172121, 'MATIERE', 1),
(765, 4, 5034435, 'SL800.003\"-54\"-650\'SHT', 'TOIL AIRTECH SL800.003\"-54\"-650\' SHT', '0,800', 'M2', 7172141, 'MATIERE', 1),
(766, 4, 5047301, 'WL5200BMP22', 'FILM WL5200BMP22 .001\"-48\"-600\'SHT', '0,250', 'M2', 7172141, 'MATIERE', 1),
(767, 2, 7172145, '73P5521116C00301', '73P5521116C00301 SKIN - ELV LE RIB 4B-4D', '1', 'PCE', 7259751, 'PIECE', 1),
(768, 3, 5048037, 'GAC115AA2', 'RESINE EPOXY EPON 828', '0,015', 'L', 7172145, 'MATIERE', 1),
(769, 3, 5048122, 'GAC117G1', 'CATALYSEUR CYTEC 70413000 DTA', '0,005', 'L', 7172145, 'MATIERE', 1),
(770, 3, 7172146, '73P5521116C00325', '73P5521116C00325 EBAUCHE LEADING EDGE 11', '0,500', 'USC', 7172145, 'PIECE', 1),
(771, 4, 5026802, '8552SAS4 Release', 'TIS CARB 8552S/38%/AGP193PW GMS4020', '0,990', 'M2', 7172146, 'MATIERE', 1),
(772, 4, 5047677, 'D300B', 'TISSU D\' ARRACHAGE D300B 94GR/M2 (152M2)', '0,400', 'M2', 7172146, 'MATIERE', 1),
(773, 4, 5084432, 'SEALANT213', 'MAST AIRTECH SEALANT213', '1,800', 'M', 7172146, 'MATIERE', 1),
(774, 4, 5047313, 'WL5200R.001-48-600SHT', 'FILM ROUL AIRTECH WL5200R.001-48-600SHT', '0,400', 'M2', 7172146, 'MATIERE', 1),
(775, 4, 3001752, 'AIRWEAVE N10', 'TIS AIRTECH AIRWEAVE N10 LAG 1520MM LONG', '0,400', 'M2', 7172146, 'PIECE', 1),
(776, 4, 7172120, '73P5521101LHCULEUP', '73P5521101LHCULEUP KIT CUIVRE LEADING ED', '0,100', 'USC', 7172146, 'PIECE', 1),
(777, 5, 5047880, 'FM300M ECS', 'FILM FM300M ECS GMS4017', '0,134', 'M2', 7172120, 'MATIERE', 1),
(778, 4, 7172121, '73P5521101LHVRLEUP', '73P5521101LHVRLEUP KIT VERRE LEADING EDG', '0,100', 'USC', 7172146, 'PIECE', 1),
(779, 5, 5027255, '120GL-8552S-45% 107AW', 'TIS VER HEXCEL 120GL/8552S/45% 107AW', '0,018', 'M2', 7172121, 'MATIERE', 1),
(780, 5, 5027255, '120GL-8552S-45% 107AW', 'TIS VER HEXCEL 120GL/8552S/45% 107AW', '0,018', 'M2', 7172121, 'MATIERE', 1),
(781, 5, 5027255, '120GL-8552S-45% 107AW', 'TIS VER HEXCEL 120GL/8552S/45% 107AW', '0,018', 'M2', 7172121, 'MATIERE', 1),
(782, 5, 5027255, '120GL-8552S-45% 107AW', 'TIS VER HEXCEL 120GL/8552S/45% 107AW', '0,018', 'M2', 7172121, 'MATIERE', 1),
(783, 5, 5027255, '120GL-8552S-45% 107AW', 'TIS VER HEXCEL 120GL/8552S/45% 107AW', '0,019', 'M2', 7172121, 'MATIERE', 1),
(784, 4, 5034435, 'SL800.003\"-54\"-650\'SHT', 'TOIL AIRTECH SL800.003\"-54\"-650\' SHT', '0,800', 'M2', 7172146, 'MATIERE', 1),
(785, 4, 5047301, 'WL5200BMP22', 'FILM WL5200BMP22 .001\"-48\"-600\'SHT', '0,250', 'M2', 7172146, 'MATIERE', 1),
(786, 2, 7172156, '73P5521120C00301', '73P5521120C00301 SKIN - ELV LE RIB 6B LW', '1', 'PCE', 7259751, 'PIECE', 1),
(787, 3, 5048037, 'GAC115AA2', 'RESINE EPOXY EPON 828', '0,015', 'L', 7172156, 'MATIERE', 1),
(788, 3, 5048122, 'GAC117G1', 'CATALYSEUR CYTEC 70413000 DTA', '0,005', 'L', 7172156, 'MATIERE', 1),
(789, 3, 7172157, '73P5521120C00325', '73P5521120C00325 EBAUCHE LEADING EDGE 12', '0,500', 'USC', 7172156, 'PIECE', 1),
(790, 4, 5026802, '8552SAS4 Release', 'TIS CARB 8552S/38%/AGP193PW GMS4020', '0,755', 'M2', 7172157, 'MATIERE', 1),
(791, 4, 5047677, 'D300B', 'TISSU D\' ARRACHAGE D300B 94GR/M2 (152M2)', '0,400', 'M2', 7172157, 'MATIERE', 1),
(792, 4, 5084432, 'SEALANT213', 'MAST AIRTECH SEALANT213', '1,800', 'M', 7172157, 'MATIERE', 1),
(793, 4, 5047313, 'WL5200R.001-48-600SHT', 'FILM ROUL AIRTECH WL5200R.001-48-600SHT', '0,400', 'M2', 7172157, 'MATIERE', 1),
(794, 4, 3001752, 'AIRWEAVE N10', 'TIS AIRTECH AIRWEAVE N10 LAG 1520MM LONG', '0,400', 'M2', 7172157, 'PIECE', 1),
(795, 4, 7172271, '73P5522120LHSFLELO', '73P5522120LHSFLELO KIT SURFACING FILM LE', '0,100', 'USC', 7172157, 'PIECE', 1),
(796, 5, 5026804, 'GMS4016-B2G', 'FILM SURFACE CYTEC SM905M', '0,127', 'M2', 7172271, 'MATIERE', 1),
(797, 4, 7172272, '73P5522120LHVRLELO', '73P5522120LHVRLELO KIT VERRE LEADING EDG', '0,100', 'USC', 7172157, 'PIECE', 1),
(798, 5, 5027255, '120GL-8552S-45% 107AW', 'TIS VER HEXCEL 120GL/8552S/45% 107AW', '0,016', 'M2', 7172272, 'MATIERE', 1),
(799, 5, 5027255, '120GL-8552S-45% 107AW', 'TIS VER HEXCEL 120GL/8552S/45% 107AW', '0,016', 'M2', 7172272, 'MATIERE', 1),
(800, 5, 5027255, '120GL-8552S-45% 107AW', 'TIS VER HEXCEL 120GL/8552S/45% 107AW', '0,020', 'M2', 7172272, 'MATIERE', 1),
(801, 5, 5027255, '120GL-8552S-45% 107AW', 'TIS VER HEXCEL 120GL/8552S/45% 107AW', '0,019', 'M2', 7172272, 'MATIERE', 1),
(802, 5, 5027255, '120GL-8552S-45% 107AW', 'TIS VER HEXCEL 120GL/8552S/45% 107AW', '0,018', 'M2', 7172272, 'MATIERE', 1),
(803, 4, 5034435, 'SL800.003\"-54\"-650\'SHT', 'TOIL AIRTECH SL800.003\"-54\"-650\' SHT', '0,800', 'M2', 7172157, 'MATIERE', 1),
(804, 4, 5047301, 'WL5200BMP22', 'FILM WL5200BMP22 .001\"-48\"-600\'SHT', '0,250', 'M2', 7172157, 'MATIERE', 1),
(805, 2, 7172164, '73P5521122C00301', '73P5521122C00301 SKIN - ELV LE RIB 5B-5D', '1', 'PCE', 7259751, 'PIECE', 1),
(806, 3, 5048037, 'GAC115AA2', 'RESINE EPOXY EPON 828', '0,015', 'L', 7172164, 'MATIERE', 1),
(807, 3, 5048122, 'GAC117G1', 'CATALYSEUR CYTEC 70413000 DTA', '0,005', 'L', 7172164, 'MATIERE', 1),
(808, 3, 7172165, '73P5521122C00325', '73P5521122C00325 EBAUCHE LEADING EDGE 12', '0,500', 'USC', 7172164, 'PIECE', 1),
(809, 4, 5026802, '8552SAS4 Release', 'TIS CARB 8552S/38%/AGP193PW GMS4020', '1,035', 'M2', 7172165, 'MATIERE', 1),
(810, 4, 5047677, 'D300B', 'TISSU D\' ARRACHAGE D300B 94GR/M2 (152M2)', '0,400', 'M2', 7172165, 'MATIERE', 1),
(811, 4, 5084432, 'SEALANT213', 'MAST AIRTECH SEALANT213', '1,800', 'M', 7172165, 'MATIERE', 1),
(812, 4, 5047313, 'WL5200R.001-48-600SHT', 'FILM ROUL AIRTECH WL5200R.001-48-600SHT', '0,400', 'M2', 7172165, 'MATIERE', 1),
(813, 4, 3001752, 'AIRWEAVE N10', 'TIS AIRTECH AIRWEAVE N10 LAG 1520MM LONG', '0,400', 'M2', 7172165, 'PIECE', 1),
(814, 4, 7172271, '73P5522120LHSFLELO', '73P5522120LHSFLELO KIT SURFACING FILM LE', '0,100', 'USC', 7172165, 'PIECE', 1),
(815, 5, 5026804, 'GMS4016-B2G', 'FILM SURFACE CYTEC SM905M', '0,127', 'M2', 7172271, 'MATIERE', 1),
(816, 4, 7172272, '73P5522120LHVRLELO', '73P5522120LHVRLELO KIT VERRE LEADING EDG', '0,100', 'USC', 7172165, 'PIECE', 1),
(817, 5, 5027255, '120GL-8552S-45% 107AW', 'TIS VER HEXCEL 120GL/8552S/45% 107AW', '0,016', 'M2', 7172272, 'MATIERE', 1),
(818, 5, 5027255, '120GL-8552S-45% 107AW', 'TIS VER HEXCEL 120GL/8552S/45% 107AW', '0,016', 'M2', 7172272, 'MATIERE', 1),
(819, 5, 5027255, '120GL-8552S-45% 107AW', 'TIS VER HEXCEL 120GL/8552S/45% 107AW', '0,020', 'M2', 7172272, 'MATIERE', 1),
(820, 5, 5027255, '120GL-8552S-45% 107AW', 'TIS VER HEXCEL 120GL/8552S/45% 107AW', '0,019', 'M2', 7172272, 'MATIERE', 1),
(821, 5, 5027255, '120GL-8552S-45% 107AW', 'TIS VER HEXCEL 120GL/8552S/45% 107AW', '0,018', 'M2', 7172272, 'MATIERE', 1),
(822, 4, 5034435, 'SL800.003\"-54\"-650\'SHT', 'TOIL AIRTECH SL800.003\"-54\"-650\' SHT', '0,800', 'M2', 7172165, 'MATIERE', 1),
(823, 4, 5047301, 'WL5200BMP22', 'FILM WL5200BMP22 .001\"-48\"-600\'SHT', '0,250', 'M2', 7172165, 'MATIERE', 1),
(824, 2, 7172169, '73P5521123C00301', '73P5521123C00301 SKIN - ELV LE RIB 4B-4D', '1', 'PCE', 7259751, 'PIECE', 1),
(825, 3, 7172170, '73P5521123C00325', '73P5521123C00325 EBAUCHE LEADING EDGE 12', '0,500', 'USC', 7172169, 'PIECE', 1),
(826, 4, 5026802, '8552SAS4 Release', 'TIS CARB 8552S/38%/AGP193PW GMS4020', '1,230', 'M2', 7172170, 'MATIERE', 1),
(827, 4, 5047677, 'D300B', 'TISSU D\' ARRACHAGE D300B 94GR/M2 (152M2)', '0,400', 'M2', 7172170, 'MATIERE', 1),
(828, 4, 5084432, 'SEALANT213', 'MAST AIRTECH SEALANT213', '1,800', 'M', 7172170, 'MATIERE', 1),
(829, 4, 5047313, 'WL5200R.001-48-600SHT', 'FILM ROUL AIRTECH WL5200R.001-48-600SHT', '0,400', 'M2', 7172170, 'MATIERE', 1),
(830, 4, 3001752, 'AIRWEAVE N10', 'TIS AIRTECH AIRWEAVE N10 LAG 1520MM LONG', '0,400', 'M2', 7172170, 'PIECE', 1),
(831, 4, 7172271, '73P5522120LHSFLELO', '73P5522120LHSFLELO KIT SURFACING FILM LE', '0,100', 'USC', 7172170, 'PIECE', 1),
(832, 5, 5026804, 'GMS4016-B2G', 'FILM SURFACE CYTEC SM905M', '0,127', 'M2', 7172271, 'MATIERE', 1),
(833, 4, 7172272, '73P5522120LHVRLELO', '73P5522120LHVRLELO KIT VERRE LEADING EDG', '0,100', 'USC', 7172170, 'PIECE', 1),
(834, 5, 5027255, '120GL-8552S-45% 107AW', 'TIS VER HEXCEL 120GL/8552S/45% 107AW', '0,016', 'M2', 7172272, 'MATIERE', 1),
(835, 5, 5027255, '120GL-8552S-45% 107AW', 'TIS VER HEXCEL 120GL/8552S/45% 107AW', '0,016', 'M2', 7172272, 'MATIERE', 1),
(836, 5, 5027255, '120GL-8552S-45% 107AW', 'TIS VER HEXCEL 120GL/8552S/45% 107AW', '0,020', 'M2', 7172272, 'MATIERE', 1),
(837, 5, 5027255, '120GL-8552S-45% 107AW', 'TIS VER HEXCEL 120GL/8552S/45% 107AW', '0,019', 'M2', 7172272, 'MATIERE', 1),
(838, 5, 5027255, '120GL-8552S-45% 107AW', 'TIS VER HEXCEL 120GL/8552S/45% 107AW', '0,018', 'M2', 7172272, 'MATIERE', 1),
(839, 4, 5034435, 'SL800.003\"-54\"-650\'SHT', 'TOIL AIRTECH SL800.003\"-54\"-650\' SHT', '0,800', 'M2', 7172170, 'MATIERE', 1),
(840, 4, 5047301, 'WL5200BMP22', 'FILM WL5200BMP22 .001\"-48\"-600\'SHT', '0,250', 'M2', 7172170, 'MATIERE', 1),
(841, 3, 5048037, 'GAC115AA2', 'RESINE EPOXY EPON 828', '0,015', 'L', 7172169, 'MATIERE', 1),
(842, 3, 5048122, 'GAC117G1', 'CATALYSEUR CYTEC 70413000 DTA', '0,005', 'L', 7172169, 'MATIERE', 1),
(843, 2, 7172173, '73P5521124C00301', '73P5521124C00301 SKIN - ELV LE RIB 3B-3D', '1', 'PCE', 7259751, 'PIECE', 1),
(844, 3, 7172174, '73P5521124C00325', '73P5521124C00325 EBAUCHE LEADING EDGE 12', '0,500', 'USC', 7172173, 'PIECE', 1),
(845, 4, 5026802, '8552SAS4 Release', 'TIS CARB 8552S/38%/AGP193PW GMS4020', '1,310', 'M2', 7172174, 'MATIERE', 1),
(846, 4, 5047677, 'D300B', 'TISSU D\' ARRACHAGE D300B 94GR/M2 (152M2)', '0,400', 'M2', 7172174, 'MATIERE', 1),
(847, 4, 5084432, 'SEALANT213', 'MAST AIRTECH SEALANT213', '1,800', 'M', 7172174, 'MATIERE', 1),
(848, 4, 5047313, 'WL5200R.001-48-600SHT', 'FILM ROUL AIRTECH WL5200R.001-48-600SHT', '0,400', 'M2', 7172174, 'MATIERE', 1),
(849, 4, 3001752, 'AIRWEAVE N10', 'TIS AIRTECH AIRWEAVE N10 LAG 1520MM LONG', '0,400', 'M2', 7172174, 'PIECE', 1),
(850, 4, 7172271, '73P5522120LHSFLELO', '73P5522120LHSFLELO KIT SURFACING FILM LE', '0,100', 'USC', 7172174, 'PIECE', 1),
(851, 5, 5026804, 'GMS4016-B2G', 'FILM SURFACE CYTEC SM905M', '0,127', 'M2', 7172271, 'MATIERE', 1),
(852, 4, 7172272, '73P5522120LHVRLELO', '73P5522120LHVRLELO KIT VERRE LEADING EDG', '0,100', 'USC', 7172174, 'PIECE', 1),
(853, 5, 5027255, '120GL-8552S-45% 107AW', 'TIS VER HEXCEL 120GL/8552S/45% 107AW', '0,016', 'M2', 7172272, 'MATIERE', 1),
(854, 5, 5027255, '120GL-8552S-45% 107AW', 'TIS VER HEXCEL 120GL/8552S/45% 107AW', '0,016', 'M2', 7172272, 'MATIERE', 1),
(855, 5, 5027255, '120GL-8552S-45% 107AW', 'TIS VER HEXCEL 120GL/8552S/45% 107AW', '0,020', 'M2', 7172272, 'MATIERE', 1),
(856, 5, 5027255, '120GL-8552S-45% 107AW', 'TIS VER HEXCEL 120GL/8552S/45% 107AW', '0,019', 'M2', 7172272, 'MATIERE', 1),
(857, 5, 5027255, '120GL-8552S-45% 107AW', 'TIS VER HEXCEL 120GL/8552S/45% 107AW', '0,018', 'M2', 7172272, 'MATIERE', 1),
(858, 4, 5034435, 'SL800.003\"-54\"-650\'SHT', 'TOIL AIRTECH SL800.003\"-54\"-650\' SHT', '0,800', 'M2', 7172174, 'MATIERE', 1),
(859, 4, 5047301, 'WL5200BMP22', 'FILM WL5200BMP22 .001\"-48\"-600\'SHT', '0,250', 'M2', 7172174, 'MATIERE', 1),
(860, 3, 5048037, 'GAC115AA2', 'RESINE EPOXY EPON 828', '0,015', 'L', 7172173, 'MATIERE', 1),
(861, 3, 5048122, 'GAC117G1', 'CATALYSEUR CYTEC 70413000 DTA', '0,005', 'L', 7172173, 'MATIERE', 1),
(862, 2, 7172179, '73P5521126C00301', '73P5521126C00301 SKIN - ELV LE RIB 1B-1G', '1', 'PCE', 7259751, 'PIECE', 1),
(863, 3, 7172180, '73P5521126C00325', '73P5521126C00325 EBAUCHE LEADING EDGE 12', '0,500', 'USC', 7172179, 'PIECE', 1),
(864, 4, 5026802, '8552SAS4 Release', 'TIS CARB 8552S/38%/AGP193PW GMS4020', '1,110', 'M2', 7172180, 'MATIERE', 1),
(865, 4, 5047677, 'D300B', 'TISSU D\' ARRACHAGE D300B 94GR/M2 (152M2)', '0,400', 'M2', 7172180, 'MATIERE', 1),
(866, 4, 5084432, 'SEALANT213', 'MAST AIRTECH SEALANT213', '1,800', 'M', 7172180, 'MATIERE', 1),
(867, 4, 5047313, 'WL5200R.001-48-600SHT', 'FILM ROUL AIRTECH WL5200R.001-48-600SHT', '0,400', 'M2', 7172180, 'MATIERE', 1),
(868, 4, 3001752, 'AIRWEAVE N10', 'TIS AIRTECH AIRWEAVE N10 LAG 1520MM LONG', '0,400', 'M2', 7172180, 'PIECE', 1),
(869, 4, 7172271, '73P5522120LHSFLELO', '73P5522120LHSFLELO KIT SURFACING FILM LE', '0,100', 'USC', 7172180, 'PIECE', 1),
(870, 5, 5026804, 'GMS4016-B2G', 'FILM SURFACE CYTEC SM905M', '0,127', 'M2', 7172271, 'MATIERE', 1),
(871, 4, 7172272, '73P5522120LHVRLELO', '73P5522120LHVRLELO KIT VERRE LEADING EDG', '0,100', 'USC', 7172180, 'PIECE', 1),
(872, 5, 5027255, '120GL-8552S-45% 107AW', 'TIS VER HEXCEL 120GL/8552S/45% 107AW', '0,016', 'M2', 7172272, 'MATIERE', 1),
(873, 5, 5027255, '120GL-8552S-45% 107AW', 'TIS VER HEXCEL 120GL/8552S/45% 107AW', '0,016', 'M2', 7172272, 'MATIERE', 1),
(874, 5, 5027255, '120GL-8552S-45% 107AW', 'TIS VER HEXCEL 120GL/8552S/45% 107AW', '0,020', 'M2', 7172272, 'MATIERE', 1),
(875, 5, 5027255, '120GL-8552S-45% 107AW', 'TIS VER HEXCEL 120GL/8552S/45% 107AW', '0,019', 'M2', 7172272, 'MATIERE', 1),
(876, 5, 5027255, '120GL-8552S-45% 107AW', 'TIS VER HEXCEL 120GL/8552S/45% 107AW', '0,018', 'M2', 7172272, 'MATIERE', 1),
(877, 4, 5034435, 'SL800.003\"-54\"-650\'SHT', 'TOIL AIRTECH SL800.003\"-54\"-650\' SHT', '0,800', 'M2', 7172180, 'MATIERE', 1),
(878, 4, 5047301, 'WL5200BMP22', 'FILM WL5200BMP22 .001\"-48\"-600\'SHT', '0,300', 'M2', 7172180, 'MATIERE', 1),
(879, 4, 5047231, 'STRETCHFLOW 2000', 'RUB AIRTECH STRETCHFLOW 2000 59\'\' X 7M', '0,010', 'ROU', 7172180, 'MATIERE', 1),
(880, 3, 5048037, 'GAC115AA2', 'RESINE EPOXY EPON 828', '0,015', 'L', 7172179, 'MATIERE', 1),
(881, 3, 5048122, 'GAC117G1', 'CATALYSEUR CYTEC 70413000 DTA', '0,005', 'L', 7172179, 'MATIERE', 1),
(882, 2, 7172194, '73P5521132C00301', '73P5521132C00301 SKIN - ELV LE UPR OUTBD', '1', 'PCE', 7259751, 'PIECE', 1),
(883, 3, 5048037, 'GAC115AA2', 'RESINE EPOXY EPON 828', '0,015', 'L', 7172194, 'MATIERE', 1),
(884, 3, 5048122, 'GAC117G1', 'CATALYSEUR CYTEC 70413000 DTA', '0,005', 'L', 7172194, 'MATIERE', 1),
(885, 3, 7172195, '73P5521132C00325', '73P5521132C00325 EBAUCHE LEADING EDGE 13', '0,300', 'USC', 7172194, 'PIECE', 1),
(886, 4, 5026802, '8552SAS4 Release', 'TIS CARB 8552S/38%/AGP193PW GMS4020', '0,684', 'M2', 7172195, 'MATIERE', 1),
(887, 4, 5047677, 'D300B', 'TISSU D\' ARRACHAGE D300B 94GR/M2 (152M2)', '0,240', 'M2', 7172195, 'MATIERE', 1),
(888, 4, 5084432, 'SEALANT213', 'MAST AIRTECH SEALANT213', '1,080', 'M', 7172195, 'MATIERE', 1),
(889, 4, 5047313, 'WL5200R.001-48-600SHT', 'FILM ROUL AIRTECH WL5200R.001-48-600SHT', '0,240', 'M2', 7172195, 'MATIERE', 1),
(890, 4, 3001752, 'AIRWEAVE N10', 'TIS AIRTECH AIRWEAVE N10 LAG 1520MM LONG', '0,240', 'M2', 7172195, 'PIECE', 1),
(891, 4, 7172120, '73P5521101LHCULEUP', '73P5521101LHCULEUP KIT CUIVRE LEADING ED', '0,060', 'USC', 7172195, 'PIECE', 1),
(892, 5, 5047880, 'FM300M ECS', 'FILM FM300M ECS GMS4017', '0,081', 'M2', 7172120, 'MATIERE', 1),
(893, 4, 7172121, '73P5521101LHVRLEUP', '73P5521101LHVRLEUP KIT VERRE LEADING EDG', '0,060', 'USC', 7172195, 'PIECE', 1),
(894, 5, 5027255, '120GL-8552S-45% 107AW', 'TIS VER HEXCEL 120GL/8552S/45% 107AW', '0,011', 'M2', 7172121, 'MATIERE', 1),
(895, 5, 5027255, '120GL-8552S-45% 107AW', 'TIS VER HEXCEL 120GL/8552S/45% 107AW', '0,011', 'M2', 7172121, 'MATIERE', 1),
(896, 5, 5027255, '120GL-8552S-45% 107AW', 'TIS VER HEXCEL 120GL/8552S/45% 107AW', '0,011', 'M2', 7172121, 'MATIERE', 1);
INSERT INTO `t_nom_test` (`ID`, `Niveau`, `Article`, `Document`, `Designation`, `Quantite`, `Unite`, `Parent`, `CATEGORIE`, `PROGRAMME`) VALUES
(897, 5, 5027255, '120GL-8552S-45% 107AW', 'TIS VER HEXCEL 120GL/8552S/45% 107AW', '0,011', 'M2', 7172121, 'MATIERE', 1),
(898, 5, 5027255, '120GL-8552S-45% 107AW', 'TIS VER HEXCEL 120GL/8552S/45% 107AW', '0,012', 'M2', 7172121, 'MATIERE', 1),
(899, 4, 5034435, 'SL800.003\"-54\"-650\'SHT', 'TOIL AIRTECH SL800.003\"-54\"-650\' SHT', '0,480', 'M2', 7172195, 'MATIERE', 1),
(900, 4, 5047301, 'WL5200BMP22', 'FILM WL5200BMP22 .001\"-48\"-600\'SHT', '0,150', 'M2', 7172195, 'MATIERE', 1),
(901, 2, 7172216, '73P5521142C00301', '73P5521142C00301 SKIN - ELV LE RIB 1B-1G', '1', 'PCE', 7259751, 'PIECE', 1),
(902, 3, 5048037, 'GAC115AA2', 'RESINE EPOXY EPON 828', '0,015', 'L', 7172216, 'MATIERE', 1),
(903, 3, 5048122, 'GAC117G1', 'CATALYSEUR CYTEC 70413000 DTA', '0,005', 'L', 7172216, 'MATIERE', 1),
(904, 3, 7172217, '73P5521142C00325', '73P5521142C00325 EBAUCHE LEADING EDGE 14', '0,300', 'USC', 7172216, 'PIECE', 1),
(905, 4, 5026802, '8552SAS4 Release', 'TIS CARB 8552S/38%/AGP193PW GMS4020', '1,062', 'M2', 7172217, 'MATIERE', 1),
(906, 4, 5047677, 'D300B', 'TISSU D\' ARRACHAGE D300B 94GR/M2 (152M2)', '0,240', 'M2', 7172217, 'MATIERE', 1),
(907, 4, 5084432, 'SEALANT213', 'MAST AIRTECH SEALANT213', '1,080', 'M', 7172217, 'MATIERE', 1),
(908, 4, 5047313, 'WL5200R.001-48-600SHT', 'FILM ROUL AIRTECH WL5200R.001-48-600SHT', '0,240', 'M2', 7172217, 'MATIERE', 1),
(909, 4, 3001752, 'AIRWEAVE N10', 'TIS AIRTECH AIRWEAVE N10 LAG 1520MM LONG', '0,240', 'M2', 7172217, 'PIECE', 1),
(910, 4, 7172120, '73P5521101LHCULEUP', '73P5521101LHCULEUP KIT CUIVRE LEADING ED', '0,060', 'USC', 7172217, 'PIECE', 1),
(911, 5, 5047880, 'FM300M ECS', 'FILM FM300M ECS GMS4017', '0,081', 'M2', 7172120, 'MATIERE', 1),
(912, 4, 7172121, '73P5521101LHVRLEUP', '73P5521101LHVRLEUP KIT VERRE LEADING EDG', '0,060', 'USC', 7172217, 'PIECE', 1),
(913, 5, 5027255, '120GL-8552S-45% 107AW', 'TIS VER HEXCEL 120GL/8552S/45% 107AW', '0,011', 'M2', 7172121, 'MATIERE', 1),
(914, 5, 5027255, '120GL-8552S-45% 107AW', 'TIS VER HEXCEL 120GL/8552S/45% 107AW', '0,011', 'M2', 7172121, 'MATIERE', 1),
(915, 5, 5027255, '120GL-8552S-45% 107AW', 'TIS VER HEXCEL 120GL/8552S/45% 107AW', '0,011', 'M2', 7172121, 'MATIERE', 1),
(916, 5, 5027255, '120GL-8552S-45% 107AW', 'TIS VER HEXCEL 120GL/8552S/45% 107AW', '0,011', 'M2', 7172121, 'MATIERE', 1),
(917, 5, 5027255, '120GL-8552S-45% 107AW', 'TIS VER HEXCEL 120GL/8552S/45% 107AW', '0,012', 'M2', 7172121, 'MATIERE', 1),
(918, 4, 5034435, 'SL800.003\"-54\"-650\'SHT', 'TOIL AIRTECH SL800.003\"-54\"-650\' SHT', '0,480', 'M2', 7172217, 'MATIERE', 1),
(919, 4, 5047301, 'WL5200BMP22', 'FILM WL5200BMP22 .001\"-48\"-600\'SHT', '0,150', 'M2', 7172217, 'MATIERE', 1),
(920, 2, 5051160, 'GAF511AC08-150', 'RIVET AVEUGLE F/130 A-FN GAF511AC08-150', '26', 'PCE', 7259751, 'MATIERE', 1),
(921, 2, 5036987, 'GAF511AC08-200', 'RIVET AVEUGLE F/130 A-FN GAF511AC08-200', '6', 'PCE', 7259751, 'MATIERE', 1),
(922, 2, 5048863, 'GAB511AB5B2', 'BOLT PROTRUDING TI GAB511AB5B2', '47', 'PCE', 7259751, 'MATIERE', 1),
(923, 2, 5048864, 'GAB511AB5B3', 'BOLT PROTRUDING TI GAB511AB5B3', '4', 'PCE', 7259751, 'MATIERE', 1),
(924, 2, 5048870, 'GAB511AB6B3', 'BOLT PROTRUDING TI GAB511AB6B3', '6', 'PCE', 7259751, 'MATIERE', 1),
(925, 2, 5048871, 'GAB511AB6B4', 'BOLT PROTRUDING TI GAB511AB6B4', '8', 'PCE', 7259751, 'MATIERE', 1),
(926, 2, 5037261, 'NAS1149C0316R', 'RONDELLE PLATE NAS1149C0316R', '28', 'PCE', 7259751, 'MATIERE', 1),
(927, 2, 5037288, 'NAS1149CN816R', 'RONDELLE PLATE NAS1149CN816R', '102', 'PCE', 7259751, 'MATIERE', 1),
(928, 2, 5035838, 'GAN510AA5', 'ECROU COLLERETTE HEX GAN510AA5', '51', 'PCE', 7259751, 'MATIERE', 1),
(929, 2, 5035839, 'GAN510AA6', 'ECROU COLLERETTE HEX GAN510AA6', '14', 'PCE', 7259751, 'MATIERE', 1),
(930, 2, 5036987, 'GAF511AC08-200', 'RIVET AVEUGLE F/130 A-FN GAF511AC08-200', '2', 'PCE', 7259751, 'MATIERE', 1),
(931, 2, 5048884, 'GAF510Y08-150', 'RIVET AVEUGLE A-FN GAF510Y08-150', '6', 'PCE', 7259751, 'MATIERE', 1),
(932, 2, 5012141, 'MS21141S0402', 'RIVET AVEUGLE CYL MS21141S0402', '4', 'PCE', 7259751, 'MATIERE', 1),
(933, 2, 5037288, 'NAS1149CN816R', 'RONDELLE PLATE NAS1149CN816R', '2', 'PCE', 7259751, 'MATIERE', 1),
(934, 2, 5037279, 'NAS1149DN816K', 'RONDELLE PLATE NAS1149DN816K', '6', 'PCE', 7259751, 'MATIERE', 1),
(935, 2, 5037301, 'NAS620C5', 'RONDELLE PLATE NAS620C5', '2', 'PCE', 7259751, 'MATIERE', 1),
(936, 2, 5051161, 'GAF511AC08-250', 'RIVET AVEUGLE F/130 A-FN GAF511AC08-250', '26', 'PCE', 7259751, 'MATIERE', 1),
(937, 2, 5036987, 'GAF511AC08-200', 'RIVET AVEUGLE F/130 A-FN GAF511AC08-200', '16', 'PCE', 7259751, 'MATIERE', 1),
(938, 2, 5051160, 'GAF511AC08-150', 'RIVET AVEUGLE F/130 A-FN GAF511AC08-150', '80', 'PCE', 7259751, 'MATIERE', 1),
(939, 2, 5048943, 'GAB510GT6B5', 'VIS F/130 GAB510GT6B5', '16', 'PCE', 7259751, 'MATIERE', 1),
(940, 2, 5048944, 'GAB510GT6B6', 'VIS F/130 GAB510GT6B6', '6', 'PCE', 7259751, 'MATIERE', 1),
(941, 2, 5037321, 'NAS620C10L', 'RONDELLE PLATE NAS620C10L', '22', 'PCE', 7259751, 'MATIERE', 1),
(942, 2, 5035839, 'GAN510AA6', 'ECROU COLLERETTE HEX GAN510AA6', '22', 'PCE', 7259751, 'MATIERE', 1),
(943, 2, 5036987, 'GAF511AC08-200', 'RIVET AVEUGLE F/130 A-FN GAF511AC08-200', '101', 'PCE', 7259751, 'MATIERE', 1),
(944, 2, 5038543, 'MIL-PRF-81733TY4-12', 'PROD  JOINT FRANCAIS PR870C12 SEMKIT654', '5', 'USC', 7259751, 'MATIERE', 1),
(945, 2, 5048218, 'GAR111D3', 'AGENT DEMOULANT MS-122XD', '2', 'USC', 7259751, 'MATIERE', 1),
(946, 2, 5048243, 'EA934NA', 'RESINE EA934NA SEMKIT 655', '5', 'USC', 7259751, 'MATIERE', 1),
(947, 2, 7172107, '73P5520GMS4018-2', '73P5520GMS4018-2 2 PLY GLASS SHIM', '1', 'PCE', 7259751, 'PIECE', 1),
(948, 3, 5047312, 'WL5200RP3.001\"-48\"-600', 'FILM AIRTECH WL5200RP3.001-48-600SHT', '3,000', 'M2', 7172107, 'MATIERE', 1),
(949, 3, 3001752, 'AIRWEAVE N10', 'TIS AIRTECH AIRWEAVE N10 LAG 1520MM LONG', '3,000', 'M2', 7172107, 'PIECE', 1),
(950, 3, 5084432, 'SEALANT213', 'MAST AIRTECH SEALANT213', '2,000', 'M', 7172107, 'MATIERE', 1),
(951, 3, 5047325, 'WL7400', 'TOIL AIRTECH WL7400 0.002\"X80\"X750\' CF', '3,000', 'M2', 7172107, 'MATIERE', 1),
(952, 3, 5084432, 'SEALANT213', 'MAST AIRTECH SEALANT213', '2,000', 'M', 7172107, 'MATIERE', 1),
(953, 3, 5047313, 'WL5200R.001-48-600SHT', 'FILM ROUL AIRTECH WL5200R.001-48-600SHT', '3,000', 'M2', 7172107, 'MATIERE', 1),
(954, 3, 5027255, '120GL-8552S-45% 107AW', 'TIS VER HEXCEL 120GL/8552S/45% 107AW', '0,900', 'M2', 7172107, 'MATIERE', 1),
(955, 2, 7172108, '73P5520GMS4018-3', '73P5520GMS4018-3 3 PLY GLASS SHIM', '1', 'PCE', 7259751, 'PIECE', 1),
(956, 3, 5047312, 'WL5200RP3.001\"-48\"-600', 'FILM AIRTECH WL5200RP3.001-48-600SHT', '3,000', 'M2', 7172108, 'MATIERE', 1),
(957, 3, 3001752, 'AIRWEAVE N10', 'TIS AIRTECH AIRWEAVE N10 LAG 1520MM LONG', '3,000', 'M2', 7172108, 'PIECE', 1),
(958, 3, 5084432, 'SEALANT213', 'MAST AIRTECH SEALANT213', '2,000', 'M', 7172108, 'MATIERE', 1),
(959, 3, 5047325, 'WL7400', 'TOIL AIRTECH WL7400 0.002\"X80\"X750\' CF', '3,000', 'M2', 7172108, 'MATIERE', 1),
(960, 3, 5084432, 'SEALANT213', 'MAST AIRTECH SEALANT213', '2,000', 'M', 7172108, 'MATIERE', 1),
(961, 3, 5047313, 'WL5200R.001-48-600SHT', 'FILM ROUL AIRTECH WL5200R.001-48-600SHT', '3,000', 'M2', 7172108, 'MATIERE', 1),
(962, 3, 5027255, '120GL-8552S-45% 107AW', 'TIS VER HEXCEL 120GL/8552S/45% 107AW', '0,840', 'M2', 7172108, 'MATIERE', 1),
(963, 2, 7172109, '73P5520GMS4018-4', '73P5520GMS4018-4 4 PLY GLASS SHIM', '1', 'PCE', 7259751, 'PIECE', 1),
(964, 3, 5047312, 'WL5200RP3.001\"-48\"-600', 'FILM AIRTECH WL5200RP3.001-48-600SHT', '3,000', 'M2', 7172109, 'MATIERE', 1),
(965, 3, 3001752, 'AIRWEAVE N10', 'TIS AIRTECH AIRWEAVE N10 LAG 1520MM LONG', '3,000', 'M2', 7172109, 'PIECE', 1),
(966, 3, 5084432, 'SEALANT213', 'MAST AIRTECH SEALANT213', '2,000', 'M', 7172109, 'MATIERE', 1),
(967, 3, 5047325, 'WL7400', 'TOIL AIRTECH WL7400 0.002\"X80\"X750\' CF', '3,000', 'M2', 7172109, 'MATIERE', 1),
(968, 3, 5084432, 'SEALANT213', 'MAST AIRTECH SEALANT213', '2,000', 'M', 7172109, 'MATIERE', 1),
(969, 3, 5047313, 'WL5200R.001-48-600SHT', 'FILM ROUL AIRTECH WL5200R.001-48-600SHT', '3,000', 'M2', 7172109, 'MATIERE', 1),
(970, 3, 5027255, '120GL-8552S-45% 107AW', 'TIS VER HEXCEL 120GL/8552S/45% 107AW', '1,000', 'M2', 7172109, 'MATIERE', 1),
(971, 2, 7172110, '73P5520GMS4018-5', '73P5520GMS4018-5 5 PLY GLASS SHIM', '1', 'PCE', 7259751, 'PIECE', 1),
(972, 3, 5047312, 'WL5200RP3.001\"-48\"-600', 'FILM AIRTECH WL5200RP3.001-48-600SHT', '3,000', 'M2', 7172110, 'MATIERE', 1),
(973, 3, 3001752, 'AIRWEAVE N10', 'TIS AIRTECH AIRWEAVE N10 LAG 1520MM LONG', '3,000', 'M2', 7172110, 'PIECE', 1),
(974, 3, 5084432, 'SEALANT213', 'MAST AIRTECH SEALANT213', '2,000', 'M', 7172110, 'MATIERE', 1),
(975, 3, 5047325, 'WL7400', 'TOIL AIRTECH WL7400 0.002\"X80\"X750\' CF', '3,000', 'M2', 7172110, 'MATIERE', 1),
(976, 3, 5084432, 'SEALANT213', 'MAST AIRTECH SEALANT213', '2,000', 'M', 7172110, 'MATIERE', 1),
(977, 3, 5047313, 'WL5200R.001-48-600SHT', 'FILM ROUL AIRTECH WL5200R.001-48-600SHT', '3,000', 'M2', 7172110, 'MATIERE', 1),
(978, 3, 5027255, '120GL-8552S-45% 107AW', 'TIS VER HEXCEL 120GL/8552S/45% 107AW', '1,200', 'M2', 7172110, 'MATIERE', 1),
(979, 2, 7172111, '73P5520GMS4018-6', '73P5520GMS4018-6 6 PLY GLASS SHIM', '1', 'PCE', 7259751, 'PIECE', 1),
(980, 3, 5047312, 'WL5200RP3.001\"-48\"-600', 'FILM AIRTECH WL5200RP3.001-48-600SHT', '3,000', 'M2', 7172111, 'MATIERE', 1),
(981, 3, 3001752, 'AIRWEAVE N10', 'TIS AIRTECH AIRWEAVE N10 LAG 1520MM LONG', '3,000', 'M2', 7172111, 'PIECE', 1),
(982, 3, 5084432, 'SEALANT213', 'MAST AIRTECH SEALANT213', '2,000', 'M', 7172111, 'MATIERE', 1),
(983, 3, 5047325, 'WL7400', 'TOIL AIRTECH WL7400 0.002\"X80\"X750\' CF', '3,000', 'M2', 7172111, 'MATIERE', 1),
(984, 3, 5084432, 'SEALANT213', 'MAST AIRTECH SEALANT213', '2,000', 'M', 7172111, 'MATIERE', 1),
(985, 3, 5047313, 'WL5200R.001-48-600SHT', 'FILM ROUL AIRTECH WL5200R.001-48-600SHT', '3,000', 'M2', 7172111, 'MATIERE', 1),
(986, 3, 5027255, '120GL-8552S-45% 107AW', 'TIS VER HEXCEL 120GL/8552S/45% 107AW', '1,500', 'M2', 7172111, 'MATIERE', 1),
(987, 2, 5036987, 'GAF511AC08-200', 'RIVET AVEUGLE F/130 A-FN GAF511AC08-200', '2', 'PCE', 7259751, 'MATIERE', 1),
(988, 2, 5051160, 'GAF511AC08-150', 'RIVET AVEUGLE F/130 A-FN GAF511AC08-150', '221', 'PCE', 7259751, 'MATIERE', 1),
(989, 2, 5051167, 'GAF511AB08-200', 'RIVET AVEUGLE F/130 A-FN GAF511AB08-200', '10', 'PCE', 7259751, 'MATIERE', 1),
(990, 2, 5036989, 'GAF511AB08-150', 'RIVET AVEUGLE F/130 A-FN GAF511AB08-150', '25', 'PCE', 7259751, 'MATIERE', 1),
(991, 2, 5051162, 'GAF511AC08-300', 'RIVET AVEUGLE F/130 A-FN GAF511AC08-300', '24', 'PCE', 7259751, 'MATIERE', 1),
(992, 2, 5051497, 'NAS1149DN516K', 'RONDELLE PLATE NAS1149DN516K', '2', 'PCE', 7259751, 'MATIERE', 1),
(993, 2, 7172012, '72P5522338S00500', '72P5522338S00500 AMORTISSEUR', '2', 'PCE', 7259751, 'PIECE', 1),
(994, 2, 5048875, 'GAB511AB6B10', 'BOLT PROTRUDING TI GAB511AB6B10', '4', 'PCE', 7259751, 'MATIERE', 1),
(995, 2, 5048874, 'GAB511AB6B9', 'BOLT PROTRUDING TI GAB511AB6B9', '4', 'PCE', 7259751, 'MATIERE', 1),
(996, 2, 5037729, 'KFN587-3', 'ECROU ALCOA ALU KFN587-3', '8', 'PCE', 7259751, 'MATIERE', 1),
(997, 2, 5034832, 'GAF510Y08-200', 'RIVET AVEUGLE A-FN GAF510Y08-200', '2', 'PCE', 7259751, 'MATIERE', 1),
(998, 2, 5111518, 'GAS12D*A*A', 'CALE PELABLE GAS12D*A*A 48.0x24.0x0.016', '0,250', 'M2', 7259751, 'MATIERE', 1),
(999, 1, 7172102, '73P552050100101', '73P552050100101 G600 ELV LH FINITION + P', '1', 'PCE', 7259753, 'PIECE', 1),
(1000, 2, 7172056, '72P5523313M00100', '72P5523313M00100 RADIUS BLOCK', '2', 'PCE', 7172102, 'PIECE', 1),
(1001, 2, 7172057, '72P5523314M00100', '72P5523314M00100 RADIUS BLOCK', '2', 'PCE', 7172102, 'PIECE', 1),
(1002, 2, 7172058, '72P5523322M00100', '72P5523322M00100 RADIUS BLOCK', '4', 'PCE', 7172102, 'PIECE', 1),
(1003, 2, 7172325, '73P5523001S00100', '73P5523001S00100 WASHER DIMPLED 130 DEG', '2', 'PCE', 7172102, 'PIECE', 1),
(1004, 2, 7172336, '73P5523313M00100', '73P5523313M00100 RADIUS BLOCK', '12', 'PCE', 7172102, 'PIECE', 1),
(1005, 2, 7172045, '72P5523002S00100', '72P5523002S00100 WASHER DIMPLED 130 DEG', '2', 'PCE', 7172102, 'PIECE', 1),
(1006, 2, 7172115, '73P5521101A00100', '73P5521101A00100 NUT PLATE ASSY - ELV LE', '1', 'PCE', 7172102, 'PIECE', 1),
(1007, 2, 7172112, '73P5521100A00100', '73P5521100A00100 NUT PLATE ASSY - ELV LE', '1', 'PCE', 7172102, 'PIECE', 1),
(1008, 2, 7172125, '73P5521103A00100', '73P5521103A00100 NUT PLATE ASSY - ELV LE', '1', 'PCE', 7172102, 'PIECE', 1),
(1009, 2, 7172129, '73P5521105A00100', '73P5521105A00100 NUT PLATE ASSY - ELV LE', '1', 'PCE', 7172102, 'PIECE', 1),
(1010, 2, 7172131, '73P5521107A00100', '73P5521107A00100 NUT PLATE ASSY - ELV LE', '1', 'PCE', 7172102, 'PIECE', 1),
(1011, 2, 7172124, '73P5521102A00100', '73P5521102A00100 NUT PLATE ASSY - ELV LE', '1', 'PCE', 7172102, 'PIECE', 1),
(1012, 2, 7172126, '73P5521104A00100', '73P5521104A00100 NUT PLATE ASSY - ELV LE', '1', 'PCE', 7172102, 'PIECE', 1),
(1013, 2, 7172130, '73P5521106A00100', '73P5521106A00100 NUT PLATE ASSY - ELV LE', '1', 'PCE', 7172102, 'PIECE', 1),
(1014, 2, 7172133, '73P5521109A00100', '73P5521109A00100 NUT PLATE ASSY - ELV LE', '1', 'PCE', 7172102, 'PIECE', 1),
(1015, 2, 7172134, '73P5521110A00100', '73P5521110A00100 NUT PLATE ASSY - ELV LE', '1', 'PCE', 7172102, 'PIECE', 1),
(1016, 2, 7172132, '73P5521108A00100', '73P5521108A00100 NUT PLATE ASSY - ELV LH', '1', 'PCE', 7172102, 'PIECE', 1),
(1017, 2, 7172136, '73P5521112A00100', '73P5521112A00100 NUT PLATE ASSY - ELV LE', '1', 'PCE', 7172102, 'PIECE', 1),
(1018, 2, 7172137, '73P5521113A00100', '73P5521113A00100 NUT PLATE ASSY - ELV LE', '1', 'PCE', 7172102, 'PIECE', 1),
(1019, 2, 7172135, '73P5521111A00100', '73P5521111A00100 NUT PLATE ASSY - ELV LE', '1', 'PCE', 7172102, 'PIECE', 1),
(1020, 2, 7172144, '73P5521116A00100', '73P5521116A00100 NUT PLATE ASSY - ELV LE', '1', 'PCE', 7172102, 'PIECE', 1),
(1021, 2, 7172149, '73P5521117A00100', '73P5521117A00100 NUT PLATE ASSY - ELV LE', '1', 'PCE', 7172102, 'PIECE', 1),
(1022, 2, 7172138, '73P5521114A00100', '73P5521114A00100 NUT PLATE ASSY - ELV LE', '1', 'PCE', 7172102, 'PIECE', 1),
(1023, 2, 7172139, '73P5521115A00100', '73P5521115A00100 NUT PLATE ASSY - ELV LE', '1', 'PCE', 7172102, 'PIECE', 1),
(1024, 2, 7172076, '73P5520000R00101', '73P5520000R00101 SEAL - ELEVATOR INBD UP', '1', 'PCE', 7172102, 'PIECE', 1),
(1025, 2, 7172080, '73P5520001R00101', '73P5520001R00101 SEAL - ELEVATOR INBD LO', '1', 'PCE', 7172102, 'PIECE', 1),
(1026, 2, 7172084, '73P5520002R00101', '73P5520002R00101 SEAL - ELEVATOR OUTBD U', '1', 'PCE', 7172102, 'PIECE', 1),
(1027, 2, 7172088, '73P5520003R00101', '73P5520003R00101 SEAL - ELEVATOR OUTBD L', '1', 'PCE', 7172102, 'PIECE', 1),
(1028, 2, 7172092, '73P5520101A00100', '73P5520101A00100 RETAINER ASSY SEAL ELV', '1', 'PCE', 7172102, 'PIECE', 1),
(1029, 2, 7172093, '73P5520102A00100', '73P5520102A00100 RETAINER ASSY SEAL ELV', '1', 'PCE', 7172102, 'PIECE', 1),
(1030, 2, 7172094, '73P5520103A00100', '73P5520103A00100 RETAINER ASSY SEAL - EL', '1', 'PCE', 7172102, 'PIECE', 1),
(1031, 2, 7172095, '73P5520104A00100', '73P5520104A00100 RETAINER ASSY SEAL - EL', '1', 'PCE', 7172102, 'PIECE', 1),
(1032, 2, 5037832, '2604', 'OBTURATEUR HEYCO 2604', '3', 'PCE', 7172102, 'MATIERE', 1),
(1033, 2, 5037835, '3005', 'OBTURATEUR HEYCO 3005', '4', 'PCE', 7172102, 'MATIERE', 1),
(1034, 2, 5037837, '2714', 'OBTURATEUR HEYCO 2714 (BLANC)', '1', 'PCE', 7172102, 'MATIERE', 1),
(1035, 2, 5037834, '2684', 'OBTURATEUR HEYCO 2684', '21', 'PCE', 7172102, 'MATIERE', 1),
(1036, 2, 5037836, '3009', 'OBTURATEUR HEYCO 3009', '1', 'PCE', 7172102, 'MATIERE', 1),
(1037, 2, 5037833, '2644', 'OBTURATEUR HEYCO 2644', '2', 'PCE', 7172102, 'MATIERE', 1),
(1038, 2, 5037872, 'GAN11GN2', 'PLAQUETTE GULFSTRAM GAN11GN2', '1', 'PCE', 7172102, 'MATIERE', 1),
(1039, 2, 5048965, 'GAB510FA10C10', 'BOLT F/100 MS24694 GAB510FA10C10', '7', 'PCE', 7172102, 'MATIERE', 1),
(1040, 2, 5048965, 'GAB510FA10C10', 'BOLT F/100 MS24694 GAB510FA10C10', '7', 'PCE', 7172102, 'MATIERE', 1),
(1041, 2, 5048966, 'GAB510FA10C11', 'BOLT F/100 MS24694 GAB510FA10C11', '4', 'PCE', 7172102, 'MATIERE', 1),
(1042, 2, 5048966, 'GAB510FA10C11', 'BOLT F/100 MS24694 GAB510FA10C11', '8', 'PCE', 7172102, 'MATIERE', 1),
(1043, 2, 5048967, 'GAB510FA10C12', 'BOLT F/100 MS24694 GAB510FA10C12', '3', 'PCE', 7172102, 'MATIERE', 1),
(1044, 2, 5048967, 'GAB510FA10C12', 'BOLT F/100 MS24694 GAB510FA10C12', '7', 'PCE', 7172102, 'MATIERE', 1),
(1045, 2, 5048968, 'GAB510FA10C13', 'BOLT F/100 MS24694 GAB510FA10C13', '2', 'PCE', 7172102, 'MATIERE', 1),
(1046, 2, 5034833, 'GAB510GT6B4', 'VIS F/130 GAB510GT6B4', '132', 'PCE', 7172102, 'MATIERE', 1),
(1047, 2, 5034833, 'GAB510GT6B4', 'VIS F/130 GAB510GT6B4', '134', 'PCE', 7172102, 'MATIERE', 1),
(1048, 2, 5048943, 'GAB510GT6B5', 'VIS F/130 GAB510GT6B5', '14', 'PCE', 7172102, 'MATIERE', 1),
(1049, 2, 5036301, 'NAS1919C04S02U', 'RIVET AVEUGLE CYL BOMB NAS1919C04S02U', '2', 'PCE', 7172102, 'MATIERE', 1),
(1050, 2, 5048943, 'GAB510GT6B5', 'VIS F/130 GAB510GT6B5', '10', 'PCE', 7172102, 'MATIERE', 1),
(1051, 2, 5048944, 'GAB510GT6B6', 'VIS F/130 GAB510GT6B6', '1', 'PCE', 7172102, 'MATIERE', 1),
(1052, 2, 5048944, 'GAB510GT6B6', 'VIS F/130 GAB510GT6B6', '1', 'PCE', 7172102, 'MATIERE', 1),
(1053, 2, 5048945, 'GAB510GT6B7', 'VIS F/130 GAB510GT6B7', '3', 'PCE', 7172102, 'MATIERE', 1),
(1054, 2, 5048945, 'GAB510GT6B7', 'VIS F/130 GAB510GT6B7', '3', 'PCE', 7172102, 'MATIERE', 1),
(1055, 2, 5048946, 'GAB510GT8B4', 'VIS F/130 GAB510GT8B4', '3', 'PCE', 7172102, 'MATIERE', 1),
(1056, 2, 5048946, 'GAB510GT8B4', 'VIS F/130 GAB510GT8B4', '3', 'PCE', 7172102, 'MATIERE', 1),
(1057, 2, 5048947, 'GAB510GT8B5', 'VIS F/130 GAB510GT8B5', '7', 'PCE', 7172102, 'MATIERE', 1),
(1058, 2, 5048947, 'GAB510GT8B5', 'VIS F/130 GAB510GT8B5', '5', 'PCE', 7172102, 'MATIERE', 1),
(1059, 2, 5048948, 'GAB510GT8B6', 'VIS F/130 GAB510GT8B6', '2', 'PCE', 7172102, 'MATIERE', 1),
(1060, 2, 5048948, 'GAB510GT8B6', 'VIS F/130 GAB510GT8B6', '2', 'PCE', 7172102, 'MATIERE', 1),
(1061, 2, 5048949, 'GAB510GT8B7', 'VIS F/130 GAB510GT8B7', '2', 'PCE', 7172102, 'MATIERE', 1),
(1062, 2, 5048949, 'GAB510GT8B7', 'VIS F/130 GAB510GT8B7', '2', 'PCE', 7172102, 'MATIERE', 1),
(1063, 2, 5048870, 'GAB511AB6B3', 'BOLT PROTRUDING TI GAB511AB6B3', '3', 'PCE', 7172102, 'MATIERE', 1),
(1064, 2, 5048884, 'GAF510Y08-150', 'RIVET AVEUGLE A-FN GAF510Y08-150', '12', 'PCE', 7172102, 'MATIERE', 1),
(1065, 2, 5034832, 'GAF510Y08-200', 'RIVET AVEUGLE A-FN GAF510Y08-200', '16', 'PCE', 7172102, 'MATIERE', 1),
(1066, 2, 5048885, 'GAF510Y08-250', 'RIVET AVEUGLE A-FN GAF510Y08-250', '20', 'PCE', 7172102, 'MATIERE', 1),
(1067, 2, 5048877, 'GAF510Y3-150', 'RIVET AVEUGLE A-FN GAF510Y3-150', '6', 'PCE', 7172102, 'MATIERE', 1),
(1068, 2, 5048878, 'GAF510Y3-200', 'RIVET AVEUGLE A-FN GAF510Y3-200', '15', 'PCE', 7172102, 'MATIERE', 1),
(1069, 2, 5048879, 'GAF510Y3-250', 'RIVET AVEUGLE A-FN GAF510Y3-250', '1', 'PCE', 7172102, 'MATIERE', 1),
(1070, 2, 5034831, 'GAF510Y3-300', 'RIVET AVEUGLE A-FN GAF510Y3-300', '11', 'PCE', 7172102, 'MATIERE', 1),
(1071, 2, 5048880, 'GAF510Y3-350', 'RIVET AVEUGLE A-FN GAF510Y3-350', '18', 'PCE', 7172102, 'MATIERE', 1),
(1072, 2, 5048881, 'GAF510Y3-400', 'RIVET AVEUGLE A-FN GAF510Y3-400', '14', 'PCE', 7172102, 'MATIERE', 1),
(1073, 2, 5036983, 'GAF511AC3-200', 'RIVET AVEUGLE F/130 A-FN GAF511AC3-200', '108', 'PCE', 7172102, 'MATIERE', 1),
(1074, 2, 5036984, 'GAF511AC3-250', 'RIVET AVEUGLE F/130 A-FN GAF511AC3-250', '32', 'PCE', 7172102, 'MATIERE', 1),
(1075, 2, 5036985, 'GAF511AC3-300', 'RIVET AVEUGLE F/130 A-FN GAF511AC3-300', '4', 'PCE', 7172102, 'MATIERE', 1),
(1076, 2, 5036985, 'GAF511AC3-300', 'RIVET AVEUGLE F/130 A-FN GAF511AC3-300', '30', 'PCE', 7172102, 'MATIERE', 1),
(1077, 2, 5035839, 'GAN510AA6', 'ECROU COLLERETTE HEX GAN510AA6', '3', 'PCE', 7172102, 'MATIERE', 1),
(1078, 2, 5035839, 'GAN510AA6', 'ECROU COLLERETTE HEX GAN510AA6', '149', 'PCE', 7172102, 'MATIERE', 1),
(1079, 2, 5035839, 'GAN510AA6', 'ECROU COLLERETTE HEX GAN510AA6', '148', 'PCE', 7172102, 'MATIERE', 1),
(1080, 2, 5035840, 'GAN510AA8', 'ECROU COLLERETTE HEX GAN510AA8', '10', 'PCE', 7172102, 'MATIERE', 1),
(1081, 2, 5035840, 'GAN510AA8', 'ECROU COLLERETTE HEX GAN510AA8', '8', 'PCE', 7172102, 'MATIERE', 1),
(1082, 2, 5035891, 'GAN512NB3', 'ECRO B HEX BAS GAN512NB3', '1', 'PCE', 7172102, 'MATIERE', 1),
(1083, 2, 5050377, 'GAN512NB4', 'ECRO B HEX BAS GAN512NB4', '4', 'PCE', 7172102, 'MATIERE', 1),
(1084, 2, 5050377, 'GAN512NB4', 'ECRO B HEX BAS GAN512NB4', '4', 'PCE', 7172102, 'MATIERE', 1),
(1085, 2, 5050325, 'GAN512NC5', 'ECRO H HAUT A CRENEAUX GAN512NC5', '16', 'PCE', 7172102, 'MATIERE', 1),
(1086, 2, 5050325, 'GAN512NC5', 'ECRO H HAUT A CRENEAUX GAN512NC5', '22', 'PCE', 7172102, 'MATIERE', 1),
(1087, 2, 5036682, 'MS20605R3W2', 'RIVET AVEUGLE F/100 MS20605R3W2', '2', 'PCE', 7172102, 'MATIERE', 1),
(1088, 2, 5037280, 'NAS1149D1165K', 'RONDELLE PLATE NAS1149D1165K', '9', 'PCE', 7172102, 'MATIERE', 1),
(1089, 2, 5037279, 'NAS1149DN816K', 'RONDELLE PLATE NAS1149DN816K', '18', 'PCE', 7172102, 'MATIERE', 1),
(1090, 2, 5037249, 'NAS1169C516L', 'RONDELLE CUVETTE NAS1169C516L', '4', 'PCE', 7172102, 'MATIERE', 1),
(1091, 2, 5036054, 'NAS1791C3-4', 'ECROU A-FN DP NAS1791C3-4', '1', 'PCE', 7172102, 'MATIERE', 1),
(1092, 2, 5050148, 'NAS5310', 'VIS TORX F/130  NAS5310V3A7', '171', 'PCE', 7172102, 'MATIERE', 1),
(1093, 2, 5037321, 'NAS620C10L', 'RONDELLE PLATE NAS620C10L', '131', 'PCE', 7172102, 'MATIERE', 1),
(1094, 2, 5037321, 'NAS620C10L', 'RONDELLE PLATE NAS620C10L', '134', 'PCE', 7172102, 'MATIERE', 1),
(1095, 2, 5037322, 'NAS620C416L', 'RONDELLE PLATE NAS620C416L', '3', 'PCE', 7172102, 'MATIERE', 1),
(1096, 2, 5037322, 'NAS620C416L', 'RONDELLE PLATE NAS620C416L', '3', 'PCE', 7172102, 'MATIERE', 1),
(1097, 2, 5035552, 'NAS8702-4', 'VIS F/100 RDIT NAS8702-4', '22', 'PCE', 7172102, 'MATIERE', 1),
(1098, 2, 5035553, 'NAS8702-5', 'VIS F/100 RDIT NAS8702-5', '10', 'PCE', 7172102, 'MATIERE', 1),
(1099, 2, 5038543, 'MIL-PRF-81733TY4-12', 'PROD  JOINT FRANCAIS PR870C12 SEMKIT654', '4', 'USC', 7172102, 'MATIERE', 1),
(1100, 2, 5048244, 'CB200-40', 'STRUCTURAL ADHESIVE CLICK BOND CB200-40', '0,250', 'USC', 7172102, 'MATIERE', 1),
(1101, 2, 5048093, 'PS870B', 'MAST PR PS870B 2 SEMKIT 655', '2', 'USC', 7172102, 'MATIERE', 1),
(1102, 2, 5048270, 'GAA100AC1', 'COLLE CHO-BOND 1038', '0,200', 'USC', 7172102, 'MATIERE', 1),
(1103, 2, 5048094, 'PR1440B1/2', 'MAST PR 1440B 1/2 SEMKIT 655', '1', 'USC', 7172102, 'MATIERE', 1),
(1104, 2, 5048073, 'GAP111W4', 'PRIMAIRE ADHESION PR188', '0,250', 'USC', 7172102, 'MATIERE', 1),
(1105, 2, 5048126, '', 'BASE GMS5006  01X059-01-X-059C', '0,250', 'USC', 7172102, 'MATIERE', 1),
(1106, 2, 5048049, 'PR-2050W B-1/2', 'MAST PR-2050W B-1/2 SEMKIT 655', '3', 'USC', 7172102, 'MATIERE', 1),
(1107, 2, 5051155, 'GAF511AC3-400', 'RIVET AVEUGLE F/130 A-FN GAF511AC3-400', '4', 'PCE', 7172102, 'MATIERE', 1),
(1108, 2, 5048886, 'GAF510Y08-300', 'RIVET AVEUGLE A-FN GAF510Y08-300', '2', 'PCE', 7172102, 'MATIERE', 1),
(1109, 2, 5088776, 'GAF510Y08-350', 'RIVET AVEUGLE A-FN GAF510Y08-350', '2', 'PCE', 7172102, 'MATIERE', 1),
(1110, 2, 5088775, 'MIL-PRF-81733', 'MAST PR PS870B1/2 SEMKIT 655', '2', 'PCE', 7172102, 'MATIERE', 1),
(1111, 2, 5088778, 'GAF510Y08-400', 'RIVET AVEUGLE A-FN GAF510Y08-400', '2', 'PCE', 7172102, 'MATIERE', 1),
(1112, 2, 5048882, 'GAF510Y3-450', 'RIVET AVEUGLE A-FN GAF510Y3-450', '4', 'PCE', 7172102, 'MATIERE', 1),
(1113, 2, 5036986, 'GAF511AC3-350', 'RIVET AVEUGLE F/130 A-FN GAF511AC3-350', '4', 'PCE', 7172102, 'MATIERE', 1),
(1114, 0, 7259753, '73PTEST', 'ELEVATOR LH', '1', 'PCE', NULL, 'ORDO', 1);

-- --------------------------------------------------------

--
-- Structure de la table `t_nom_traca`
--

CREATE TABLE `t_nom_traca` (
  `ID` int(11) NOT NULL,
  `ID_FAC` int(11) NOT NULL,
  `GROUPE` int(11) DEFAULT NULL,
  `ARTICLE` int(11) NOT NULL,
  `TYPE_TRACA` text NOT NULL,
  `INSTRUCTIONS` text NOT NULL,
  `IMAGE` text DEFAULT NULL,
  `DATE_AJOUT` datetime DEFAULT current_timestamp(),
  `DATE_SUPPRESSION` datetime DEFAULT NULL
) ENGINE=InnoDB DEFAULT CHARSET=utf8mb4 COMMENT='Liste des traca à effectuer. ';

--
-- Déchargement des données de la table `t_nom_traca`
--

INSERT INTO `t_nom_traca` (`ID`, `ID_FAC`, `GROUPE`, `ARTICLE`, `TYPE_TRACA`, `INSTRUCTIONS`, `IMAGE`, `DATE_AJOUT`, `DATE_SUPPRESSION`) VALUES
(500, 1, 221, 7172102, 'Controle', 'Vérifier que les hinges ne présentent pas d\'impact ou de peinture sur les joints', 'FAC_ST2.jpg', '2020-12-14 10:55:03', NULL),
(501, 3, 221, 7172102, 'Controle', 'Vérifier que le spar ne présente pas d impact', '', '2020-12-14 10:55:03', NULL),
(502, 4, 221, 7172102, 'Controle', 'Attester de la pose des masquages hinge et spar', '', '2020-12-14 10:55:03', NULL),
(503, 5, 221, 7172102, 'Controle', 'Contrôler les alésages  et fraisures des LE skins upper. Diamètre des alésages : .199in - .202in. Valeurs diatest : 9.4 min - 9.6 max', '', '2020-12-14 10:55:03', NULL),
(504, 6, 221, 7172102, 'Controle', 'Contrôler les alésages  et fraisures des LE skins upper. Diamètre des alésages : .199in - .202in. Valeurs diatest : 9.4 min - 9.6 max', '', '2020-12-14 10:55:03', NULL),
(505, 7, 221, 7172102, 'Controle', 'Valider l arasage des fixations GAF511AB', '', '2020-12-14 10:55:03', NULL),
(506, 8, 221, 7172102, 'Matiere', 'Tracabilité de la retouche alodine', '', '2020-12-14 10:55:03', NULL),
(507, 9, 221, 7172102, 'Controle', 'Contrôler les alésages  et fraisures des fixations TE/box upper. Diamètre des alésages : .165in - .168in. Valeurs diatest : 8.15 min - 8.35 max', '', '2020-12-14 10:55:03', NULL),
(508, 10, 221, 7172102, 'Controle', 'Contrôler les alésages  et fraisures des fixations TE/box lower. Diamètre des alésages : .165in - .168in. Valeurs diatest : 8.15 min - 8.35 max', '', '2020-12-14 10:55:03', NULL),
(509, 11, 221, 7172102, 'Controle', 'Contrôler les alésages  et fraisures des fixations TE/straps upper. Diamètre des alésages : .165in - .168in. Valeurs diatest : 8.15 min - 8.35 max', '', '2020-12-14 10:55:03', NULL),
(510, 12, 221, 7172102, 'Controle', 'Contrôler les alésages  et fraisures des fixations TE/closing ribs IB upper. Diamètre des alésages : .165in - .168in. Valeurs diatest : 8.15 min - 8.35 max', '', '2020-12-14 10:55:03', NULL),
(511, 13, 221, 7172102, 'Controle', 'Contrôler les alésages  et fraisures des fixations TE/closing ribs IB lower. Diamètre des alésages : .165in - .168in. Valeurs diatest : 8.15 min - 8.35 max', '', '2020-12-14 10:55:04', NULL),
(512, 14, 221, 7172102, 'Controle', 'Contrôler les alésages  et fraisures des fixations TE/closing ribs OUTB upper. Diamètre des alésages : .165in - .168in. Valeurs diatest : 8.15 min - 8.35 max', '', '2020-12-14 10:55:04', NULL),
(513, 15, 221, 7172102, 'Controle', 'Contrôler les alésages  et fraisures des fixations TE/closing ribs OUTB lower. Diamètre des alésages : .165in - .168in. Valeurs diatest : 8.15 min - 8.35 max', '', '2020-12-14 10:55:04', NULL),
(514, 1, 222, 7172102, 'Controle', 'Contrôle des alésages de la rib 1. 3 alésages .191in /4.86mm. 4 alésages .166in /4.23mm', '', '2020-12-14 10:55:04', NULL),
(515, 3, 222, 7172102, 'Controle', 'Contrôle des alésages de la rib 2. 3 alésages .201in /5.1mm', '', '2020-12-14 10:55:04', NULL),
(516, 4, 222, 7172102, 'Controle', 'Contrôle des alésages de la rib 3 et spar. 6 alésages .201in /5.1mm', '', '2020-12-14 10:55:04', NULL),
(517, 5, 222, 7172102, 'Controle', 'Contrôle des alésages de la rib 4 et spar. 9 alésages .201in /5.1mm', '', '2020-12-14 10:55:04', NULL),
(518, 6, 222, 7172102, 'Controle', 'Contrôle des alésages de la rib 5. 2 alésages .166in /4.23mm', '', '2020-12-14 10:55:04', NULL),
(519, 7, 222, 7172102, 'Controle', 'Contrôle des alésages de la rib 6. 4 alésages .166in /4.23mm', '', '2020-12-14 10:55:04', NULL),
(520, 8, 222, 7172102, 'Controle', 'Contrôle des alésages de la rib 7. 4 alésages .166in /4.23mm', '', '2020-12-14 10:55:04', NULL),
(521, 9, 222, 7172102, 'Controle', 'Contrôle des alésages de la rib 8 et spar. 4 alésages .166in /4.23mm', '', '2020-12-14 10:55:04', NULL),
(522, 10, 222, 7172102, 'Controle', 'Contrôle des alésages de la rib 9. 2 alésages .166in /4.23mm', '', '2020-12-14 10:55:04', NULL),
(523, 11, 222, 7172102, 'Controle', 'Contrôle des alésages de la rib 10. 2 alésages .166in /4.23mm', '', '2020-12-14 10:55:04', NULL),
(524, 12, 222, 7172102, 'Controle', 'Contrôle des alésages de la rib 11 et spar. 2 alésages .166in /4.23mm', '', '2020-12-14 10:55:04', NULL),
(525, 13, 222, 7172102, 'Controle', 'Contrôle des alésages de la rib 12 et spar. 2 alésages .166in /4.23mm', '', '2020-12-14 10:55:04', NULL),
(526, 14, 222, 7172102, 'Controle', 'Contrôle des alésages du HINGE 1. 15 alésages .201in /5.1mm', '', '2020-12-14 10:55:04', NULL),
(527, 15, 222, 7172102, 'Controle', 'Contrôle des alésages du HINGE 2. 16 alésages .201in /5.1mm', '', '2020-12-14 10:55:04', NULL),
(528, 16, 222, 7172102, 'Controle', 'Contrôle des alésages du HINGE 3. 16 alésages .201in /5.1mm', '', '2020-12-14 10:55:04', NULL),
(529, 17, 222, 7172102, 'Controle', 'Contrôle des alésages du HINGE 4 et spar. 10 alésages .166in /4.23mm', '', '2020-12-14 10:55:04', NULL),
(530, 18, 222, 7172102, 'Controle', 'Contrôle des alésages du HINGE 5. 8  alésages .166in /4.23mm', '', '2020-12-14 10:55:04', NULL),
(531, 19, 222, 7172102, 'Controle', 'Contrôle des alésages du HINGE 6. 4  alésages .166in /4.23mm', '', '2020-12-14 10:55:04', NULL),
(532, 1, 223, 7172102, 'Controle', 'Vérifier l absence de bavure et l aspect des alésages sous les clips et le spar', '', '2020-12-14 10:55:04', NULL),
(533, 3, 223, 7172102, 'Matiere', 'Tracabilité de la résine de bordurage si retouche d écaillage', '', '2020-12-14 10:55:04', NULL),
(534, 4, 223, 7172102, 'Controle', 'Contrôle et nettoyage des FOD dans les cloisons', '', '2020-12-14 10:55:04', NULL),
(535, 5, 223, 7172102, 'Controle', 'Attester de la pose des pastilles sur les trous de visite', '', '2020-12-14 10:55:04', NULL),
(536, 6, 223, 7172102, 'Controle', 'Vérifier l absence de copeaux et la qualité des alésages hinge, LE ribs et spar.', '', '2020-12-14 10:55:04', NULL),
(537, 7, 223, 7172102, 'Controle', 'Contrôle dimensionnel des 6 alésages de visite Ø19.5 +-0.75mm', '', '2020-12-14 10:55:04', NULL),
(538, 8, 223, 7172102, 'Matiere', 'Tracabilité des produits lors du remontage des hinges', '', '2020-12-14 10:55:04', NULL),
(539, 9, 223, 7172102, 'Matiere', 'Tracabilité des produits lors du remontage des ribs', '', '2020-12-14 10:55:04', NULL),
(540, 1, 224, 7172102, 'Controle', 'Controler la pose des fixations des ribs et des hinges', '', '2020-12-14 10:55:04', NULL),
(541, 3, 224, 7172102, 'Matiere', 'Tracabilité du PR pour le montage humide des fixations', '', '2020-12-14 10:55:04', NULL),
(542, 1, 225, 7172102, 'Controle', 'Controler la pose des fixations entre le spar et la box en UPPER', '', '2020-12-14 10:55:04', NULL),
(543, 3, 225, 7172102, 'Matiere', 'Tracabilité du PR pour le montage humide des fixations en UPPER', '', '2020-12-14 10:55:04', NULL),
(544, 4, 225, 7172102, 'Controle', 'Controler la pose des fixations entre le spar et la box en LOWER', '', '2020-12-14 10:55:04', NULL),
(545, 5, 225, 7172102, 'Matiere', 'Tracabilité du PR pour le montage humide des fixations en LOWER', '', '2020-12-14 10:55:04', NULL),
(546, 1, 226, 7172102, 'Matiere', 'Tracabilité des produit collage des radius blocks en UPPER', '', '2020-12-14 10:55:04', NULL),
(547, 3, 226, 7172102, 'Matiere', 'Tracabilité des produit collage des radius blocks en LOWER', '', '2020-12-14 10:55:04', NULL),
(548, 1, 227, 7172102, 'Controle', 'Controler les zones de métallisation. Dérochage du bronze. Dérochage des rondelles. Dérochage des têtes de fixation. Présence de la réserve de peinture sur les hinge. Profondeur des fraisures', '', '2020-12-14 10:55:04', NULL),
(549, 1, 228, 7172102, 'OF', 'Scanner les articles suivants', '', '2020-12-14 10:56:27', NULL),
(550, 3, 228, 7172102, 'Matiere', 'Tracabilité des produits d interposition', '', '2020-12-14 10:56:27', NULL),
(551, 1, 229, 7259751, 'Matiere', 'Faire ça', '', '2021-01-04 13:12:55', NULL);

-- --------------------------------------------------------

--
-- Structure de la table `t_nom_traca_autocontrole`
--

CREATE TABLE `t_nom_traca_autocontrole` (
  `ID` int(11) NOT NULL,
  `ID TRACA` int(11) NOT NULL,
  `NeedTool` tinyint(1) NOT NULL,
  `OUTILLAGE` int(11) NOT NULL,
  `ROLE` int(11) NOT NULL
) ENGINE=InnoDB DEFAULT CHARSET=utf8mb4;

--
-- Déchargement des données de la table `t_nom_traca_autocontrole`
--

INSERT INTO `t_nom_traca_autocontrole` (`ID`, `ID TRACA`, `NeedTool`, `OUTILLAGE`, `ROLE`) VALUES
(152, 500, 1, 26, 3),
(153, 501, 1, 26, 3),
(154, 502, 1, 26, 3),
(155, 503, 1, 19, 3),
(156, 503, 1, 6, 3),
(157, 504, 1, 19, 3),
(158, 504, 1, 6, 3),
(159, 505, 1, 26, 3),
(160, 507, 1, 17, 3),
(161, 507, 1, 6, 3),
(162, 508, 1, 17, 3),
(163, 508, 1, 6, 3),
(164, 509, 1, 17, 3),
(165, 509, 1, 6, 3),
(166, 510, 1, 17, 3),
(167, 510, 1, 6, 3),
(168, 511, 1, 17, 3),
(169, 511, 1, 6, 3),
(170, 512, 1, 17, 3),
(171, 512, 1, 6, 3),
(172, 513, 1, 17, 3),
(173, 513, 1, 6, 3),
(174, 514, 1, 18, 3),
(175, 514, 1, 17, 3),
(176, 515, 1, 19, 3),
(177, 516, 1, 19, 3),
(178, 517, 1, 19, 3),
(179, 518, 1, 17, 3),
(180, 519, 1, 17, 3),
(181, 520, 1, 17, 3),
(182, 521, 1, 17, 3),
(183, 522, 1, 17, 3),
(184, 523, 1, 17, 3),
(185, 524, 1, 17, 3),
(186, 525, 1, 17, 3),
(187, 526, 1, 19, 3),
(188, 527, 1, 19, 3),
(189, 528, 1, 19, 3),
(190, 529, 1, 17, 3),
(191, 530, 1, 17, 3),
(192, 531, 1, 17, 3),
(193, 532, 1, 26, 1),
(194, 534, 1, 26, 3),
(195, 535, 1, 26, 3),
(196, 536, 1, 26, 1),
(197, 537, 1, 12, 3),
(198, 540, 1, 26, 3),
(199, 542, 1, 26, 3),
(200, 544, 1, 26, 3),
(201, 548, 1, 26, 3);

-- --------------------------------------------------------

--
-- Structure de la table `t_nom_traca_group`
--

CREATE TABLE `t_nom_traca_group` (
  `ID` int(11) NOT NULL,
  `ARTICLE` int(11) NOT NULL,
  `DESCRIPTION` text NOT NULL,
  `ORDRE` int(11) NOT NULL,
  `ID_GROUP` text NOT NULL
) ENGINE=InnoDB DEFAULT CHARSET=utf8mb4;

--
-- Déchargement des données de la table `t_nom_traca_group`
--

INSERT INTO `t_nom_traca_group` (`ID`, `ARTICLE`, `DESCRIPTION`, `ORDRE`, `ID_GROUP`) VALUES
(221, 7172102, 'LH_Finition ST1 et préparation ST2', 1, 'ASS301'),
(222, 7172102, 'LH_Percage spar web', 2, 'ASS302'),
(223, 7172102, 'LH_Inspection match drilling et agrandissement des trous de visite', 3, 'ASS303'),
(224, 7172102, 'LH_Fixations spar web', 4, 'ASS304'),
(225, 7172102, 'LH_Fixations spar box', 5, 'ASS305'),
(226, 7172102, 'LH_Raduis blocks', 6, 'ASS306'),
(227, 7172102, 'LH_Preparation des rondelles cuvettes', 7, 'ASS307'),
(228, 7172102, 'LH_Fipseal et montage des nutplates', 14, 'ASS314'),
(229, 7259751, 'TEST', 1, 'TE');

-- --------------------------------------------------------

--
-- Structure de la table `t_nom_traca_matiere`
--

CREATE TABLE `t_nom_traca_matiere` (
  `ID` int(11) NOT NULL,
  `ID TRACA` int(11) NOT NULL,
  `ARTICLE` int(11) NOT NULL
) ENGINE=InnoDB DEFAULT CHARSET=utf8mb4;

--
-- Déchargement des données de la table `t_nom_traca_matiere`
--

INSERT INTO `t_nom_traca_matiere` (`ID`, `ID TRACA`, `ARTICLE`) VALUES
(120, 506, 38),
(121, 533, 39),
(122, 533, 40),
(123, 538, 30),
(124, 538, 27),
(125, 539, 30),
(126, 539, 27),
(127, 541, 27),
(128, 543, 27),
(129, 545, 27),
(130, 546, 32),
(131, 546, 27),
(132, 547, 32),
(133, 547, 27),
(134, 550, 27),
(135, 550, 33),
(136, 551, 38);

-- --------------------------------------------------------

--
-- Structure de la table `t_nom_traca_of`
--

CREATE TABLE `t_nom_traca_of` (
  `ID` int(11) NOT NULL,
  `ID TRACA` int(11) NOT NULL,
  `ARTICLE` int(11) NOT NULL,
  `QUANTITE` int(11) NOT NULL
) ENGINE=InnoDB DEFAULT CHARSET=utf8mb4;

--
-- Déchargement des données de la table `t_nom_traca_of`
--

INSERT INTO `t_nom_traca_of` (`ID`, `ID TRACA`, `ARTICLE`, `QUANTITE`) VALUES
(143, 549, 7172112, 1),
(144, 549, 7172115, 1),
(145, 549, 7172124, 1),
(146, 549, 7172125, 1),
(147, 549, 7172126, 1),
(148, 549, 7172129, 1),
(149, 549, 7172130, 1),
(150, 549, 7172131, 1),
(151, 549, 7172132, 1),
(152, 549, 7172133, 1),
(153, 549, 7172134, 1),
(154, 549, 7172135, 1),
(155, 549, 7172136, 1),
(156, 549, 7172137, 1),
(157, 549, 7172138, 1),
(158, 549, 7172139, 1),
(159, 549, 7172144, 1),
(160, 549, 7172149, 1);

-- --------------------------------------------------------

--
-- Structure de la table `t_program`
--

CREATE TABLE `t_program` (
  `ID` int(11) NOT NULL,
  `Manufacturer` varchar(30) NOT NULL,
  `Program_Name` varchar(45) DEFAULT NULL
) ENGINE=InnoDB DEFAULT CHARSET=utf8mb4;

--
-- Déchargement des données de la table `t_program`
--

INSERT INTO `t_program` (`ID`, `Manufacturer`, `Program_Name`) VALUES
(1, 'GULFSTREAM', 'ELEVATOR G600'),
(2, 'GULFSTREAM', 'ELEVATOR G500'),
(3, 'AIRBUS', 'MLGD A350'),
(4, 'GULFSTREAM', 'WINGLET'),
(5, 'AIRBUS', 'H160'),
(6, 'GULFSTREAM', 'MLGD G500'),
(7, 'GULFSTREAM', 'MLGD G600');

-- --------------------------------------------------------

--
-- Structure de la table `t_ref`
--

CREATE TABLE `t_ref` (
  `ID` int(11) NOT NULL,
  `numArticleSap` int(11) NOT NULL COMMENT 'numéro de l''article dans SAP',
  `desArticleSap` tinytext NOT NULL COMMENT 'Désignation de l''article dans SAP',
  `kit?` tinyint(1) NOT NULL COMMENT 'Est-ce un kit ? (oui / non)',
  `desSimplifee` tinytext NOT NULL COMMENT 'Désignation simplifiée pour affichage',
  `otMoulage` mediumint(9) NOT NULL COMMENT 'Numéro de l''outillage servant à mouler la pièce. Vide si kit.',
  `numArticlePSO` varchar(40) CHARACTER SET utf8 NOT NULL COMMENT 'Ancien numéro d''article SAP',
  `SECTEUR` varchar(20) CHARACTER SET utf8 NOT NULL
) ENGINE=InnoDB DEFAULT CHARSET=utf8mb4 COMMENT='Table des refs permettant de lier à l''outillage.';

--
-- Déchargement des données de la table `t_ref`
--

INSERT INTO `t_ref` (`ID`, `numArticleSap`, `desArticleSap`, `kit?`, `desSimplifee`, `otMoulage`, `numArticlePSO`, `SECTEUR`) VALUES
(1, 7172107, '73P5520GMS4018-2 2 PLY GLASS SHIM', 0, '2 PLY GLASS SHIM', 90032, '73P5520GMS4018-2', 'COMPOSITE'),
(2, 7172108, '73P5520GMS4018-3 3 PLY GLASS SHIM', 0, '3 PLY GLASS SHIM', 90032, '73P5520GMS4018-3', 'COMPOSITE'),
(3, 7172109, '73P5520GMS4018-4 4 PLY GLASS SHIM', 0, '4 PLY GLASS SHIM', 90032, '73P5520GMS4018-4', 'COMPOSITE'),
(4, 7172110, '73P5520GMS4018-5 5 PLY GLASS SHIM', 0, '5 PLY GLASS SHIM', 90032, '73P5520GMS4018-5', 'COMPOSITE'),
(5, 7172111, '73P5520GMS4018-6 6 PLY GLASS SHIM', 0, '6 PLY GLASS SHIM', 90032, '73P5520GMS4018-6', 'COMPOSITE'),
(6, 7172117, '73P5521101C00325 EB LE UPR 101 LH', 0, 'EBAUCHE LEADING EDGE UPPER 101 LH', 95900, '73P5521101C00325', 'COMPOSITE'),
(7, 7172119, '73P5521101C00425 EB LE UPR 101 RH', 0, 'EBAUCHE LEADING EDGE UPPER 101 RH', 95901, '73P5521101C00425', 'COMPOSITE'),
(8, 7172141, '73P5521115C00325 EB LE UPR 115 LH', 0, 'EBAUCHE LEADING EDGE UPPER 115 LH', 95900, '73P5521115C00325', 'COMPOSITE'),
(9, 7172143, '73P5521115C00425 EB LE UPR 115 RH', 0, 'EBAUCHE LEADING EDGE UPPER 115 RH', 95901, '73P5521115C00425', 'COMPOSITE'),
(10, 7172146, '73P5521116C00325 EB LE UPR 116 LH', 0, 'EBAUCHE LEADING EDGE UPPER 116 LH', 95900, '73P5521116C00325', 'COMPOSITE'),
(11, 7172148, '73P5521116C00425 EB LE UPR 116 RH', 0, 'EBAUCHE LEADING EDGE UPPER 116 RH', 95901, '73P5521116C00425', 'COMPOSITE'),
(12, 7172157, '73P5521120C00325 EB LE LWR 120 LH', 0, 'EBAUCHE LEADING EDGE LOWER 120 LH', 95898, '73P5521120C00325', 'COMPOSITE'),
(13, 7172159, '73P5521120C00425 EB LE LWR 120 RH', 0, 'EBAUCHE LEADING EDGE LOWER 120 RH', 95899, '73P5521120C00425', 'COMPOSITE'),
(14, 7172165, '73P5521122C00325 EB LE LWR 122 LH', 0, 'EBAUCHE LEADING EDGE LOWER 122 LH', 95898, '73P5521122C00325', 'COMPOSITE'),
(15, 7172167, '73P5521122C00425 EB LE LWR 122 RH', 0, 'EBAUCHE LEADING EDGE LOWER 122 RH', 95899, '73P5521122C00425', 'COMPOSITE'),
(16, 7172170, '73P5521123C00325 EB LE LWR 123 LH', 0, 'EBAUCHE LEADING EDGE LOWER 123 LH', 95898, '73P5521123C00325', 'COMPOSITE'),
(17, 7172172, '73P5521123C00425 EB LE LWR 123 RH', 0, 'EBAUCHE LEADING EDGE LOWER 123 RH', 95899, '73P5521123C00425', 'COMPOSITE'),
(18, 7172174, '73P5521124C00325 EB LE LWR 124 LH', 0, 'EBAUCHE LEADING EDGE LOWER 124 LH', 95898, '73P5521124C00325', 'COMPOSITE'),
(19, 7172176, '73P5521124C00425 EB LE LWR 124 RH', 0, 'EBAUCHE LEADING EDGE LOWER 124 RH', 95899, '73P5521124C00425', 'COMPOSITE'),
(20, 7172180, '73P5521126C00325 EB LE LWR 126 LH', 0, 'EBAUCHE LEADING EDGE UPPER 126 LH', 95898, '73P5521126C00325', 'COMPOSITE'),
(21, 7172182, '73P5521126C00425 EB LE LWR 126 RH', 0, 'EBAUCHE LEADING EDGE LOWER 126 RH', 95899, '73P5521126C00425', 'COMPOSITE'),
(22, 7172185, '73P5521129C00500 PANEL - LE UPR 129 LH', 0, 'LEADING EDGE IML 129 LH', 95902, '73P5521129C00500', 'COMPOSITE'),
(23, 7172186, '73P5521129C00600 PANEL - LE UPR 129 RH', 0, 'LEADING EDGE IML 129 RH', 95902, '73P5521129C00600', 'COMPOSITE'),
(24, 7172190, '73P5521130C00500 PANEL - LE UPR 130 LH', 0, 'LEADING EDGE IML 130 LH', 95902, '73P5521130C00500', 'COMPOSITE'),
(25, 7172191, '73P5521130C00600 PANEL - LE UPR 130 RH', 0, 'LEADING EDGE IML 130 RH', 95902, '73P5521130C00600', 'COMPOSITE'),
(26, 7172192, '73P5521131C00500 PANEL - LE UPR 131 LH', 0, 'LEADING EDGE IML 131 LH', 95902, '73P5521131C00500', 'COMPOSITE'),
(27, 7172193, '73P5521131C00600 PANEL - LE UPR 131 RH', 0, 'LEADING EDGE IML 131 RH', 95902, '73P5521131C00600', 'COMPOSITE'),
(28, 7172195, '73P5521132C00325 EB LE UPR 132 LH', 0, 'EBAUCHE LEADING EDGE UPPER 132 LH', 95900, '73P5521132C00325', 'COMPOSITE'),
(29, 7172197, '73P5521132C00425 EB LE UPR 132 RH', 0, 'EBAUCHE LEADING EDGE UPPER 132 RH', 95901, '73P5521132C00425', 'COMPOSITE'),
(30, 7172198, '73P5521133C00500 PANEL - LE LWR 133 LH', 0, 'LEADING EDGE IML 133 LH', 95902, '73P5521133C00500', 'COMPOSITE'),
(31, 7172199, '73P5521133C00600 PANEL - LE LWR 133 RH', 0, 'LEADING EDGE IML 133 RH', 95902, '73P5521133C00600', 'COMPOSITE'),
(32, 7172202, '73P5521135C00500 PANEL - LE LWR 135 LH', 0, 'LEADING EDGE IML 135 LH', 95902, '73P5521135C00500', 'COMPOSITE'),
(33, 7172203, '73P5521135C00600 PANEL - LE LWR 135 RH', 0, 'LEADING EDGE IML 135 RH', 95902, '73P5521135C00600', 'COMPOSITE'),
(34, 7172204, '73P5521136C00500 PANEL - LE LWR 136 LH', 0, 'LEADING EDGE IML 136 LH', 95902, '73P5521136C00500', 'COMPOSITE'),
(35, 7172205, '73P5521136C00600 PANEL - LE LWR 136 RH', 0, 'LEADING EDGE IML 136 RH', 95902, '73P5521136C00600', 'COMPOSITE'),
(36, 7172217, '73P5521142C00325 EB LE UPR 142 LH', 0, 'EBAUCHE LEADING EDGE UPPER 142 LH', 95900, '73P5521142C00325', 'COMPOSITE'),
(37, 7172219, '73P5521142C00425 EB LE UPR 142 RH', 0, 'EBAUCHE LEADING EDGE UPPER 142 RH', 95901, '73P5521142C00425', 'COMPOSITE'),
(38, 7172242, '73P5522000C00301 BOX ASSY - ELEVATOR, LH', 0, 'BOX LH', 95847, '73P5522000C00301', 'COMPOSITE'),
(41, 7172249, '73P5522103C00101 SKIN ELEVATOR - TE INBD', 0, 'TRAILING EDGE INBOARD LH', 95896, '73P5522103C00101', 'COMPOSITE'),
(42, 7172250, '73P5522103C00201 SKIN - ELEVATOR TE INBD', 0, 'TRAILING EDGE INBOARD RH', 95897, '73P5522103C00201', 'COMPOSITE'),
(43, 7172253, '73P5522104C00101 SKIN - ELEVATOR TE MID', 0, 'TRAILING EDGE MIDDLE LH', 95896, '73P5522104C00101', 'COMPOSITE'),
(44, 7172254, '73P5522104C00201 SKIN - ELEVATOR TE MID', 0, 'TRAILING EDGE MIDDLE RH', 95897, '73P5522104C00201', 'COMPOSITE'),
(45, 7172255, '73P5522105C00101 SKIN - ELEVATOR TE OUTB', 0, 'TRAILING EDGE OUTBOARD LH', 95896, '73P5522105C00101', 'COMPOSITE'),
(46, 7172256, '73P5522105C00201 SKIN - ELEVATOR TE OUTB', 0, 'TRAILING EDGE OUTBOARD RH', 95897, '73P5522105C00201', 'COMPOSITE'),
(47, 7172266, '73P5522108C00125 EBAUCHE STRAPS LH', 0, 'EBAUCHE STRAP LH', 95904, '73P5522108C00125', 'COMPOSITE'),
(48, 7172268, '73P5522108C00225 EBAUCHE STRAPS RH', 0, 'EBAUCHE STRAP RH', 95904, '73P5522108C00225', 'COMPOSITE'),
(49, 7172275, '73P5522300C00501 CO-CURED BOX RH', 0, 'BOX RH', 95848, '73P5522300C00501', 'COMPOSITE'),
(52, 7172295, '73P5522501C00301 SPAR - ELEVATOR FWD SYM', 0, 'FWD SPAR LH', 95895, '73P5522501C00301', 'COMPOSITE'),
(53, 7172296, '73P5522501C00401 SPAR - ELEVATOR FWD SYM', 0, 'FWD SPAR RH', 95895, '73P5522501C00401', 'COMPOSITE'),
(54, 7172300, '73P5522502C00301 RIB - ELEVATOR CLOSING', 0, 'CLOSING RIB LH', 95903, '73P5522502C00301', 'COMPOSITE'),
(55, 7172301, '73P5522502C00401 RIB - ELEVATOR CLOSING', 0, 'CLOSING RIB RH', 95903, '73P5522502C00401', 'COMPOSITE'),
(56, 7172308, '73P5522506C00125 EBAUCHE CLIP 506 LH-RH', 0, 'EBAUCHE CLIP 506', 95905, '73P5522506C00125', 'COMPOSITE'),
(57, 7172313, '73P5522510C00125 EBAUCHE CLIP 510 LH-RH', 0, 'EBAUCHE CLIP 510', 95905, '73P5522510C00125', 'COMPOSITE'),
(58, 7172315, '73P5522513C00125 EBAUCHE CLIP 513 LH-RH', 0, 'EBAUCHE CLIP 513', 95905, '73P5522513C00125', 'COMPOSITE'),
(59, 7172317, '73P5522514C00125 EBAUCHE CLIP 514 LH-RH', 0, 'EBAUCHE CLIP 514', 95905, '73P5522514C00125', 'COMPOSITE'),
(62, 7252043, '73P5522105LHVROUTTE KIT VERRE OUTBOARD T', 1, 'KIT VERRE TRAILING EDGE OUTBOARD LH', 95896, '', 'COMPOSITE'),
(63, 7172251, '73P5522103LHCUTE KIT CUIVRE TRAILING EDG', 1, 'KIT CUIVRE TRAILING EDGE LH', 95896, '', 'COMPOSITE'),
(64, 7172324, 'SBS SPECIMEN', 0, 'KIT CARBONE SBS', 0, '', 'COMPOSITE'),
(65, 7252044, '73P5522105RHVROUTTE KIT VERRE OUTBOARD T', 1, 'KIT VERRE TRAILING EDGE OUTBOARD RH', 95897, '73P5522105RHVROUTTE ', 'COMPOSITE'),
(66, 7172252, '73P5522103RHCUTE KIT CUIVRE TRAILING EDG', 1, 'KIT CUIVRE TRAILING EDGE RH', 95897, '73P5522103RHCUTE', 'COMPOSITE'),
(67, 7252048, '73P5522501LHVRSPAR KIT VERRE FWD SPAR LH', 1, 'KIT VERRE FWD SPAR LH', 95895, '73P5522501LHVRSPAR', 'COMPOSITE'),
(68, 7252045, '73P5522501RHVRSPAR KIT VERRE FWD SPAR RH', 1, 'KIT VERRE FWD SPAR RH', 95895, '73P5522501RHVRSPAR', 'COMPOSITE'),
(69, 7172189, '73P5521129VRLEIML KIT VERRE LEANDING EDG', 1, 'KIT VERRE LEADING EDGE IML', 95902, '73P5521129VRLEIML', 'COMPOSITE'),
(70, 7172188, '73P5521129SFLEIML KIT SURFACE LEANDING E', 1, 'KIT SURFACE LEADING EDGE IML', 95902, '73P5521129SFLEIML', 'COMPOSITE'),
(71, 7172303, '73P5522502LHVRCLORIB KIT VERRE CLOSING R', 1, 'KIT VERRE CLOSING RIB LH', 95903, '73P5522502LHVRCLORIB', 'COMPOSITE'),
(72, 7172302, '73P5522502LHSFCLOR KIT SURF CLO RIB G600', 1, 'KIT SURFACE CLOSING RIB LH', 95903, '73P5522502LHSFCLOR', 'COMPOSITE'),
(73, 7172120, '73P5521101LHCULEUP KIT CUIVRE LEADING ED	\r\n', 1, 'KIT CUIVRE LEADING EDGE UPPER LH', 95900, '73P5521101LHCULEUP', 'COMPOSITE'),
(74, 7172121, '73P5521101LHVRLEUP KIT VERRE LEADING EDG', 1, 'KIT VERRE LEADING EDGE UPPER LH', 95900, '73P5521101LHVRLEUP', 'COMPOSITE'),
(75, 7172122, '73P5521101RHCULEUP KIT CUIVRE LE RH G600 ED \r\n', 1, 'KIT CUIVRE LEADING EDGE UPPER RH', 95901, '73P5521101RHCULEUP', 'COMPOSITE'),
(76, 7251966, '73P5521101RHCULEUP KIT CUIVRE LEADING EDD \r\n', 1, 'KIT CUIVRE LEADING EDGE UPPER RH', 95901, '73P5521101RHCULEUP', 'COMPOSITE'),
(77, 7172123, '73P5521101RHVRLEUP KIT VERRE LEADING EDG \r\n', 1, 'KIT VERRE LEADING EDGE UPPER RH', 95901, '73P5521101RHVRLEUP', 'COMPOSITE'),
(78, 7251967, '73P5521101RHVRLEUP KIT VERRE LEADING EDG \r\n', 1, 'KIT VERRE LEADING EDGE UPPER RH', 95901, '73P5521101RHVRLEUP', 'COMPOSITE'),
(79, 7172271, '73P5522120LHSFLELO KIT SURFACING FILM LE \r\n', 1, 'KIT SURFACE LEADING EDGE LOWER LH', 95898, '73P5522120LHSFLELO', 'COMPOSITE'),
(80, 7172272, '73P5522120LHVRLELO KIT VERRE LEADING EDG \r\n', 1, 'KIT VERRE LEADING EDGE LOWER LH', 95898, '73P5522120LHVRLELO', 'COMPOSITE'),
(81, 7172273, '73P5522120RHSFLELO KIT SURF LELO RH G600 \r\n', 1, 'KIT SURFACE LEADING EDGE LOWER RH', 95899, '73P5522120RHSFLELO', 'COMPOSITE'),
(82, 7252046, '73P5522120RHSFLELO KIT SURFACING FILM LE \r\n', 1, 'KIT SURFACE LEADING EDGE LOWER RH', 95899, '73P5522120RHSFLELO', 'COMPOSITE'),
(83, 7172274, '73P5522120RHVRLELO KIT VERRE LEADING EDG \r\n', 1, 'KIT VERRE LEADING EDGE LOWER RH', 95899, '73P5522120RHVRLELO', 'COMPOSITE'),
(84, 7252047, '73P5522120RHVRLELO KIT VERRE LEADING EDG \r\n', 1, 'KIT VERRE LEADING EDGE LOWER RH', 95899, '73P5522120RHVRLELO', 'COMPOSITE'),
(85, 7172246, '73P5522000BFBOX KIT FM 300M BOX\r\n', 1, 'KIT FM300M BOX', 0, '73P5522000BFBOX ', 'COMPOSITE'),
(88, 7252041, '73P5522000BFBOX KIT FM300M BOX', 1, 'KIT FM300M BOX', 95847, '73P5522000BFBOX', 'COMPOSITE'),
(89, 7172243, '73P5522000LHBFBOX KIT FM 300M BOX', 1, 'KIT FM300M BOX LH', 95847, '73P5522000LHBFBOX', 'COMPOSITE'),
(90, 7172244, '73P5522000LHCUBOX KIT CUIVRE BOX LH G600', 1, 'KIT CUIVRE BOX LH', 95847, '73P5522000LHCUBOX', 'COMPOSITE'),
(91, 7251968, '73P5522000LHCUBOX KIT FM300 ECS BOX LH', 1, 'KIT CUIVRE BOX LH', 95847, '73P5522000LHCUBOX', 'COMPOSITE'),
(92, 7172245, '73P5522000LHVRBOX KIT VERRE BOX LH', 1, 'KIT VERRE BOX LH', 95847, '73P5522000LHVRBOX', 'COMPOSITE'),
(93, 7251969, '73P5522000LHVRBOX KIT VERRE BOX LH', 1, 'KIT VERRE BOX LH', 95847, '73P5522000LHVRBOX', 'COMPOSITE'),
(94, 7172247, '73P5522000RHCUBOX KIT CUIVRE BOX RH G600', 1, 'KIT CUIVRE BOX RH', 95848, '73P5522000RHCUBOX', 'COMPOSITE'),
(95, 7252040, '73P5522000RHCUBOX KIT FM300 ECS BOX RH', 1, 'KIT CUIVRE BOX RH', 95848, '73P5522000RHCUBOX', 'COMPOSITE'),
(96, 7172248, '73P5522000RHVRBOX KIT VERRE BOX RH', 1, 'KIT VERRE BOX RH', 95848, '73P5522000RHVRBOX', 'COMPOSITE'),
(97, 7252042, '73P5522000RHVRBOX KIT VERRE BOX RH', 1, 'KIT VERRE BOX RH', 95848, '73P5522000RHVRBOX', 'COMPOSITE'),
(149, 7172056, '72P5523313M00100 RADIUS BLOCK', 0, '72P5523313M00100 RADIUS BLOCK', 0, '72P5523313M00100', 'ASSEMBLAGE COMPOSITE'),
(150, 7172057, '72P5523314M00100 RADIUS BLOCK', 0, '72P5523314M00100 RADIUS BLOCK', 0, '72P5523314M00100', 'ASSEMBLAGE COMPOSITE'),
(151, 7172058, '72P5523322M00100 RADIUS BLOCK', 0, '72P5523322M00100 RADIUS BLOCK', 0, '72P5523322M00100', 'ASSEMBLAGE COMPOSITE'),
(152, 7172325, '73P5523001S00100 WASHER DIMPLED 130 DEG', 0, '73P5523001S00100 WASHER DIMPLED 130 DEG', 0, '73P5523001S00100', 'ASSEMBLAGE COMPOSITE'),
(153, 7172336, '73P5523313M00100 RADIUS BLOCK', 0, '73P5523313M00100 RADIUS BLOCK', 0, '73P5523313M00100', 'ASSEMBLAGE COMPOSITE'),
(154, 7172045, '72P5523002S00100 WASHER DIMPLED 130 DEG', 0, '72P5523002S00100 WASHER DIMPLED 130 DEG', 0, '72P5523002S00100', 'ASSEMBLAGE COMPOSITE'),
(155, 7172115, '73P5521101A00100 NUT PLATE ASSY - ELV LE', 0, '73P5521101A00100 NUT PLATE ASSY - ELV LE', 0, '73P5521101A00100', 'ASSEMBLAGE COMPOSITE'),
(156, 7172112, '73P5521100A00100 NUT PLATE ASSY - ELV LE', 0, '73P5521100A00100 NUT PLATE ASSY - ELV LE', 0, '73P5521100A00100', 'ASSEMBLAGE COMPOSITE'),
(157, 7172125, '73P5521103A00100 NUT PLATE ASSY - ELV LE', 0, '73P5521103A00100 NUT PLATE ASSY - ELV LE', 0, '73P5521103A00100', 'ASSEMBLAGE COMPOSITE'),
(158, 7172129, '73P5521105A00100 NUT PLATE ASSY - ELV LE', 0, '73P5521105A00100 NUT PLATE ASSY - ELV LE', 0, '73P5521105A00100', 'ASSEMBLAGE COMPOSITE'),
(159, 7172131, '73P5521107A00100 NUT PLATE ASSY - ELV LE', 0, '73P5521107A00100 NUT PLATE ASSY - ELV LE', 0, '73P5521107A00100', 'ASSEMBLAGE COMPOSITE'),
(160, 7172124, '73P5521102A00100 NUT PLATE ASSY - ELV LE', 0, '73P5521102A00100 NUT PLATE ASSY - ELV LE', 0, '73P5521102A00100', 'ASSEMBLAGE COMPOSITE'),
(161, 7172126, '73P5521104A00100 NUT PLATE ASSY - ELV LE', 0, '73P5521104A00100 NUT PLATE ASSY - ELV LE', 0, '73P5521104A00100', 'ASSEMBLAGE COMPOSITE'),
(162, 7172130, '73P5521106A00100 NUT PLATE ASSY - ELV LE', 0, '73P5521106A00100 NUT PLATE ASSY - ELV LE', 0, '73P5521106A00100', 'ASSEMBLAGE COMPOSITE'),
(163, 7172133, '73P5521109A00100 NUT PLATE ASSY - ELV LE', 0, '73P5521109A00100 NUT PLATE ASSY - ELV LE', 0, '73P5521109A00100', 'ASSEMBLAGE COMPOSITE'),
(164, 7172134, '73P5521110A00100 NUT PLATE ASSY - ELV LE', 0, '73P5521110A00100 NUT PLATE ASSY - ELV LE', 0, '73P5521110A00100', 'ASSEMBLAGE COMPOSITE'),
(165, 7172132, '73P5521108A00100 NUT PLATE ASSY - ELV LH', 0, '73P5521108A00100 NUT PLATE ASSY - ELV LH', 0, '73P5521108A00100', 'ASSEMBLAGE COMPOSITE'),
(166, 7172136, '73P5521112A00100 NUT PLATE ASSY - ELV LE', 0, '73P5521112A00100 NUT PLATE ASSY - ELV LE', 0, '73P5521112A00100', 'ASSEMBLAGE COMPOSITE'),
(167, 7172137, '73P5521113A00100 NUT PLATE ASSY - ELV LE', 0, '73P5521113A00100 NUT PLATE ASSY - ELV LE', 0, '73P5521113A00100', 'ASSEMBLAGE COMPOSITE'),
(168, 7172135, '73P5521111A00100 NUT PLATE ASSY - ELV LE', 0, '73P5521111A00100 NUT PLATE ASSY - ELV LE', 0, '73P5521111A00100', 'ASSEMBLAGE COMPOSITE'),
(169, 7172144, '73P5521116A00100 NUT PLATE ASSY - ELV LE', 0, '73P5521116A00100 NUT PLATE ASSY - ELV LE', 0, '73P5521116A00100', 'ASSEMBLAGE COMPOSITE'),
(170, 7172149, '73P5521117A00100 NUT PLATE ASSY - ELV LE', 0, '73P5521117A00100 NUT PLATE ASSY - ELV LE', 0, '73P5521117A00100', 'ASSEMBLAGE COMPOSITE'),
(171, 7172138, '73P5521114A00100 NUT PLATE ASSY - ELV LE', 0, '73P5521114A00100 NUT PLATE ASSY - ELV LE', 0, '73P5521114A00100', 'ASSEMBLAGE COMPOSITE'),
(172, 7172139, '73P5521115A00100 NUT PLATE ASSY - ELV LE', 0, '73P5521115A00100 NUT PLATE ASSY - ELV LE', 0, '73P5521115A00100', 'ASSEMBLAGE COMPOSITE'),
(173, 7172076, '73P5520000R00101 SEAL - ELEVATOR INBD UP', 0, '73P5520000R00101 SEAL - ELEVATOR INBD UP', 0, '73P5520000R00101', 'ASSEMBLAGE COMPOSITE'),
(174, 7172080, '73P5520001R00101 SEAL - ELEVATOR INBD LO', 0, '73P5520001R00101 SEAL - ELEVATOR INBD LO', 0, '73P5520001R00101', 'ASSEMBLAGE COMPOSITE'),
(175, 7172084, '73P5520002R00101 SEAL - ELEVATOR OUTBD U', 0, '73P5520002R00101 SEAL - ELEVATOR OUTBD U', 0, '73P5520002R00101', 'ASSEMBLAGE COMPOSITE'),
(176, 7172088, '73P5520003R00101 SEAL - ELEVATOR OUTBD L', 0, '73P5520003R00101 SEAL - ELEVATOR OUTBD L', 0, '73P5520003R00101', 'ASSEMBLAGE COMPOSITE'),
(177, 7172092, '73P5520101A00100 RETAINER ASSY SEAL ELV', 0, '73P5520101A00100 RETAINER ASSY SEAL ELV', 0, '73P5520101A00100', 'ASSEMBLAGE COMPOSITE'),
(178, 7172093, '73P5520102A00100 RETAINER ASSY SEAL ELV', 0, '73P5520102A00100 RETAINER ASSY SEAL ELV', 0, '73P5520102A00100', 'ASSEMBLAGE COMPOSITE'),
(179, 7172094, '73P5520103A00100 RETAINER ASSY SEAL - EL', 0, '73P5520103A00100 RETAINER ASSY SEAL - EL', 0, '73P5520103A00100', 'ASSEMBLAGE COMPOSITE'),
(180, 7172095, '73P5520104A00100 RETAINER ASSY SEAL - EL', 0, '73P5520104A00100 RETAINER ASSY SEAL - EL', 0, '73P5520104A00100', 'ASSEMBLAGE COMPOSITE'),
(264, 7172187, '73P5521129CULEIML KIT CUIVRE LEANDING ED', 1, '73P5521129CULEIML KIT CUIVRE LEANDING ED', 0, '73P5521129CULEIML', 'COMPOSITE'),
(286, 7245594, 'KIT041MATAAP200101 KIT COMPACTAGE POINCO', 1, 'KIT041MATAAP200101 KIT COMPACTAGE POINCO', 0, 'KIT041MATAAP200101', 'COMPOSITE'),
(293, 7263193, '73P5522108C00125 EBAUCHE STRAPS LH', 0, '73P5522108C00125 EBAUCHE STRAPS LH', 0, '73P5522108C00125', 'COMPOSITE'),
(300, 7172304, '73P5522503C00100 CLIP - ELV FRONT SPAR H', 0, '73P5522503C00100 CLIP - ELV FRONT SPAR H', 0, '73P5522503C00100', 'ASSEMBLAGE COMPOSITE'),
(301, 7172305, '73P5522504C00100 CLIP - ELV FRONT SPAR H', 0, '73P5522504C00100 CLIP - ELV FRONT SPAR H', 0, '73P5522504C00100', 'ASSEMBLAGE COMPOSITE'),
(302, 7172306, '73P5522505C00100 CLIP - ELV FRONT SPAR H', 0, '73P5522505C00100 CLIP - ELV FRONT SPAR H', 0, '73P5522505C00100', 'ASSEMBLAGE COMPOSITE'),
(303, 7172307, '73P5522506C00100 CLIP - ELV FRONT SPAR H', 0, '73P5522506C00100 CLIP - ELV FRONT SPAR H', 0, '73P5522506C00100', 'ASSEMBLAGE COMPOSITE'),
(304, 7172309, '73P5522507C00100 CLIP - ELV FRONT SPAR H', 0, '73P5522507C00100 CLIP - ELV FRONT SPAR H', 0, '73P5522507C00100', 'ASSEMBLAGE COMPOSITE'),
(305, 7172310, '73P5522508C00100 CLIP - ELV FRONT SPAR H', 0, '73P5522508C00100 CLIP - ELV FRONT SPAR H', 0, '73P5522508C00100', 'ASSEMBLAGE COMPOSITE'),
(306, 7172311, '73P5522509C00100 CLIP - ELV FRONT SPAR H', 0, '73P5522509C00100 CLIP - ELV FRONT SPAR H', 0, '73P5522509C00100', 'ASSEMBLAGE COMPOSITE'),
(307, 7172312, '73P5522510C00100 CLIP - ELV FRONT SPAR H', 0, '73P5522510C00100 CLIP - ELV FRONT SPAR H', 0, '73P5522510C00100', 'ASSEMBLAGE COMPOSITE'),
(308, 7172314, '73P5522513C00100 CLIP - ELV FRONT SPAR H', 0, '73P5522513C00100 CLIP - ELV FRONT SPAR H', 0, '73P5522513C00100', 'ASSEMBLAGE COMPOSITE'),
(309, 7172316, '73P5522514C00100 CLIP - ELV FRONT SPAR H', 0, '73P5522514C00100 CLIP - ELV FRONT SPAR H', 0, '73P5522514C00100', 'ASSEMBLAGE COMPOSITE'),
(311, 7172200, '73P5521134C00500 PANEL ACCESS - ELV LE H', 0, '73P5521134C00500 PANEL ACCESS - ELV LE H', 0, '73P5521134C00500', 'ASSEMBLAGE COMPOSITE'),
(312, 7172127, '73P5521104C00500 PANEL ACCESS - ELV LE H', 0, '73P5521104C00500 PANEL ACCESS - ELV LE H', 0, '73P5521104C00500', 'ASSEMBLAGE COMPOSITE'),
(313, 7172183, '73P5521128C00500 PANEL ACCESS - ELV LE H', 0, '73P5521128C00500 PANEL ACCESS - ELV LE H', 0, '73P5521128C00500', 'ASSEMBLAGE COMPOSITE'),
(320, 7172153, '73P5521119C00500 PANEL ACCESS - ELV LE H', 0, '73P5521119C00500 PANEL ACCESS - ELV LE H', 0, '73P5521119C00500', 'ASSEMBLAGE COMPOSITE'),
(321, 7172210, '73P5521139C00500 PANEL ACCESS - ELV LE H', 0, '73P5521139C00500 PANEL ACCESS - ELV LE H', 0, '73P5521139C00500', 'ASSEMBLAGE COMPOSITE'),
(322, 7172113, '73P5521100C00500 PANEL ACCESS - ELV LE H', 0, '73P5521100C00500 PANEL ACCESS - ELV LE H', 0, '73P5521100C00500', 'ASSEMBLAGE COMPOSITE'),
(323, 7172151, '73P5521118C00500 PANEL ACCESS- ELV LE H', 0, '73P5521118C00500 PANEL ACCESS- ELV LE H', 0, '73P5521118C00500', 'ASSEMBLAGE COMPOSITE'),
(324, 7172212, '73P5521140C00500 PANEL ACCESS- ELV LE H', 0, '73P5521140C00500 PANEL ACCESS- ELV LE H', 0, '73P5521140C00500', 'ASSEMBLAGE COMPOSITE'),
(325, 7172177, '73P5521125C00500 PANEL ACCESS - ELV LE H', 0, '73P5521125C00500 PANEL ACCESS - ELV LE H', 0, '73P5521125C00500', 'ASSEMBLAGE COMPOSITE'),
(326, 7172206, '73P5521137C00500 PANEL ACCESS - ELV LE H', 0, '73P5521137C00500 PANEL ACCESS - ELV LE H', 0, '73P5521137C00500', 'ASSEMBLAGE COMPOSITE'),
(327, 7172208, '73P5521138C00500 PANEL ACCESS - ELV LE H', 0, '73P5521138C00500 PANEL ACCESS - ELV LE H', 0, '73P5521138C00500', 'ASSEMBLAGE COMPOSITE'),
(328, 7172161, '73P5521121C00500 PANEL ACCESS - ELV LE H', 0, '73P5521121C00500 PANEL ACCESS - ELV LE H', 0, '73P5521121C00500', 'ASSEMBLAGE COMPOSITE'),
(329, 7172214, '73P5521141C00500 PANEL ACCESS - ELV LE H', 0, '73P5521141C00500 PANEL ACCESS - ELV LE H', 0, '73P5521141C00500', 'ASSEMBLAGE COMPOSITE'),
(330, 7172282, '73P5522303S00100 BRACKET GROUNDING - SYM', 0, '73P5522303S00100 BRACKET GROUNDING - SYM', 0, '73P5522303S00100', 'ASSEMBLAGE COMPOSITE'),
(331, 7172284, '73P5522304S00100 BRACKET GROUNDING - SYM', 0, '73P5522304S00100 BRACKET GROUNDING - SYM', 0, '73P5522304S00100', 'ASSEMBLAGE COMPOSITE'),
(332, 7172285, '73P5522304S00200 BRACKET GROUNDING - SYM', 0, '73P5522304S00200 BRACKET GROUNDING - SYM', 0, '73P5522304S00200', 'ASSEMBLAGE COMPOSITE'),
(333, 7172292, '73P5522341S00100 BRACKET GROUNDING - SYM', 0, '73P5522341S00100 BRACKET GROUNDING - SYM', 0, '73P5522341S00100', 'ASSEMBLAGE COMPOSITE'),
(334, 7172220, '73P5521300A00500 RIB ASSY - ELV LH N1BLH', 0, '73P5521300A00500 RIB ASSY - ELV LH N1BLH', 0, '73P5521300A00500', 'ASSEMBLAGE COMPOSITE'),
(335, 7172221, '73P5521302A00300 RIB ASSY - ELV LH N1GLH', 0, '73P5521302A00300 RIB ASSY - ELV LH N1GLH', 0, '73P5521302A00300', 'ASSEMBLAGE COMPOSITE'),
(336, 7172222, '73P5521302M00300 RIB - ELV LH N1D SYMMLH', 0, '73P5521302M00300 RIB - ELV LH N1D SYMMLH', 0, '73P5521302M00300', 'ASSEMBLAGE COMPOSITE'),
(337, 7172224, '73P5521303A00300 RIB ASSY - ELV LE H N3B', 0, '73P5521303A00300 RIB ASSY - ELV LE H N3B', 0, '73P5521303A00300', 'ASSEMBLAGE COMPOSITE'),
(338, 7172225, '73P5521304A00300 RIB ASSY - ELV LH N3D L', 0, '73P5521304A00300 RIB ASSY - ELV LH N3D L', 0, '73P5521304A00300', 'ASSEMBLAGE COMPOSITE'),
(339, 7172226, '73P5521305A00300 RIB ASSY - ELV LE H N4B', 0, '73P5521305A00300 RIB ASSY - ELV LE H N4B', 0, '73P5521305A00300', 'ASSEMBLAGE COMPOSITE'),
(340, 7172227, '73P5521306A00300 RIB ASSY - ELV LE H N4D', 0, '73P5521306A00300 RIB ASSY - ELV LE H N4D', 0, '73P5521306A00300', 'ASSEMBLAGE COMPOSITE'),
(341, 7172228, '73P5521307A00100 RIB ASSY - ELV LE H N5B', 0, '73P5521307A00100 RIB ASSY - ELV LE H N5B', 0, '73P5521307A00100', 'ASSEMBLAGE COMPOSITE'),
(342, 7172229, '73P5521309A00100 RIB ASSY - ELV LE H N5D', 0, '73P5521309A00100 RIB ASSY - ELV LE H N5D', 0, '73P5521309A00100', 'ASSEMBLAGE COMPOSITE'),
(343, 7172230, '73P5521309M00100 RIB - ELEVATOR LE HINGE', 0, '73P5521309M00100 RIB - ELEVATOR LE HINGE', 0, '73P5521309M00100', 'ASSEMBLAGE COMPOSITE'),
(344, 7172232, '73P5521310A00100 RIB ASSY - ELEVATOR LE', 0, '73P5521310A00100 RIB ASSY - ELEVATOR LE', 0, '73P5521310A00100', 'ASSEMBLAGE COMPOSITE'),
(345, 7172290, '73P5522339A00300 RIB ASSY - ELEVATOR CLO', 0, '73P5522339A00300 RIB ASSY - ELEVATOR CLO', 0, '73P5522339A00300', 'ASSEMBLAGE COMPOSITE'),
(347, 7172259, '73P5522106C00101 STRAP-ELEV TE OUTBD UPR', 0, '73P5522106C00101 STRAP-ELEV TE OUTBD UPR', 0, '73P5522106C00101', 'ASSEMBLAGE COMPOSITE'),
(348, 7172263, '73P5522107C00101 STRAP - ELEVATOR TE OUT', 0, '73P5522107C00101 STRAP - ELEVATOR TE OUT', 0, '73P5522107C00101', 'ASSEMBLAGE COMPOSITE'),
(349, 7172265, '73P5522108C00101 STRAP - ELEVATOR TE INB', 0, '73P5522108C00101 STRAP - ELEVATOR TE INB', 0, '73P5522108C00101', 'ASSEMBLAGE COMPOSITE'),
(350, 7172269, '73P5522109C00101 STRAP - ELEVATOR TE INB', 0, '73P5522109C00101 STRAP - ELEVATOR TE INB', 0, '73P5522109C00101', 'ASSEMBLAGE COMPOSITE'),
(365, 7172280, '73P5522303M00100 RIB - ELEVATOR CLOSING', 0, '73P5522303M00100 RIB - ELEVATOR CLOSING', 0, '73P5522303M00100', 'ASSEMBLAGE COMPOSITE'),
(366, 7172326, '73P5523300A00100 FITTING ASSY - ELEVATOR', 0, '73P5523300A00100 FITTING ASSY - ELEVATOR', 0, '73P5523300A00100', 'ASSEMBLAGE COMPOSITE'),
(367, 7260504, '73P5523301A00101 FITTING ASSY - ELEVATOR', 0, '73P5523301A00101 FITTING ASSY - ELEVATOR', 0, '73P5523301A00101', 'ASSEMBLAGE COMPOSITE'),
(368, 7259608, '73P5523302A00301 FITTING ASSY - ELEVATOR', 0, '73P5523302A00301 FITTING ASSY - ELEVATOR', 0, '73P5523302A00301', 'ASSEMBLAGE COMPOSITE'),
(369, 7172329, '73P5523303A00100 FITTING ASSY - ELEVATOR', 0, '73P5523303A00100 FITTING ASSY - ELEVATOR', 0, '73P5523303A00100', 'ASSEMBLAGE COMPOSITE'),
(370, 7172330, '73P5523304A00100 FITTING ASSY - ELEVATOR', 0, '73P5523304A00100 FITTING ASSY - ELEVATOR', 0, '73P5523304A00100', 'ASSEMBLAGE COMPOSITE'),
(371, 7172338, '73P5523399A00100 FITTING ASSY - ELEVATOR', 0, '73P5523399A00100 FITTING ASSY - ELEVATOR', 0, '73P5523399A00100', 'ASSEMBLAGE COMPOSITE'),
(372, 7172278, '73P5522300S00100 CLIP - ELV CLOSING OUTB', 0, '73P5522300S00100 CLIP - ELV CLOSING OUTB', 0, '73P5522300S00100', 'ASSEMBLAGE COMPOSITE'),
(373, 7172286, '73P5522306S00100 CLIP - ELV FRONT SPAR O', 0, '73P5522306S00100 CLIP - ELV FRONT SPAR O', 0, '73P5522306S00100', 'ASSEMBLAGE COMPOSITE'),
(374, 7172288, '73P5522332S00100 CLIP - ELV CLOSING INBD', 0, '73P5522332S00100 CLIP - ELV CLOSING INBD', 0, '73P5522332S00100', 'ASSEMBLAGE COMPOSITE'),
(376, 7172116, '73P5521101C00301 SKIN - ELV LE RIB 3B-3D', 0, '73P5521101C00301 SKIN - ELV LE RIB 3B-3D', 0, '73P5521101C00301', 'ASSEMBLAGE COMPOSITE'),
(377, 7172140, '73P5521115C00301 SKIN - ELV LE RIB 5B-5D', 0, '73P5521115C00301 SKIN - ELV LE RIB 5B-5D', 0, '73P5521115C00301', 'ASSEMBLAGE COMPOSITE'),
(378, 7172145, '73P5521116C00301 SKIN - ELV LE RIB 4B-4D', 0, '73P5521116C00301 SKIN - ELV LE RIB 4B-4D', 0, '73P5521116C00301', 'ASSEMBLAGE COMPOSITE'),
(379, 7172156, '73P5521120C00301 SKIN - ELV LE RIB 6B LW', 0, '73P5521120C00301 SKIN - ELV LE RIB 6B LW', 0, '73P5521120C00301', 'ASSEMBLAGE COMPOSITE'),
(380, 7172164, '73P5521122C00301 SKIN - ELV LE RIB 5B-5D', 0, '73P5521122C00301 SKIN - ELV LE RIB 5B-5D', 0, '73P5521122C00301', 'ASSEMBLAGE COMPOSITE'),
(381, 7172169, '73P5521123C00301 SKIN - ELV LE RIB 4B-4D', 0, '73P5521123C00301 SKIN - ELV LE RIB 4B-4D', 0, '73P5521123C00301', 'ASSEMBLAGE COMPOSITE'),
(382, 7172173, '73P5521124C00301 SKIN - ELV LE RIB 3B-3D', 0, '73P5521124C00301 SKIN - ELV LE RIB 3B-3D', 0, '73P5521124C00301', 'ASSEMBLAGE COMPOSITE'),
(383, 7172179, '73P5521126C00301 SKIN - ELV LE RIB 1B-1G', 0, '73P5521126C00301 SKIN - ELV LE RIB 1B-1G', 0, '73P5521126C00301', 'ASSEMBLAGE COMPOSITE'),
(384, 7172194, '73P5521132C00301 SKIN - ELV LE UPR OUTBD', 0, '73P5521132C00301 SKIN - ELV LE UPR OUTBD', 0, '73P5521132C00301', 'ASSEMBLAGE COMPOSITE'),
(385, 7172216, '73P5521142C00301 SKIN - ELV LE RIB 1B-1G', 0, '73P5521142C00301 SKIN - ELV LE RIB 1B-1G', 0, '73P5521142C00301', 'ASSEMBLAGE COMPOSITE'),
(391, 7172012, '72P5522338S00500 AMORTISSEUR', 0, '72P5522338S00500 AMORTISSEUR', 0, '72P5522338S00500', 'ASSEMBLAGE COMPOSITE'),
(392, 7172102, '73P552050100101 G600 ELV LH FINITION + P', 0, '73P552050100101 G600 ELV LH FINITION + P', 0, '73P552050100101', 'ASSEMBLAGE COMPOSITE'),
(394, 7172294, '73P552250100001 G600 ELV ARRESTMENT BOX', 0, '73P552250100001 G600 ELV ARRESTMENT BOX', 0, '73P552250100001', 'ASSEMBLAGE COMPOSITE'),
(396, 7259751, '73P552050100002 G600 ELV LH MAIN ASSY', 0, '73P552050100002 G600 ELV LH MAIN ASSY', 0, '73P552050100002', 'ASSEMBLAGE COMPOSITE'),
(416, 7172150, '73P5521118A00100 NUT PLATE ASSY - ELV LE', 0, '73P5521118A00100 NUT PLATE ASSY - ELV LE', 0, '73P5521118A00100', 'ASSEMBLAGE COMPOSITE'),
(417, 7172155, '73P5521120A00100 NUT PLATE ASSY - ELV LE', 0, '73P5521120A00100 NUT PLATE ASSY - ELV LE', 0, '73P5521120A00100', 'ASSEMBLAGE COMPOSITE'),
(418, 7172160, '73P5521121A00100 NUT PLT ASSY - ELV LE H', 0, '73P5521121A00100 NUT PLT ASSY - ELV LE H', 0, '73P5521121A00100', 'ASSEMBLAGE COMPOSITE'),
(419, 7172163, '73P5521122A00100 NUT PLT ASS - ELV LE H', 0, '73P5521122A00100 NUT PLT ASS - ELV LE H', 0, '73P5521122A00100', 'ASSEMBLAGE COMPOSITE'),
(420, 7172168, '73P5521123A00100 NUT PLT ASS ELV LE H N3', 0, '73P5521123A00100 NUT PLT ASS ELV LE H N3', 0, '73P5521123A00100', 'ASSEMBLAGE COMPOSITE'),
(421, 7172078, '73P5520000R00201 SEAL - ELEVATOR, INBD,', 0, '73P5520000R00201 SEAL - ELEVATOR, INBD,', 0, '73P5520000R00201', 'ASSEMBLAGE COMPOSITE'),
(422, 7172082, '73P5520001R00201 SEAL - ELEVATOR INBD LO', 0, '73P5520001R00201 SEAL - ELEVATOR INBD LO', 0, '73P5520001R00201', 'ASSEMBLAGE COMPOSITE'),
(423, 7172086, '73P5520002R00201 SEAL - ELEVATOR OUTBD U', 0, '73P5520002R00201 SEAL - ELEVATOR OUTBD U', 0, '73P5520002R00201', 'ASSEMBLAGE COMPOSITE'),
(424, 7172090, '73P5520003R00201 SEAL - ELEVATOR OUTBD L', 0, '73P5520003R00201 SEAL - ELEVATOR OUTBD L', 0, '73P5520003R00201', 'ASSEMBLAGE COMPOSITE'),
(425, 7172091, '73P5520100A00100 RETAINER ASS SEAL - ELV', 0, '73P5520100A00100 RETAINER ASS SEAL - ELV', 0, '73P5520100A00100', 'ASSEMBLAGE COMPOSITE'),
(426, 7172096, '73P5520105A00100 RETAINER ASS SEAL - ELV', 0, '73P5520105A00100 RETAINER ASS SEAL - ELV', 0, '73P5520105A00100', 'ASSEMBLAGE COMPOSITE'),
(427, 7172097, '73P5520106A00100 RETAINER ASS SEAL - ELV', 0, '73P5520106A00100 RETAINER ASS SEAL - ELV', 0, '73P5520106A00100', 'ASSEMBLAGE COMPOSITE'),
(428, 7172098, '73P5520107A00100 RETAINER ASS SEAL - ELV', 0, '73P5520107A00100 RETAINER ASS SEAL - ELV', 0, '73P5520107A00100', 'ASSEMBLAGE COMPOSITE'),
(486, 7263192, '73P5522108C00225 EBAUCHE STRAPS RH', 0, '73P5522108C00225 EBAUCHE STRAPS RH', 0, '73P5522108C00225', 'COMPOSITE'),
(498, 7172261, '73P5522106C00201 STRAP - ELEVATOR TE OUT', 0, '73P5522106C00201 STRAP - ELEVATOR TE OUT', 0, '73P5522106C00201', 'COMPOSITE'),
(499, 7172264, '73P5522107C00201 STRAP - ELEVATOR TE OUT', 0, '73P5522107C00201 STRAP - ELEVATOR TE OUT', 0, '73P5522107C00201', 'COMPOSITE'),
(500, 7172267, '73P5522108C00201 STRAP - ELEVATOR TE INB', 0, '73P5522108C00201 STRAP - ELEVATOR TE INB', 0, '73P5522108C00201', 'COMPOSITE'),
(501, 7172270, '73P5522109C00201 STRAP - ELEVATOR TE INB', 0, '73P5522109C00201 STRAP - ELEVATOR TE INB', 0, '73P5522109C00201', 'COMPOSITE'),
(512, 7172114, '73P5521100C00600 PANEL ACCESS - ELV LE H', 0, '73P5521100C00600 PANEL ACCESS - ELV LE H', 0, '73P5521100C00600', 'COMPOSITE'),
(513, 7172128, '73P5521104C00600 PANEL ACCESS - ELV LE H', 0, '73P5521104C00600 PANEL ACCESS - ELV LE H', 0, '73P5521104C00600', 'COMPOSITE'),
(514, 7172152, '73P5521118C00600 PANEL ACCESS - ELV LE H', 0, '73P5521118C00600 PANEL ACCESS - ELV LE H', 0, '73P5521118C00600', 'COMPOSITE'),
(515, 7172154, '73P5521119C00600 PANEL ACCESS - ELV LE H', 0, '73P5521119C00600 PANEL ACCESS - ELV LE H', 0, '73P5521119C00600', 'COMPOSITE'),
(516, 7172162, '73P5521121C00600 PANEL ACCESS - ELV LE H', 0, '73P5521121C00600 PANEL ACCESS - ELV LE H', 0, '73P5521121C00600', 'COMPOSITE'),
(517, 7172178, '73P5521125C00600 PANEL ACCESS - ELV LE H', 0, '73P5521125C00600 PANEL ACCESS - ELV LE H', 0, '73P5521125C00600', 'COMPOSITE'),
(518, 7172184, '73P5521128C00600 PANEL ACCESS - ELV LE H', 0, '73P5521128C00600 PANEL ACCESS - ELV LE H', 0, '73P5521128C00600', 'COMPOSITE'),
(523, 7172201, '73P5521134C00600 PANEL ACCESS - ELV LE H', 0, '73P5521134C00600 PANEL ACCESS - ELV LE H', 0, '73P5521134C00600', 'COMPOSITE'),
(526, 7172207, '73P5521137C00600 PANEL ACCESS - ELV LE H', 0, '73P5521137C00600 PANEL ACCESS - ELV LE H', 0, '73P5521137C00600', 'COMPOSITE'),
(527, 7172209, '73P5521138C00600 PANEL ACCESS - ELV LE H', 0, '73P5521138C00600 PANEL ACCESS - ELV LE H', 0, '73P5521138C00600', 'COMPOSITE'),
(528, 7172211, '73P5521139C00600 PANEL ACCESS - ELV LE H', 0, '73P5521139C00600 PANEL ACCESS - ELV LE H', 0, '73P5521139C00600', 'COMPOSITE'),
(529, 7172213, '73P5521140C00600 PANEL ACCESS - ELV LE H', 0, '73P5521140C00600 PANEL ACCESS - ELV LE H', 0, '73P5521140C00600', 'COMPOSITE'),
(530, 7172215, '73P5521141C00600 PANEL ACCESS - ELV LE H', 0, '73P5521141C00600 PANEL ACCESS - ELV LE H', 0, '73P5521141C00600', 'COMPOSITE'),
(531, 7172283, '73P5522303S00200 BRACKETGROUND - SYMM RH', 0, '73P5522303S00200 BRACKETGROUND - SYMM RH', 0, '73P5522303S00200', 'ASSEMBLAGE COMPOSITE'),
(534, 7172293, '73P5522341S00200 BRACKET, GROUNDING - SY', 0, '73P5522341S00200 BRACKET, GROUNDING - SY', 0, '73P5522341S00200', 'ASSEMBLAGE COMPOSITE'),
(535, 7172233, '73P5521311A00300 RIB ASSY - ELEVATOR, LE', 0, '73P5521311A00300 RIB ASSY - ELEVATOR, LE', 0, '73P5521311A00300', 'ASSEMBLAGE COMPOSITE'),
(536, 7172234, '73P5521313A00300 RIB ASSY - ELEVATOR LE', 0, '73P5521313A00300 RIB ASSY - ELEVATOR LE', 0, '73P5521313A00300', 'ASSEMBLAGE COMPOSITE'),
(537, 7172223, '73P5521302M00400 RIB - ELEVATOR, LE H N1', 0, '73P5521302M00400 RIB - ELEVATOR, LE H N1', 0, '73P5521302M00400', 'ASSEMBLAGE COMPOSITE'),
(538, 7172235, '73P5521314A00300 RIB ASSY - ELEVATOR LE,', 0, '73P5521314A00300 RIB ASSY - ELEVATOR LE,', 0, '73P5521314A00300', 'ASSEMBLAGE COMPOSITE'),
(539, 7172236, '73P5521315A00300 RIB ASSY - ELEVATOR LE', 0, '73P5521315A00300 RIB ASSY - ELEVATOR LE', 0, '73P5521315A00300', 'ASSEMBLAGE COMPOSITE'),
(540, 7172237, '73P5521316A00300 RIB ASSY - ELEVATOR LE,', 0, '73P5521316A00300 RIB ASSY - ELEVATOR LE,', 0, '73P5521316A00300', 'ASSEMBLAGE COMPOSITE'),
(541, 7172238, '73P5521317A00300 RIB ASSY - ELEVATOR LE', 0, '73P5521317A00300 RIB ASSY - ELEVATOR LE', 0, '73P5521317A00300', 'ASSEMBLAGE COMPOSITE'),
(542, 7172239, '73P5521318A00100 RIB ASSY - ELEVATOR, LE', 0, '73P5521318A00100 RIB ASSY - ELEVATOR, LE', 0, '73P5521318A00100', 'ASSEMBLAGE COMPOSITE'),
(543, 7172240, '73P5521320A00100 RIB ASSY - ELEVATOR LE', 0, '73P5521320A00100 RIB ASSY - ELEVATOR LE', 0, '73P5521320A00100', 'ASSEMBLAGE COMPOSITE'),
(544, 7172231, '73P5521309M00200 RIB - ELEVATOR, LE, H N', 0, '73P5521309M00200 RIB - ELEVATOR, LE, H N', 0, '73P5521309M00200', 'ASSEMBLAGE COMPOSITE'),
(545, 7172241, '73P5521321A00100 RIB ASSY - ELEVATOR, LE', 0, '73P5521321A00100 RIB ASSY - ELEVATOR, LE', 0, '73P5521321A00100', 'ASSEMBLAGE COMPOSITE'),
(546, 7172291, '73P5522341A00300 RIB ASSY - ELV CLOSING', 0, '73P5522341A00300 RIB ASSY - ELV CLOSING', 0, '73P5522341A00300', 'ASSEMBLAGE COMPOSITE'),
(562, 7172281, '73P5522303M00200 RIB - ELV CLOSING OUTBD', 0, '73P5522303M00200 RIB - ELV CLOSING OUTBD', 0, '73P5522303M00200', 'ASSEMBLAGE COMPOSITE'),
(563, 7172331, '73P5523305A00100 FITTING ASSY, ELEVATOR,', 0, '73P5523305A00100 FITTING ASSY, ELEVATOR,', 0, '73P5523305A00100', 'ASSEMBLAGE COMPOSITE'),
(564, 7260505, '73P5523306A00101 FITTING ASSY, ELV HINGE', 0, '73P5523306A00101 FITTING ASSY, ELV HINGE', 0, '73P5523306A00101', 'ASSEMBLAGE COMPOSITE'),
(565, 7259609, '73P5523307A00301 FITTING ASSY - ELEVATOR', 0, '73P5523307A00301 FITTING ASSY - ELEVATOR', 0, '73P5523307A00301', 'ASSEMBLAGE COMPOSITE'),
(566, 7172334, '73P5523308A00100 FITTING ASSY, ELV HINGE', 0, '73P5523308A00100 FITTING ASSY, ELV HINGE', 0, '73P5523308A00100', 'ASSEMBLAGE COMPOSITE'),
(567, 7172335, '73P5523309A00100 FITTING ASSY, ELV HINGE', 0, '73P5523309A00100 FITTING ASSY, ELV HINGE', 0, '73P5523309A00100', 'ASSEMBLAGE COMPOSITE'),
(568, 7172337, '73P5523340A00100 FITTING ASSY - ELV HING', 0, '73P5523340A00100 FITTING ASSY - ELV HING', 0, '73P5523340A00100', 'ASSEMBLAGE COMPOSITE'),
(569, 7172279, '73P5522300S00200 CLIP - ELV CLOS OUTBD A', 0, '73P5522300S00200 CLIP - ELV CLOS OUTBD A', 0, '73P5522300S00200', 'ASSEMBLAGE COMPOSITE'),
(570, 7172287, '73P5522306S00200 RIB - ELV CLOSING OUTBD', 0, '73P5522306S00200 RIB - ELV CLOSING OUTBD', 0, '73P5522306S00200', 'ASSEMBLAGE COMPOSITE'),
(571, 7172289, '73P5522332S00200 CLIP - ELV CLOSING INBD', 0, '73P5522332S00200 CLIP - ELV CLOSING INBD', 0, '73P5522332S00200', 'ASSEMBLAGE COMPOSITE'),
(573, 7172118, '73P5521101C00401 SKIN - ELEVATOR LE RIB', 0, '73P5521101C00401 SKIN - ELEVATOR LE RIB', 0, '73P5521101C00401', 'COMPOSITE'),
(574, 7172142, '73P5521115C00401 SKIN - ELEVATOR LE RIB', 0, '73P5521115C00401 SKIN - ELEVATOR LE RIB', 0, '73P5521115C00401', 'COMPOSITE'),
(575, 7172147, '73P5521116C00401 SKIN - ELEVATOR LE RIB', 0, '73P5521116C00401 SKIN - ELEVATOR LE RIB', 0, '73P5521116C00401', 'COMPOSITE'),
(576, 7172158, '73P5521120C00401 SKIN - ELEVATOR LE RIB', 0, '73P5521120C00401 SKIN - ELEVATOR LE RIB', 0, '73P5521120C00401', 'COMPOSITE'),
(577, 7172166, '73P5521122C00401 SKIN - ELEVATOR LE RIB', 0, '73P5521122C00401 SKIN - ELEVATOR LE RIB', 0, '73P5521122C00401', 'COMPOSITE'),
(578, 7172171, '73P5521123C00401 SKIN - ELEVATOR LE RIB', 0, '73P5521123C00401 SKIN - ELEVATOR LE RIB', 0, '73P5521123C00401', 'COMPOSITE'),
(579, 7172175, '73P5521124C00401 SKIN - ELEVATOR LE RIB', 0, '73P5521124C00401 SKIN - ELEVATOR LE RIB', 0, '73P5521124C00401', 'COMPOSITE'),
(580, 7172181, '73P5521126C00401 SKIN - ELEVATOR LE RIB', 0, '73P5521126C00401 SKIN - ELEVATOR LE RIB', 0, '73P5521126C00401', 'COMPOSITE'),
(581, 7172196, '73P5521132C00401 SKIN - ELEVATOR LE UPR', 0, '73P5521132C00401 SKIN - ELEVATOR LE UPR', 0, '73P5521132C00401', 'COMPOSITE'),
(582, 7172218, '73P5521142C00401 SKIN - ELEVATOR LE RIB', 0, '73P5521142C00401 SKIN - ELEVATOR LE RIB', 0, '73P5521142C00401', 'COMPOSITE'),
(589, 7172299, '73P552250200001 G600 ELV ARRESTMENT BOX', 0, '73P552250200001 G600 ELV ARRESTMENT BOX', 0, '73P552250200001', 'ASSEMBLAGE COMPOSITE'),
(590, 7259752, '73P552050200002 G600 ELV RH MAIN ASSY', 0, '73P552050200002 G600 ELV RH MAIN ASSY', 0, '73P552050200002', 'ASSEMBLAGE COMPOSITE'),
(591, 7172106, '73P552050200101 G600 ELV RH FINITION + P', 0, '73P552050200101 G600 ELV RH FINITION + P', 0, '73P552050200101', 'ASSEMBLAGE COMPOSITE');

-- --------------------------------------------------------

--
-- Structure de la table `t_role`
--

CREATE TABLE `t_role` (
  `ID` int(11) NOT NULL,
  `LEVEL` int(11) NOT NULL COMMENT 'un niveau permet de restrindre l''accès dans l''application',
  `ROLE` varchar(10) NOT NULL
) ENGINE=InnoDB DEFAULT CHARSET=utf8 COMMENT='Cette table liste les rôle disponibles dans l''application';

--
-- Déchargement des données de la table `t_role`
--

INSERT INTO `t_role` (`ID`, `LEVEL`, `ROLE`) VALUES
(1, 2, 'CONTROLE'),
(2, 1, 'METHODE'),
(3, 3, 'COMPAGNON'),
(4, 0, 'ADMIN'),
(5, 2, 'CHEF'),
(6, 2, 'QUALITE');

-- --------------------------------------------------------

--
-- Structure de la table `t_secteur`
--

CREATE TABLE `t_secteur` (
  `ID` int(11) NOT NULL,
  `SECTEUR` varchar(20) NOT NULL
) ENGINE=InnoDB DEFAULT CHARSET=utf8;

--
-- Déchargement des données de la table `t_secteur`
--

INSERT INTO `t_secteur` (`ID`, `SECTEUR`) VALUES
(3, 'ASSEMBLAGE COMPOSITE'),
(4, 'ASSEMBLAGE METALLIQU'),
(1, 'COMPOSITE'),
(2, 'METALIQUE');

-- --------------------------------------------------------

--
-- Structure de la table `t_tools`
--

CREATE TABLE `t_tools` (
  `ID` smallint(6) NOT NULL,
  `numOtSap` int(11) NOT NULL COMMENT 'Numéro de l''OT créé dans SAP sans "OT" (OT [XXXXXX])',
  `desOutillage` text NOT NULL COMMENT 'Désignation de l''outillage',
  `nbPiece` tinyint(4) NOT NULL COMMENT 'Indique le nombre de pièce que peut produire l''outillage en une fois',
  `eprouvette` tinyint(4) NOT NULL COMMENT 'Indique le nombre d''éprouvettes sur l''outillage',
  `programId` int(11) NOT NULL
) ENGINE=InnoDB DEFAULT CHARSET=utf8mb4 COMMENT='Cette table enregistre les outillages que l''on peut utiliser';

--
-- Déchargement des données de la table `t_tools`
--

INSERT INTO `t_tools` (`ID`, `numOtSap`, `desOutillage`, `nbPiece`, `eprouvette`, `programId`) VALUES
(1, 95902, 'LEADING EDGE IML', 12, 1, 1),
(2, 95903, 'CLOSING RIB', 2, 1, 1),
(3, 95904, 'STRAP', 2, 1, 1),
(4, 95905, 'CLIP', 4, 1, 1),
(5, 95847, 'BOX LH', 4, 1, 1),
(6, 95848, 'BOX RH', 4, 1, 1),
(7, 95895, 'FWD SPAR', 2, 1, 1),
(8, 95896, 'TRAILING EDGE LH', 3, 1, 1),
(9, 95897, 'TRAILING EDGE RH', 3, 1, 1),
(10, 95898, 'LEADING EDGE LOWER LH', 5, 1, 1),
(11, 95899, 'LEADING EDGE LOWER RH', 5, 1, 1),
(12, 95900, 'LEADING EDGE UPPER LH', 5, 1, 1),
(13, 95901, 'LEADING EDGE UPPER RH', 5, 1, 1),
(15, 90032, 'TABLE EPROUVETTE', 10, 1, 1);

-- --------------------------------------------------------

--
-- Structure de la table `t_traca`
--

CREATE TABLE `t_traca` (
  `ID` int(11) NOT NULL,
  `OF` int(11) NOT NULL,
  `DATE DE CREATION` datetime NOT NULL DEFAULT current_timestamp(),
  `USER` int(11) NOT NULL COMMENT 'logged user',
  `ID FAC` int(11) DEFAULT NULL,
  `SANCTION` tinyint(1) NOT NULL,
  `DATE_DE_MODIFICATION` datetime DEFAULT NULL,
  `STATUT` tinyint(1) NOT NULL,
  `COMMENTAIRE` text DEFAULT NULL
) ENGINE=InnoDB DEFAULT CHARSET=utf8mb4;

--
-- Déchargement des données de la table `t_traca`
--

INSERT INTO `t_traca` (`ID`, `OF`, `DATE DE CREATION`, `USER`, `ID FAC`, `SANCTION`, `DATE_DE_MODIFICATION`, `STATUT`, `COMMENTAIRE`) VALUES
(144, 53123456, '2020-12-21 13:43:30', 204292, 500, 0, NULL, 1, ''),
(145, 53123456, '2020-12-21 13:56:21', 204292, 503, 0, NULL, 1, ''),
(146, 53123456, '2020-12-21 14:13:12', 204292, 549, 1, NULL, 1, ''),
(147, 53000009, '2021-01-04 13:14:17', 205876, 551, 1, NULL, 1, ''),
(148, 53000001, '2021-01-05 10:49:03', 204292, 500, 0, NULL, 1, ''),
(149, 53000001, '2021-01-05 10:50:06', 204292, 501, 0, NULL, 1, ''),
(150, 53000001, '2021-01-05 11:02:09', 204292, 502, 0, NULL, 1, ''),
(151, 53000001, '2021-01-05 11:04:51', 204292, 505, 0, NULL, 1, ''),
(152, 53000001, '2021-01-05 11:05:18', 204292, 505, 0, NULL, 1, ''),
(153, 53000001, '2021-01-05 11:17:39', 204292, 534, 0, NULL, 1, ''),
(154, 53000001, '2021-01-05 11:33:09', 204292, 535, 0, NULL, 1, ''),
(155, 53000001, '2021-01-07 22:02:16', 204292, 532, 0, NULL, 1, ''),
(156, 53000001, '2021-01-07 22:03:00', 204292, 532, 0, NULL, 1, ''),
(157, 53000001, '2021-01-07 22:11:40', 204292, 536, 0, NULL, 1, ''),
(158, 53000001, '2021-01-07 22:12:29', 204292, 540, 0, NULL, 1, ''),
(159, 53000001, '2021-01-07 23:05:08', 204292, 536, 0, NULL, 1, ''),
(160, 53000001, '2021-01-07 23:20:49', 204292, 548, 1, NULL, 1, ''),
(161, 53000001, '2021-01-09 19:08:37', 360, 544, 1, NULL, 1, ''),
(162, 53000002, '2021-01-09 19:10:52', 360, 502, 1, NULL, 1, ''),
(163, 53000002, '2021-01-10 13:18:21', 360, 501, 1, NULL, 1, ''),
(164, 53000002, '2021-01-10 17:42:09', 360, 500, 1, NULL, 1, ''),
(165, 53000002, '2021-01-10 17:42:48', 360, 505, 1, NULL, 1, ''),
(166, 53000002, '2021-01-10 18:26:19', 360, 532, 1, NULL, 1, ''),
(167, 53000002, '2021-01-10 18:26:58', 360, 534, 1, NULL, 1, ''),
(168, 53000002, '2021-01-10 18:29:27', 360, 535, 1, NULL, 1, ''),
(169, 53000003, '2021-01-10 18:36:01', 360, 500, 1, NULL, 1, ''),
(170, 53000003, '2021-01-10 18:36:03', 360, 501, 0, NULL, 1, ''),
(171, 53000003, '2021-01-10 18:36:05', 360, 502, 1, NULL, 1, ''),
(172, 53000003, '2021-01-10 19:22:41', 360, 532, 1, NULL, 1, ''),
(173, 53000003, '2021-01-10 19:23:13', 360, 534, 1, NULL, 1, ''),
(174, 0, '2021-01-10 19:23:21', 360, 535, 0, NULL, 1, ''),
(175, 0, '2021-01-10 19:23:25', 360, 536, 0, NULL, 1, ''),
(176, 53000004, '2021-01-10 19:29:08', 360, 500, 1, NULL, 1, ''),
(177, 53000004, '2021-01-10 19:29:35', 360, 501, 1, NULL, 1, ''),
(178, 0, '2021-01-10 19:31:39', 360, 500, 0, NULL, 1, ''),
(179, 53000004, '2021-01-10 19:36:13', 360, 502, 1, NULL, 1, ''),
(180, 53000004, '2021-01-10 19:41:11', 360, 532, 1, NULL, 1, ''),
(181, 53000004, '2021-01-10 20:46:15', 360, 505, 0, NULL, 1, ''),
(182, 0, '2021-01-10 20:59:40', 360, 502, 1, NULL, 1, ''),
(183, 53000004, '2021-01-10 21:09:06', 360, 535, 1, NULL, 1, ''),
(184, 53000004, '2021-01-10 21:10:08', 360, 534, 1, NULL, 1, ''),
(185, 53000004, '2021-01-10 21:11:03', 360, 536, 1, NULL, 1, ''),
(186, 53000005, '2021-01-10 21:12:05', 360, 501, 1, NULL, 1, ''),
(187, 0, '2021-01-10 21:12:34', 360, 502, 0, NULL, 1, ''),
(188, 0, '2021-01-10 21:12:43', 360, 501, 1, NULL, 1, ''),
(189, 0, '2021-01-10 21:13:01', 360, 501, 0, NULL, 1, ''),
(190, 53000005, '2021-01-10 21:14:30', 360, 542, 0, NULL, 1, ''),
(191, 53000006, '2021-01-11 11:11:01', 360, 500, 1, NULL, 1, ''),
(192, 0, '2021-01-11 11:11:18', 360, 501, 0, NULL, 1, ''),
(193, 0, '2021-01-11 11:11:25', 360, 502, 0, NULL, 1, ''),
(194, 53000006, '2021-01-11 11:11:56', 360, 501, 1, NULL, 1, ''),
(195, 53000006, '2021-01-11 11:12:41', 360, 502, 1, NULL, 1, ''),
(196, 53000006, '2021-01-11 11:12:50', 360, 502, 0, NULL, 1, ''),
(197, 53000007, '2021-01-11 11:17:44', 360, 500, 1, NULL, 1, ''),
(198, 53000007, '2021-01-11 11:28:29', 360, 501, 1, NULL, 1, ''),
(199, 53000007, '2021-01-11 11:30:58', 360, 502, 1, NULL, 1, ''),
(200, 53000008, '2021-01-11 16:19:46', 360, 500, 1, NULL, 1, ''),
(201, 53000008, '2021-01-11 16:19:48', 360, 501, 0, NULL, 1, ''),
(202, 53000001, '2021-01-12 20:03:48', 204292, 503, 0, NULL, 1, ''),
(203, 53000001, '2021-01-12 20:08:19', 204292, 504, 0, NULL, 1, ''),
(204, 53000001, '2021-01-12 20:27:42', 204292, 507, 0, NULL, 1, ''),
(205, 53000001, '2021-01-12 20:33:49', 204292, 508, 0, NULL, 1, ''),
(206, 53000001, '2021-01-12 20:37:33', 204292, 509, 0, NULL, 1, ''),
(207, 53000001, '2021-01-12 20:39:57', 204292, 510, 0, NULL, 1, ''),
(208, 53000001, '2021-01-12 20:43:26', 204292, 511, 0, NULL, 1, ''),
(209, 53000001, '2021-01-12 20:47:08', 204292, 512, 0, NULL, 1, ''),
(210, 53000002, '2021-01-12 20:50:02', 204292, 508, 0, NULL, 1, ''),
(211, 53000002, '2021-01-12 20:56:24', 204292, 509, 0, NULL, 1, ''),
(212, 53000002, '2021-01-12 21:01:31', 204292, 510, 0, NULL, 1, ''),
(213, 53000002, '2021-01-12 21:03:28', 204292, 511, 0, NULL, 1, ''),
(214, 53000002, '2021-01-12 21:09:29', 204292, 512, 0, NULL, 1, ''),
(215, 53000002, '2021-01-12 21:12:09', 204292, 512, 0, NULL, 1, ''),
(216, 53000002, '2021-01-12 21:13:42', 204292, 513, 1, NULL, 1, ''),
(217, 53000007, '2021-01-13 00:13:36', 204292, 506, 0, NULL, 1, ''),
(218, 53000008, '2021-01-13 00:30:21', 204292, 506, 0, NULL, 1, ''),
(219, 53000009, '2021-01-13 00:37:00', 204292, 506, 0, NULL, 1, ''),
(220, 53000010, '2021-01-13 00:38:21', 204292, 506, 1, '2021-01-13 08:48:57', 0, ''),
(221, 7172102, '2021-01-13 10:46:11', 204292, 500, 1, NULL, 1, NULL),
(222, 7172102, '2021-01-13 10:48:01', 204292, 501, 1, NULL, 1, NULL),
(223, 7172102, '2021-01-13 10:51:54', 204292, 503, 1, NULL, 1, NULL),
(225, 7172102, '2021-01-13 11:24:35', 202099, 502, 1, NULL, 1, NULL),
(226, 7172102, '2021-01-13 11:27:27', 202099, 504, 0, NULL, 1, NULL),
(227, 7172102, '2021-01-13 11:41:48', 204292, 549, 1, NULL, 1, NULL),
(228, 7172102, '2021-01-13 11:48:59', 204292, 541, 1, NULL, 1, NULL),
(229, 7172102, '2021-01-15 09:25:58', 204292, 505, 1, NULL, 1, NULL),
(230, 53000002, '2021-01-21 14:47:35', 360, 540, 1, NULL, 1, NULL),
(231, 53000002, '2021-01-21 14:49:03', 360, 536, 1, NULL, 1, NULL),
(232, 53000002, '2021-01-21 14:51:28', 360, 542, 0, NULL, 1, NULL),
(233, 53000002, '2021-01-21 14:57:50', 360, 544, 0, NULL, 1, NULL),
(234, 53000002, '2021-01-21 14:59:26', 360, 548, 1, NULL, 1, NULL),
(235, 53000004, '2021-01-25 08:18:36', 360, 503, 1, NULL, 1, NULL),
(236, 53000004, '2021-01-25 08:35:50', 360, 506, 1, NULL, 1, NULL),
(237, 53000004, '2021-01-25 09:04:37', 360, 549, 1, NULL, 1, NULL),
(238, 53000004, '2021-01-25 10:20:01', 360, 504, 1, NULL, 1, NULL),
(239, 53000004, '2021-01-25 10:26:17', 360, 515, 0, NULL, 1, NULL),
(240, 53000004, '2021-01-25 10:29:06', 360, 526, 0, NULL, 1, NULL),
(241, 53000005, '2021-01-25 10:32:38', 360, 500, 0, NULL, 1, NULL),
(242, 53000005, '2021-01-25 10:33:34', 360, 502, 0, NULL, 1, NULL),
(243, 53000005, '2021-01-25 10:37:29', 360, 502, 0, NULL, 1, NULL),
(244, 53000006, '2021-01-25 10:45:26', 360, 503, 0, NULL, 1, NULL),
(245, 53000006, '2021-01-25 10:51:26', 360, 504, 1, NULL, 1, NULL),
(246, 53000006, '2021-01-25 13:03:31', 360, 505, 1, NULL, 1, NULL),
(247, 53000006, '2021-01-25 13:09:03', 360, 515, 1, NULL, 1, NULL),
(248, 53000006, '2021-01-25 16:13:24', 360, 532, 1, NULL, 1, NULL),
(249, 53000006, '2021-01-25 16:13:52', 360, 534, 1, NULL, 1, NULL);

-- --------------------------------------------------------

--
-- Structure de la table `t_traca_assy`
--

CREATE TABLE `t_traca_assy` (
  `ID` int(11) NOT NULL,
  `ARTICLE PERE` int(11) NOT NULL,
  `OF PERE` int(11) NOT NULL,
  `ARTICLE FILS` int(11) NOT NULL,
  `OF FILS` int(11) NOT NULL,
  `GESTIONNAIRE` int(11) NOT NULL COMMENT 'Matricule du gestionnaire',
  `DATE DE CREATION` timestamp NOT NULL DEFAULT current_timestamp(),
  `NOM` text DEFAULT NULL COMMENT 'Nom de l''ELEVATOR'
) ENGINE=InnoDB DEFAULT CHARSET=utf8mb4 COMMENT='Table de liaison des OF d''assemblage ELEVATOR';

--
-- Déchargement des données de la table `t_traca_assy`
--

INSERT INTO `t_traca_assy` (`ID`, `ARTICLE PERE`, `OF PERE`, `ARTICLE FILS`, `OF FILS`, `GESTIONNAIRE`, `DATE DE CREATION`, `NOM`) VALUES
(69, 7259753, 53000000, 7172102, 53123456, 206084, '2021-01-04 09:21:53', 'Joris'),
(72, 7259753, 53000000, 7259751, 53000009, 205876, '2021-01-04 12:17:37', 'Joris'),
(73, 7259753, 53000000, 7172294, 53000000, 360, '2021-01-08 14:30:31', 'JORIS XI'),
(74, 7259753, 53000000, 7259751, 53000002, 360, '2021-01-08 14:30:32', 'JORIS XI'),
(75, 7259753, 53000000, 7172102, 53000004, 360, '2021-01-08 14:30:32', 'JORIS XI'),
(81, 7259753, 53000000, 7172294, 53000001, 204292, '2021-01-13 10:20:49', 'ELEVATOR TEST');

-- --------------------------------------------------------

--
-- Structure de la table `t_traca_controle`
--

CREATE TABLE `t_traca_controle` (
  `ID` int(11) NOT NULL,
  `ID TRACA` int(11) NOT NULL,
  `ID_NOM_CONTROLE` int(11) NOT NULL,
  `OUTIL` int(11) NOT NULL,
  `MESURE` decimal(10,0) DEFAULT NULL,
  `SANCTION` tinyint(1) DEFAULT NULL COMMENT '1 conforme / 0 non-conforme',
  `DATE DE CREATION` datetime NOT NULL DEFAULT current_timestamp()
) ENGINE=InnoDB DEFAULT CHARSET=utf8mb4;

--
-- Déchargement des données de la table `t_traca_controle`
--

INSERT INTO `t_traca_controle` (`ID`, `ID TRACA`, `ID_NOM_CONTROLE`, `OUTIL`, `MESURE`, `SANCTION`, `DATE DE CREATION`) VALUES
(24, 145, 155, 73, NULL, 1, '2020-12-21 13:56:21'),
(38, 160, 201, 91, NULL, NULL, '2021-01-07 23:20:49'),
(39, 161, 200, 91, NULL, NULL, '2021-01-09 19:08:37'),
(40, 162, 154, 91, NULL, NULL, '2021-01-09 19:10:52'),
(41, 163, 153, 91, NULL, NULL, '2021-01-10 13:18:21'),
(42, 164, 152, 91, NULL, NULL, '2021-01-10 17:42:09'),
(43, 165, 159, 91, NULL, NULL, '2021-01-10 17:42:48'),
(44, 166, 193, 91, NULL, NULL, '2021-01-10 18:26:19'),
(45, 167, 194, 91, NULL, NULL, '2021-01-10 18:26:58'),
(46, 168, 195, 91, NULL, NULL, '2021-01-10 18:29:27'),
(47, 169, 152, 91, NULL, NULL, '2021-01-10 18:36:01'),
(48, 170, 153, 91, NULL, NULL, '2021-01-10 18:36:03'),
(49, 171, 154, 91, NULL, NULL, '2021-01-10 18:36:05'),
(50, 172, 193, 91, NULL, NULL, '2021-01-10 19:22:41'),
(51, 173, 194, 91, NULL, NULL, '2021-01-10 19:23:13'),
(52, 174, 195, 91, NULL, NULL, '2021-01-10 19:23:21'),
(53, 175, 196, 91, NULL, NULL, '2021-01-10 19:23:25'),
(54, 176, 152, 91, NULL, NULL, '2021-01-10 19:29:08'),
(55, 177, 153, 91, NULL, NULL, '2021-01-10 19:29:35'),
(56, 178, 152, 91, NULL, NULL, '2021-01-10 19:31:39'),
(57, 179, 154, 91, NULL, NULL, '2021-01-10 19:36:13'),
(58, 180, 193, 91, NULL, NULL, '2021-01-10 19:41:11'),
(59, 181, 159, 91, NULL, NULL, '2021-01-10 20:46:16'),
(60, 182, 154, 91, NULL, NULL, '2021-01-10 20:59:40'),
(61, 183, 195, 91, NULL, NULL, '2021-01-10 21:09:06'),
(62, 184, 194, 91, NULL, NULL, '2021-01-10 21:10:08'),
(63, 185, 196, 91, NULL, NULL, '2021-01-10 21:11:03'),
(64, 186, 153, 91, NULL, NULL, '2021-01-10 21:12:05'),
(66, 188, 153, 91, NULL, NULL, '2021-01-10 21:12:43'),
(68, 190, 199, 91, NULL, NULL, '2021-01-10 21:14:30'),
(69, 191, 152, 91, NULL, NULL, '2021-01-11 11:11:01'),
(72, 194, 153, 91, NULL, NULL, '2021-01-11 11:11:56'),
(73, 195, 154, 91, NULL, NULL, '2021-01-11 11:12:41'),
(75, 197, 152, 91, NULL, NULL, '2021-01-11 11:17:45'),
(76, 198, 153, 91, NULL, NULL, '2021-01-11 11:28:29'),
(77, 199, 154, 91, NULL, NULL, '2021-01-11 11:30:58'),
(78, 200, 152, 91, NULL, NULL, '2021-01-11 16:19:46'),
(79, 201, 153, 91, NULL, NULL, '2021-01-11 16:19:48'),
(85, 212, 166, 67, NULL, NULL, '2021-01-12 21:01:31'),
(87, 213, 168, 67, NULL, NULL, '2021-01-12 21:03:28'),
(89, 214, 170, 67, NULL, NULL, '2021-01-12 21:09:29'),
(92, 216, 172, 67, NULL, NULL, '2021-01-12 21:13:42'),
(93, 216, 173, 42, NULL, NULL, '2021-01-12 21:13:42'),
(94, 221, 152, 91, NULL, NULL, '2021-01-13 10:46:11'),
(95, 222, 153, 91, NULL, NULL, '2021-01-13 10:48:01'),
(96, 223, 155, 74, NULL, NULL, '2021-01-13 10:51:54'),
(97, 223, 156, 44, NULL, NULL, '2021-01-13 10:51:55'),
(98, 225, 154, 91, NULL, NULL, '2021-01-13 11:24:35'),
(99, 226, 157, 74, NULL, NULL, '2021-01-13 11:27:27'),
(100, 226, 158, 44, NULL, NULL, '2021-01-13 11:27:27'),
(101, 229, 159, 91, NULL, NULL, '2021-01-15 09:25:58'),
(102, 230, 198, 91, NULL, NULL, '2021-01-21 14:47:35'),
(103, 231, 196, 91, NULL, NULL, '2021-01-21 14:49:03'),
(104, 232, 199, 91, NULL, NULL, '2021-01-21 14:51:28'),
(105, 233, 200, 91, NULL, NULL, '2021-01-21 14:57:50'),
(106, 234, 201, 91, NULL, NULL, '2021-01-21 14:59:26'),
(107, 235, 155, 73, NULL, NULL, '2021-01-25 08:18:36'),
(108, 235, 156, 42, NULL, NULL, '2021-01-25 08:18:36'),
(109, 238, 157, 73, NULL, NULL, '2021-01-25 10:20:01'),
(110, 238, 158, 42, NULL, NULL, '2021-01-25 10:20:01'),
(111, 245, 157, 73, NULL, NULL, '2021-01-25 10:51:27'),
(112, 245, 158, 42, NULL, NULL, '2021-01-25 10:51:27'),
(113, 246, 159, 91, NULL, NULL, '2021-01-25 13:03:32'),
(114, 247, 176, 73, NULL, NULL, '2021-01-25 13:09:03'),
(115, 248, 193, 91, NULL, NULL, '2021-01-25 16:13:27'),
(116, 249, 194, 91, NULL, NULL, '2021-01-25 16:13:52');

-- --------------------------------------------------------

--
-- Structure de la table `t_traca_matiere`
--

CREATE TABLE `t_traca_matiere` (
  `ID` int(11) NOT NULL,
  `ID TRACA` int(11) NOT NULL,
  `ID MAT ENTRY` int(11) NOT NULL,
  `ID_NOM_MATIERE` int(11) DEFAULT NULL,
  `TEMPERATURE` int(11) NOT NULL COMMENT 'en degrés C',
  `HYGROMETRIE` int(11) NOT NULL COMMENT 'en %'
) ENGINE=InnoDB DEFAULT CHARSET=utf8mb4;

--
-- Déchargement des données de la table `t_traca_matiere`
--

INSERT INTO `t_traca_matiere` (`ID`, `ID TRACA`, `ID MAT ENTRY`, `ID_NOM_MATIERE`, `TEMPERATURE`, `HYGROMETRIE`) VALUES
(18, 220, 732, 120, 0, 0),
(19, 228, 735, 127, 0, 0),
(20, 236, 732, 120, 0, 0);

-- --------------------------------------------------------

--
-- Structure de la table `t_traca_of`
--

CREATE TABLE `t_traca_of` (
  `ID` int(11) NOT NULL,
  `ID TRACA` int(11) NOT NULL,
  `ID_TRACA_OF` int(11) NOT NULL,
  `OF` int(11) NOT NULL,
  `COMPLEMENT` text DEFAULT NULL,
  `DATE DE CREATION` datetime NOT NULL DEFAULT current_timestamp()
) ENGINE=InnoDB DEFAULT CHARSET=utf8mb4;

--
-- Déchargement des données de la table `t_traca_of`
--

INSERT INTO `t_traca_of` (`ID`, `ID TRACA`, `ID_TRACA_OF`, `OF`, `COMPLEMENT`, `DATE DE CREATION`) VALUES
(206, 146, 143, 53100001, NULL, '2020-12-21 14:13:12'),
(207, 146, 144, 53100002, NULL, '2020-12-21 14:13:12'),
(208, 146, 145, 53100003, NULL, '2020-12-21 14:13:12'),
(209, 146, 146, 53100004, NULL, '2020-12-21 14:13:12'),
(210, 146, 147, 53100005, NULL, '2020-12-21 14:13:12'),
(211, 146, 148, 53100006, NULL, '2020-12-21 14:13:12'),
(212, 146, 149, 53100007, NULL, '2020-12-21 14:13:12'),
(213, 146, 150, 53100008, NULL, '2020-12-21 14:13:12'),
(214, 146, 151, 53100009, NULL, '2020-12-21 14:13:12'),
(215, 146, 152, 53100010, NULL, '2020-12-21 14:13:12'),
(216, 146, 153, 53100011, NULL, '2020-12-21 14:13:12'),
(217, 146, 154, 53100012, NULL, '2020-12-21 14:13:12'),
(218, 146, 155, 53100013, NULL, '2020-12-21 14:13:13'),
(219, 146, 156, 53100014, NULL, '2020-12-21 14:13:13'),
(220, 146, 157, 53100015, NULL, '2020-12-21 14:13:13'),
(221, 146, 158, 53100016, NULL, '2020-12-21 14:13:13'),
(222, 146, 159, 53100017, NULL, '2020-12-21 14:13:13'),
(223, 146, 160, 53100018, NULL, '2020-12-21 14:13:13'),
(242, 227, 143, 53900001, NULL, '2021-01-13 11:41:48'),
(243, 227, 144, 53900002, NULL, '2021-01-13 11:41:48'),
(244, 227, 145, 53900003, NULL, '2021-01-13 11:41:48'),
(245, 227, 146, 53900004, NULL, '2021-01-13 11:41:48'),
(246, 227, 147, 53900005, NULL, '2021-01-13 11:41:49'),
(247, 227, 148, 53900006, NULL, '2021-01-13 11:41:49'),
(248, 227, 149, 53900007, NULL, '2021-01-13 11:41:49'),
(249, 227, 150, 53900008, NULL, '2021-01-13 11:41:49'),
(250, 227, 151, 53900009, NULL, '2021-01-13 11:41:49'),
(251, 227, 152, 53900010, NULL, '2021-01-13 11:41:49'),
(252, 227, 153, 53900011, NULL, '2021-01-13 11:41:49'),
(253, 227, 154, 53900012, NULL, '2021-01-13 11:41:49'),
(254, 227, 155, 53900013, NULL, '2021-01-13 11:41:49'),
(255, 227, 156, 53900014, NULL, '2021-01-13 11:41:49'),
(256, 227, 157, 53900015, NULL, '2021-01-13 11:41:49'),
(257, 227, 158, 53900016, NULL, '2021-01-13 11:41:49'),
(258, 227, 159, 53900017, NULL, '2021-01-13 11:41:49'),
(259, 227, 160, 53900018, NULL, '2021-01-13 11:41:49'),
(260, 237, 143, 53900001, NULL, '2021-01-25 09:04:37'),
(261, 237, 144, 53900002, NULL, '2021-01-25 09:04:37'),
(262, 237, 145, 53900003, NULL, '2021-01-25 09:04:37'),
(263, 237, 146, 53900004, NULL, '2021-01-25 09:04:37'),
(264, 237, 147, 53900005, NULL, '2021-01-25 09:04:37'),
(265, 237, 148, 53900006, NULL, '2021-01-25 09:04:37'),
(266, 237, 149, 53900007, NULL, '2021-01-25 09:04:37'),
(267, 237, 150, 53900008, NULL, '2021-01-25 09:04:37'),
(268, 237, 151, 53900009, NULL, '2021-01-25 09:04:37'),
(269, 237, 152, 53900010, NULL, '2021-01-25 09:04:37'),
(270, 237, 153, 53900011, NULL, '2021-01-25 09:04:37'),
(271, 237, 154, 53900012, NULL, '2021-01-25 09:04:37'),
(272, 237, 155, 53900013, NULL, '2021-01-25 09:04:37'),
(273, 237, 156, 53900014, NULL, '2021-01-25 09:04:37'),
(274, 237, 157, 53900015, NULL, '2021-01-25 09:04:37'),
(275, 237, 158, 53900016, NULL, '2021-01-25 09:04:37'),
(276, 237, 159, 53900017, NULL, '2021-01-25 09:04:37'),
(277, 237, 160, 53900018, NULL, '2021-01-25 09:04:37');

-- --------------------------------------------------------

--
-- Structure de la table `t_traca_users`
--

CREATE TABLE `t_traca_users` (
  `ID` int(11) NOT NULL,
  `ID_TRACA` int(11) NOT NULL,
  `MATRICULE` int(11) NOT NULL
) ENGINE=InnoDB DEFAULT CHARSET=utf8mb4;

--
-- Déchargement des données de la table `t_traca_users`
--

INSERT INTO `t_traca_users` (`ID`, `ID_TRACA`, `MATRICULE`) VALUES
(7, 245, 360),
(8, 245, 3263),
(9, 245, 656),
(10, 246, 360),
(11, 246, 656),
(12, 246, 3263),
(13, 247, 360),
(14, 247, 3332),
(15, 247, 3263),
(16, 248, 360),
(17, 248, 656),
(18, 249, 360);

-- --------------------------------------------------------

--
-- Structure de la table `t_user`
--

CREATE TABLE `t_user` (
  `ID` int(11) NOT NULL,
  `NOM` varchar(30) NOT NULL,
  `PRENOM` varchar(30) NOT NULL,
  `ROLE` varchar(10) NOT NULL,
  `MATRICULE` int(6) DEFAULT NULL,
  `EQUIPE` int(9) DEFAULT NULL,
  `SECTEUR` varchar(20) NOT NULL,
  `QRCODE` tinyint(1) NOT NULL,
  `mot_de_passe` text NOT NULL
) ENGINE=InnoDB DEFAULT CHARSET=utf8;

--
-- Déchargement des données de la table `t_user`
--

INSERT INTO `t_user` (`ID`, `NOM`, `PRENOM`, `ROLE`, `MATRICULE`, `EQUIPE`, `SECTEUR`, `QRCODE`, `mot_de_passe`) VALUES
(1, 'CASTEX', 'Pascal', 'COMPAGNON', 3516, 300, 'COMPOSITE', 1, ''),
(2, 'JIMENEZ ', 'Pascal', 'COMPAGNON', 3086, 300, 'COMPOSITE', 1, ''),
(3, 'BARRERE ', 'Phillipe', 'COMPAGNON', 3136, 300, 'COMPOSITE', 1, ''),
(4, 'CHABOT ', 'Romain', 'COMPAGNON', 10193, 300, 'COMPOSITE', 1, ''),
(5, 'PYHOURQUET  ', 'Thierry', 'COMPAGNON', 10217, 300, 'COMPOSITE', 1, ''),
(6, 'BARRAGUE ', 'Orélien', 'COMPAGNON', 201160, 300, 'COMPOSITE', 1, ''),
(7, 'BLAISE ', 'Denis', 'COMPAGNON', 202840, 300, 'COMPOSITE', 1, ''),
(8, 'LANDMANN ', 'Mathieu', 'COMPAGNON', 203908, 300, 'COMPOSITE', 1, ''),
(9, 'BEAUVAIS ', 'Gael', 'COMPAGNON', 10072, 300, 'COMPOSITE', 1, ''),
(10, 'AZNAR ', 'Remy', 'COMPAGNON', 204037, 300, 'COMPOSITE', 1, ''),
(11, 'DUPIN ', 'Frédéric', 'COMPAGNON', 204858, 300, 'COMPOSITE', 1, ''),
(12, 'BAUCHEFF', 'Nicolas', 'COMPAGNON', 204859, 300, 'COMPOSITE', 1, ''),
(13, 'SOLANA', 'Cédric', 'COMPAGNON', 3468, 300, 'COMPOSITE', 1, ''),
(14, 'POUBLAN', 'Nicolas', 'COMPAGNON', 205472, 300, 'COMPOSITE', 1, ''),
(15, 'MAURICE  ', 'Gwenaelle', 'COMPAGNON', 205561, 300, 'COMPOSITE', 1, ''),
(16, 'CRASSUS', 'Clement', 'COMPAGNON', 205593, 300, 'COMPOSITE', 1, ''),
(17, 'HEBDA ', 'Thomaz', 'COMPAGNON', 205600, 300, 'COMPOSITE', 1, ''),
(18, 'HERNANDEZ', 'Frédéric', 'COMPAGNON', 205605, 300, 'COMPOSITE', 1, ''),
(19, 'ARRAS ', 'Stephane', 'COMPAGNON', 3498, 300, 'COMPOSITE', 1, ''),
(20, 'LACOSTE ', 'David', 'COMPAGNON', 205695, 300, 'COMPOSITE', 1, ''),
(21, 'ALEMANE ', 'Manon', 'COMPAGNON', 205876, 300, 'COMPOSITE', 1, ''),
(22, 'FERRAN  ', 'Mathieu', 'COMPAGNON', 205879, 300, 'COMPOSITE', 1, ''),
(23, 'VERGES ', 'Sebastien', 'COMPAGNON', 205878, 300, 'COMPOSITE', 1, ''),
(24, 'LAVARINI', 'Michel', 'COMPAGNON', 3481, 300, 'COMPOSITE', 1, ''),
(25, 'PAINI', 'Romain', 'COMPAGNON', 205602, 300, 'COMPOSITE', 1, ''),
(26, 'WATTIGNY', 'Renaud', 'COMPAGNON', 205474, 300, 'COMPOSITE', 1, ''),
(27, 'COSTE', 'Anthony', 'COMPAGNON', 205479, 300, 'COMPOSITE', 1, ''),
(28, 'CALLEJA ', 'Kim', 'COMPAGNON', 206084, 300, 'COMPOSITE', 1, ''),
(29, 'GRANGIER', 'Joris', 'ADMIN', 204292, NULL, 'COMPOSITE', 0, ''),
(30, 'Cyril', 'ORGA', 'CONTROLE', 360, 301, 'COMPOSITE', 0, ''),
(33, 'Matthieu', 'GREGOIRE', 'CONTROLE', 656, 301, 'COMPOSITE', 0, ''),
(34, 'Christophe', 'BRASSART', 'CONTROLE', 3263, 301, 'COMPOSITE', 0, ''),
(35, 'Jean-Baptiste', 'HERAUT', 'CONTROLE', 3332, 301, 'COMPOSITE', 0, ''),
(36, 'Sébastien', 'MARIE', 'CONTROLE', 3459, 301, 'COMPOSITE', 0, ''),
(37, 'Jérôme', 'VALENTIE', 'CONTROLE', 3461, 301, 'COMPOSITE', 0, ''),
(38, 'MENESES', 'MARIO', 'CHEF', 333, 423, 'COMPOSITE', 0, ''),
(39, 'CABANEL', 'DAVID', 'METHODE', 538, NULL, 'ASSEMBLAGE COMPOSITE', 0, ''),
(40, 'DEYNA', 'JEREMY', 'METHODE', 200633, NULL, 'ASSEMBLAGE COMPOSITE', 0, ''),
(41, 'CRONARD', 'Dewis', 'COMPAGNON', 3466, 456, 'ASSEMBLAGE COMPOSITE', 1, ''),
(42, 'BLASQUEZ', 'Stepan', 'COMPAGNON', 3737, 456, 'ASSEMBLAGE COMPOSITE', 1, ''),
(43, 'BERDOU', 'Benoit', 'COMPAGNON', 3793, 456, 'ASSEMBLAGE COMPOSITE', 1, ''),
(44, 'ALVES', 'Anthony', 'COMPAGNON', 52424, 456, 'ASSEMBLAGE COMPOSITE', 1, ''),
(45, 'BASAIA', 'Mickaël', 'COMPAGNON', 202099, 456, 'ASSEMBLAGE COMPOSITE', 1, ''),
(46, 'AMEIDA', 'Christophe', 'COMPAGNON', 205480, 456, 'ASSEMBLAGE COMPOSITE', 1, ''),
(47, 'TOULOUZET', 'Romain', 'COMPAGNON', 206019, 456, 'ASSEMBLAGE COMPOSITE', 1, ''),
(48, 'LACOSTE', 'Alexandre', 'COMPAGNON', 206503, 456, 'ASSEMBLAGE COMPOSITE', 1, ''),
(49, 'LACRAMPE', 'Jean-François', 'COMPAGNON', 206506, 456, 'ASSEMBLAGE COMPOSITE', 1, ''),
(50, 'DUFFAU', 'Claude', 'COMPAGNON', 3809, 456, 'ASSEMBLAGE COMPOSITE', 1, ''),
(51, 'ARNAUNE', 'Pierre', 'COMPAGNON', 3318, 456, 'ASSEMBLAGE COMPOSITE', 1, ''),
(52, 'SOENEN', 'Flore', 'CONTROLE', 205836, 302, 'ASSEMBLAGE COMPOSITE', 0, '');

--
-- Index pour les tables déchargées
--

--
-- Index pour la table `t_controltool_type`
--
ALTER TABLE `t_controltool_type`
  ADD PRIMARY KEY (`ID`),
  ADD UNIQUE KEY `TYPE` (`TYPE`) USING HASH,
  ADD KEY `SecteurOfTool` (`SECTEUR`);

--
-- Index pour la table `t_ecme`
--
ALTER TABLE `t_ecme`
  ADD PRIMARY KEY (`ID`),
  ADD KEY `idToolType` (`TYPE_ID`);

--
-- Index pour la table `t_kit`
--
ALTER TABLE `t_kit`
  ADD PRIMARY KEY (`ID`),
  ADD KEY `OT` (`OT`),
  ADD KEY `ARTICLE_SAP` (`ARTICLE_SAP`),
  ADD KEY `IdMoulage` (`IdMoulage`);

--
-- Index pour la table `t_manufacturer`
--
ALTER TABLE `t_manufacturer`
  ADD PRIMARY KEY (`ID`),
  ADD UNIQUE KEY `Costumer` (`Costumer`);

--
-- Index pour la table `t_materials`
--
ALTER TABLE `t_materials`
  ADD PRIMARY KEY (`ID`),
  ADD UNIQUE KEY `ARTICLE` (`ARTICLE`),
  ADD KEY `SECTEUR` (`SECTEUR`);

--
-- Index pour la table `t_materials_entry`
--
ALTER TABLE `t_materials_entry`
  ADD PRIMARY KEY (`ID`),
  ADD KEY `ID MATIERE` (`ID MATIERE`);

--
-- Index pour la table `t_materials_register`
--
ALTER TABLE `t_materials_register`
  ADD PRIMARY KEY (`ID`),
  ADD UNIQUE KEY `ID MATERIAL ENTRY` (`ID MATERIAL ENTRY`);

--
-- Index pour la table `t_moulage`
--
ALTER TABLE `t_moulage`
  ADD PRIMARY KEY (`ID`),
  ADD KEY `DATE_DE_CREATION` (`DATE_DE_CREATION`),
  ADD KEY `numOT` (`numOT`),
  ADD KEY `MATRICULE` (`MATRICULE`);

--
-- Index pour la table `t_nom`
--
ALTER TABLE `t_nom`
  ADD PRIMARY KEY (`ID`),
  ADD KEY `ARTICLE` (`ARTICLE`),
  ADD KEY `COMPOSANT` (`COMPOSANT`);

--
-- Index pour la table `t_nom_test`
--
ALTER TABLE `t_nom_test`
  ADD PRIMARY KEY (`ID`),
  ADD KEY `Article` (`Article`),
  ADD KEY `PROGRAMME` (`PROGRAMME`);

--
-- Index pour la table `t_nom_traca`
--
ALTER TABLE `t_nom_traca`
  ADD PRIMARY KEY (`ID`),
  ADD KEY `GROUPE` (`GROUPE`);

--
-- Index pour la table `t_nom_traca_autocontrole`
--
ALTER TABLE `t_nom_traca_autocontrole`
  ADD PRIMARY KEY (`ID`),
  ADD KEY `OUTILLAGE` (`OUTILLAGE`),
  ADD KEY `ROLE` (`ROLE`),
  ADD KEY `ID TRACA` (`ID TRACA`) USING BTREE;

--
-- Index pour la table `t_nom_traca_group`
--
ALTER TABLE `t_nom_traca_group`
  ADD PRIMARY KEY (`ID`),
  ADD KEY `ARTICLE` (`ARTICLE`);

--
-- Index pour la table `t_nom_traca_matiere`
--
ALTER TABLE `t_nom_traca_matiere`
  ADD PRIMARY KEY (`ID`),
  ADD KEY `ARTICLE` (`ARTICLE`),
  ADD KEY `ID TRACA` (`ID TRACA`) USING BTREE;

--
-- Index pour la table `t_nom_traca_of`
--
ALTER TABLE `t_nom_traca_of`
  ADD PRIMARY KEY (`ID`),
  ADD KEY `ARTICLE` (`ARTICLE`),
  ADD KEY `ID TRACA` (`ID TRACA`);

--
-- Index pour la table `t_program`
--
ALTER TABLE `t_program`
  ADD PRIMARY KEY (`ID`),
  ADD UNIQUE KEY `Program_Name` (`Program_Name`),
  ADD KEY `Manufacturer` (`Manufacturer`);

--
-- Index pour la table `t_ref`
--
ALTER TABLE `t_ref`
  ADD PRIMARY KEY (`ID`),
  ADD UNIQUE KEY `numArticleSap` (`numArticleSap`),
  ADD KEY `otMoulage` (`otMoulage`),
  ADD KEY `SECTEUR` (`SECTEUR`);

--
-- Index pour la table `t_role`
--
ALTER TABLE `t_role`
  ADD PRIMARY KEY (`ID`),
  ADD UNIQUE KEY `ROLE` (`ROLE`);

--
-- Index pour la table `t_secteur`
--
ALTER TABLE `t_secteur`
  ADD PRIMARY KEY (`ID`),
  ADD UNIQUE KEY `SECTEUR` (`SECTEUR`),
  ADD KEY `SECTEUR_2` (`SECTEUR`);

--
-- Index pour la table `t_tools`
--
ALTER TABLE `t_tools`
  ADD PRIMARY KEY (`ID`),
  ADD UNIQUE KEY `numOtSap_2` (`numOtSap`),
  ADD KEY `numOtSap` (`numOtSap`),
  ADD KEY `program` (`programId`) USING BTREE;

--
-- Index pour la table `t_traca`
--
ALTER TABLE `t_traca`
  ADD PRIMARY KEY (`ID`),
  ADD KEY `ID FAC` (`ID FAC`),
  ADD KEY `USER` (`USER`);

--
-- Index pour la table `t_traca_assy`
--
ALTER TABLE `t_traca_assy`
  ADD PRIMARY KEY (`ID`),
  ADD UNIQUE KEY `OF FILS` (`OF FILS`),
  ADD KEY `GESTIONNAIRE` (`GESTIONNAIRE`),
  ADD KEY `ARTICLE FILS` (`ARTICLE FILS`),
  ADD KEY `ARTICLE PERE` (`ARTICLE PERE`);

--
-- Index pour la table `t_traca_controle`
--
ALTER TABLE `t_traca_controle`
  ADD PRIMARY KEY (`ID`),
  ADD KEY `OUTIL` (`OUTIL`),
  ADD KEY `idNomControl` (`ID_NOM_CONTROLE`),
  ADD KEY `ID TRACA` (`ID TRACA`) USING BTREE;

--
-- Index pour la table `t_traca_matiere`
--
ALTER TABLE `t_traca_matiere`
  ADD PRIMARY KEY (`ID`),
  ADD KEY `ID TRACA` (`ID TRACA`) USING BTREE,
  ADD KEY `idMatEntry` (`ID MAT ENTRY`);

--
-- Index pour la table `t_traca_of`
--
ALTER TABLE `t_traca_of`
  ADD PRIMARY KEY (`ID`),
  ADD KEY `ID TRACA` (`ID TRACA`),
  ADD KEY `ID_TRACA_OF` (`ID_TRACA_OF`);

--
-- Index pour la table `t_traca_users`
--
ALTER TABLE `t_traca_users`
  ADD PRIMARY KEY (`ID`),
  ADD KEY `ID_TRACA` (`ID_TRACA`),
  ADD KEY `MATRICULE` (`MATRICULE`);

--
-- Index pour la table `t_user`
--
ALTER TABLE `t_user`
  ADD UNIQUE KEY `ID` (`ID`),
  ADD UNIQUE KEY `MATRICULE` (`MATRICULE`),
  ADD KEY `ROLE` (`ROLE`),
  ADD KEY `SECTEUR` (`SECTEUR`);

--
-- AUTO_INCREMENT pour les tables déchargées
--

--
-- AUTO_INCREMENT pour la table `t_controltool_type`
--
ALTER TABLE `t_controltool_type`
  MODIFY `ID` int(11) NOT NULL AUTO_INCREMENT, AUTO_INCREMENT=49;

--
-- AUTO_INCREMENT pour la table `t_ecme`
--
ALTER TABLE `t_ecme`
  MODIFY `ID` int(11) NOT NULL AUTO_INCREMENT, AUTO_INCREMENT=92;

--
-- AUTO_INCREMENT pour la table `t_kit`
--
ALTER TABLE `t_kit`
  MODIFY `ID` int(11) NOT NULL AUTO_INCREMENT, AUTO_INCREMENT=235;

--
-- AUTO_INCREMENT pour la table `t_manufacturer`
--
ALTER TABLE `t_manufacturer`
  MODIFY `ID` int(11) NOT NULL AUTO_INCREMENT, AUTO_INCREMENT=4;

--
-- AUTO_INCREMENT pour la table `t_materials`
--
ALTER TABLE `t_materials`
  MODIFY `ID` int(11) NOT NULL AUTO_INCREMENT, AUTO_INCREMENT=44;

--
-- AUTO_INCREMENT pour la table `t_materials_entry`
--
ALTER TABLE `t_materials_entry`
  MODIFY `ID` int(11) NOT NULL AUTO_INCREMENT, AUTO_INCREMENT=1281;

--
-- AUTO_INCREMENT pour la table `t_materials_register`
--
ALTER TABLE `t_materials_register`
  MODIFY `ID` int(11) NOT NULL AUTO_INCREMENT, AUTO_INCREMENT=17;

--
-- AUTO_INCREMENT pour la table `t_moulage`
--
ALTER TABLE `t_moulage`
  MODIFY `ID` int(11) NOT NULL AUTO_INCREMENT, AUTO_INCREMENT=35;

--
-- AUTO_INCREMENT pour la table `t_nom`
--
ALTER TABLE `t_nom`
  MODIFY `ID` int(11) NOT NULL AUTO_INCREMENT, AUTO_INCREMENT=436;

--
-- AUTO_INCREMENT pour la table `t_nom_test`
--
ALTER TABLE `t_nom_test`
  MODIFY `ID` int(11) NOT NULL AUTO_INCREMENT, AUTO_INCREMENT=1115;

--
-- AUTO_INCREMENT pour la table `t_nom_traca`
--
ALTER TABLE `t_nom_traca`
  MODIFY `ID` int(11) NOT NULL AUTO_INCREMENT, AUTO_INCREMENT=553;

--
-- AUTO_INCREMENT pour la table `t_nom_traca_autocontrole`
--
ALTER TABLE `t_nom_traca_autocontrole`
  MODIFY `ID` int(11) NOT NULL AUTO_INCREMENT, AUTO_INCREMENT=203;

--
-- AUTO_INCREMENT pour la table `t_nom_traca_group`
--
ALTER TABLE `t_nom_traca_group`
  MODIFY `ID` int(11) NOT NULL AUTO_INCREMENT, AUTO_INCREMENT=230;

--
-- AUTO_INCREMENT pour la table `t_nom_traca_matiere`
--
ALTER TABLE `t_nom_traca_matiere`
  MODIFY `ID` int(11) NOT NULL AUTO_INCREMENT, AUTO_INCREMENT=137;

--
-- AUTO_INCREMENT pour la table `t_nom_traca_of`
--
ALTER TABLE `t_nom_traca_of`
  MODIFY `ID` int(11) NOT NULL AUTO_INCREMENT, AUTO_INCREMENT=161;

--
-- AUTO_INCREMENT pour la table `t_program`
--
ALTER TABLE `t_program`
  MODIFY `ID` int(11) NOT NULL AUTO_INCREMENT, AUTO_INCREMENT=8;

--
-- AUTO_INCREMENT pour la table `t_ref`
--
ALTER TABLE `t_ref`
  MODIFY `ID` int(11) NOT NULL AUTO_INCREMENT, AUTO_INCREMENT=592;

--
-- AUTO_INCREMENT pour la table `t_role`
--
ALTER TABLE `t_role`
  MODIFY `ID` int(11) NOT NULL AUTO_INCREMENT, AUTO_INCREMENT=7;

--
-- AUTO_INCREMENT pour la table `t_secteur`
--
ALTER TABLE `t_secteur`
  MODIFY `ID` int(11) NOT NULL AUTO_INCREMENT, AUTO_INCREMENT=9;

--
-- AUTO_INCREMENT pour la table `t_tools`
--
ALTER TABLE `t_tools`
  MODIFY `ID` smallint(6) NOT NULL AUTO_INCREMENT, AUTO_INCREMENT=16;

--
-- AUTO_INCREMENT pour la table `t_traca`
--
ALTER TABLE `t_traca`
  MODIFY `ID` int(11) NOT NULL AUTO_INCREMENT, AUTO_INCREMENT=250;

--
-- AUTO_INCREMENT pour la table `t_traca_assy`
--
ALTER TABLE `t_traca_assy`
  MODIFY `ID` int(11) NOT NULL AUTO_INCREMENT, AUTO_INCREMENT=88;

--
-- AUTO_INCREMENT pour la table `t_traca_controle`
--
ALTER TABLE `t_traca_controle`
  MODIFY `ID` int(11) NOT NULL AUTO_INCREMENT, AUTO_INCREMENT=117;

--
-- AUTO_INCREMENT pour la table `t_traca_matiere`
--
ALTER TABLE `t_traca_matiere`
  MODIFY `ID` int(11) NOT NULL AUTO_INCREMENT, AUTO_INCREMENT=21;

--
-- AUTO_INCREMENT pour la table `t_traca_of`
--
ALTER TABLE `t_traca_of`
  MODIFY `ID` int(11) NOT NULL AUTO_INCREMENT, AUTO_INCREMENT=278;

--
-- AUTO_INCREMENT pour la table `t_traca_users`
--
ALTER TABLE `t_traca_users`
  MODIFY `ID` int(11) NOT NULL AUTO_INCREMENT, AUTO_INCREMENT=19;

--
-- AUTO_INCREMENT pour la table `t_user`
--
ALTER TABLE `t_user`
  MODIFY `ID` int(11) NOT NULL AUTO_INCREMENT, AUTO_INCREMENT=53;

--
-- Contraintes pour les tables déchargées
--

--
-- Contraintes pour la table `t_controltool_type`
--
ALTER TABLE `t_controltool_type`
  ADD CONSTRAINT `SecteurOfTool` FOREIGN KEY (`SECTEUR`) REFERENCES `t_secteur` (`ID`);

--
-- Contraintes pour la table `t_ecme`
--
ALTER TABLE `t_ecme`
  ADD CONSTRAINT `idToolType` FOREIGN KEY (`TYPE_ID`) REFERENCES `t_controltool_type` (`ID`);

--
-- Contraintes pour la table `t_kit`
--
ALTER TABLE `t_kit`
  ADD CONSTRAINT `Ref` FOREIGN KEY (`ARTICLE_SAP`) REFERENCES `t_ref` (`numArticleSap`),
  ADD CONSTRAINT `t_kit_ibfk_1` FOREIGN KEY (`IdMoulage`) REFERENCES `t_moulage` (`ID`);

--
-- Contraintes pour la table `t_materials_entry`
--
ALTER TABLE `t_materials_entry`
  ADD CONSTRAINT `idMatierials` FOREIGN KEY (`ID MATIERE`) REFERENCES `t_materials` (`ID`);

--
-- Contraintes pour la table `t_materials_register`
--
ALTER TABLE `t_materials_register`
  ADD CONSTRAINT `idMaterialsEntry` FOREIGN KEY (`ID MATERIAL ENTRY`) REFERENCES `t_materials_entry` (`ID`);

--
-- Contraintes pour la table `t_moulage`
--
ALTER TABLE `t_moulage`
  ADD CONSTRAINT `t_moulage_ibfk_1` FOREIGN KEY (`numOT`) REFERENCES `t_tools` (`numOtSap`),
  ADD CONSTRAINT `t_moulage_ibfk_2` FOREIGN KEY (`MATRICULE`) REFERENCES `t_user` (`MATRICULE`);

--
-- Contraintes pour la table `t_nom`
--
ALTER TABLE `t_nom`
  ADD CONSTRAINT `Reference SAP 2` FOREIGN KEY (`COMPOSANT`) REFERENCES `t_ref` (`numArticleSap`),
  ADD CONSTRAINT `t_nom_ibfk_1` FOREIGN KEY (`ARTICLE`) REFERENCES `t_ref` (`numArticleSap`);

--
-- Contraintes pour la table `t_nom_test`
--
ALTER TABLE `t_nom_test`
  ADD CONSTRAINT `programNom` FOREIGN KEY (`PROGRAMME`) REFERENCES `t_program` (`ID`);

--
-- Contraintes pour la table `t_nom_traca_autocontrole`
--
ALTER TABLE `t_nom_traca_autocontrole`
  ADD CONSTRAINT `IDdeTRACA` FOREIGN KEY (`ID TRACA`) REFERENCES `t_nom_traca` (`ID`),
  ADD CONSTRAINT `controlUserRestriction` FOREIGN KEY (`ROLE`) REFERENCES `t_role` (`ID`);

--
-- Contraintes pour la table `t_nom_traca_group`
--
ALTER TABLE `t_nom_traca_group`
  ADD CONSTRAINT `ARTICLE` FOREIGN KEY (`ARTICLE`) REFERENCES `t_ref` (`numArticleSap`);

--
-- Contraintes pour la table `t_nom_traca_matiere`
--
ALTER TABLE `t_nom_traca_matiere`
  ADD CONSTRAINT `articleMatiere` FOREIGN KEY (`ARTICLE`) REFERENCES `t_materials` (`ID`),
  ADD CONSTRAINT `t_nom_traca_matiere_ibfk_1` FOREIGN KEY (`ID TRACA`) REFERENCES `t_nom_traca` (`ID`);

--
-- Contraintes pour la table `t_nom_traca_of`
--
ALTER TABLE `t_nom_traca_of`
  ADD CONSTRAINT `ArticleOf` FOREIGN KEY (`ARTICLE`) REFERENCES `t_nom_test` (`Article`),
  ADD CONSTRAINT `IdOf` FOREIGN KEY (`ID TRACA`) REFERENCES `t_nom_traca` (`ID`);

--
-- Contraintes pour la table `t_program`
--
ALTER TABLE `t_program`
  ADD CONSTRAINT `Costumer` FOREIGN KEY (`Manufacturer`) REFERENCES `t_manufacturer` (`Costumer`);

--
-- Contraintes pour la table `t_ref`
--
ALTER TABLE `t_ref`
  ADD CONSTRAINT `Secteur2` FOREIGN KEY (`SECTEUR`) REFERENCES `t_secteur` (`SECTEUR`);

--
-- Contraintes pour la table `t_tools`
--
ALTER TABLE `t_tools`
  ADD CONSTRAINT `aircraftProgram` FOREIGN KEY (`programId`) REFERENCES `t_program` (`ID`);

--
-- Contraintes pour la table `t_traca`
--
ALTER TABLE `t_traca`
  ADD CONSTRAINT `ID FAC` FOREIGN KEY (`ID FAC`) REFERENCES `t_nom_traca` (`ID`),
  ADD CONSTRAINT `USER` FOREIGN KEY (`USER`) REFERENCES `t_user` (`MATRICULE`);

--
-- Contraintes pour la table `t_traca_assy`
--
ALTER TABLE `t_traca_assy`
  ADD CONSTRAINT `ArticleSapFils` FOREIGN KEY (`ARTICLE FILS`) REFERENCES `t_nom_test` (`Article`),
  ADD CONSTRAINT `ArticleSapPere` FOREIGN KEY (`ARTICLE PERE`) REFERENCES `t_nom_test` (`Article`),
  ADD CONSTRAINT `Gestionnaire` FOREIGN KEY (`GESTIONNAIRE`) REFERENCES `t_user` (`MATRICULE`);

--
-- Contraintes pour la table `t_traca_controle`
--
ALTER TABLE `t_traca_controle`
  ADD CONSTRAINT `controlToolUsed` FOREIGN KEY (`OUTIL`) REFERENCES `t_ecme` (`ID`),
  ADD CONSTRAINT `idNomControl` FOREIGN KEY (`ID_NOM_CONTROLE`) REFERENCES `t_nom_traca_autocontrole` (`ID`),
  ADD CONSTRAINT `idTraca` FOREIGN KEY (`ID TRACA`) REFERENCES `t_traca` (`ID`);

--
-- Contraintes pour la table `t_traca_matiere`
--
ALTER TABLE `t_traca_matiere`
  ADD CONSTRAINT `ID_TRACA` FOREIGN KEY (`ID TRACA`) REFERENCES `t_traca` (`ID`),
  ADD CONSTRAINT `idMatEntry` FOREIGN KEY (`ID MAT ENTRY`) REFERENCES `t_materials_entry` (`ID`);

--
-- Contraintes pour la table `t_traca_of`
--
ALTER TABLE `t_traca_of`
  ADD CONSTRAINT `idTraca2` FOREIGN KEY (`ID TRACA`) REFERENCES `t_traca` (`ID`),
  ADD CONSTRAINT `idTracaOf` FOREIGN KEY (`ID_TRACA_OF`) REFERENCES `t_nom_traca_of` (`ID`);

--
-- Contraintes pour la table `t_traca_users`
--
ALTER TABLE `t_traca_users`
  ADD CONSTRAINT `idTracaUser` FOREIGN KEY (`ID_TRACA`) REFERENCES `t_traca` (`ID`),
  ADD CONSTRAINT `matricule` FOREIGN KEY (`MATRICULE`) REFERENCES `t_user` (`MATRICULE`);

--
-- Contraintes pour la table `t_user`
--
ALTER TABLE `t_user`
  ADD CONSTRAINT `Secteur` FOREIGN KEY (`SECTEUR`) REFERENCES `t_secteur` (`SECTEUR`);
COMMIT;

/*!40101 SET CHARACTER_SET_CLIENT=@OLD_CHARACTER_SET_CLIENT */;
/*!40101 SET CHARACTER_SET_RESULTS=@OLD_CHARACTER_SET_RESULTS */;
/*!40101 SET COLLATION_CONNECTION=@OLD_COLLATION_CONNECTION */;
